cluster_id,algorithm,suggested_name,manual_name,cluster_quality,route_policy,notes
lab-cluster-190,bm25_token_overlap_baseline,review_signal_or_discussion_tech_signal,,,,
lab-cluster-284,bm25_token_overlap_baseline,review_signal_or_discussion_tech_signal,,,,
lab-cluster-183,bm25_token_overlap_baseline,review_signal_or_discussion_outage_status,,,,
lab-cluster-20,bm25_token_overlap_baseline,review_signal_or_discussion_tech_signal,,,,
lab-cluster-62,bm25_token_overlap_baseline,review_signal_or_discussion_tech_signal,,,,
lab-cluster-39,bm25_token_overlap_baseline,needs_link_enrichment_social_media_link,,,,
lab-cluster-107,bm25_token_overlap_baseline,review_signal_or_discussion_tech_signal,,,,
lab-cluster-120,bm25_token_overlap_baseline,review_signal_or_discussion_tech_signal,,,,
lab-cluster-63,bm25_token_overlap_baseline,review_signal_or_discussion_outage_status,,,,
lab-cluster-25,bm25_token_overlap_baseline,retain_context_only_career_job_post,,,,
lab-cluster-196,bm25_token_overlap_baseline,review_signal_or_discussion_potential_discussion_signal,,,,
lab-cluster-103,bm25_token_overlap_baseline,review_signal_or_discussion_digest_news,,,,
lab-cluster-112,bm25_token_overlap_baseline,review_signal_or_discussion_tech_signal,,,,
lab-cluster-150,bm25_token_overlap_baseline,review_signal_or_discussion_tech_signal,,,,
lab-cluster-169,bm25_token_overlap_baseline,review_signal_or_discussion_tech_signal,,,,
lab-cluster-21,bm25_token_overlap_baseline,review_signal_or_discussion_tech_signal,,,,
lab-cluster-214,bm25_token_overlap_baseline,review_signal_or_discussion_tech_signal,,,,
lab-cluster-239,bm25_token_overlap_baseline,review_signal_or_discussion_tech_signal,,,,
lab-cluster-30,bm25_token_overlap_baseline,review_signal_or_discussion_tech_signal,,,,
lab-cluster-337,bm25_token_overlap_baseline,review_signal_or_discussion_tech_signal,,,,
lab-cluster-53,bm25_token_overlap_baseline,review_signal_or_discussion_tech_signal,,,,
lab-cluster-89,bm25_token_overlap_baseline,review_signal_or_discussion_tech_signal,,,,
lab-cluster-74,bm25_token_overlap_baseline,needs_link_enrichment_internal_telegram_link,,,,
lab-cluster-73,bm25_token_overlap_baseline,needs_link_enrichment_social_media_link,,,,
lab-cluster-16,bm25_token_overlap_baseline,retain_context_only_event_announcement,,,,
lab-cluster-67,bm25_token_overlap_baseline,retain_context_only_model_rumor_or_pricing_claim,,,,
lab-cluster-78,bm25_token_overlap_baseline,retain_context_only_career_job_post,,,,
lab-cluster-69,bm25_token_overlap_baseline,needs_link_enrichment_social_media_link,,,,
lab-cluster-77,bm25_token_overlap_baseline,needs_link_enrichment_link_share,,,,
lab-cluster-108,bm25_token_overlap_baseline,retain_context_only_career_job_post,,,,
lab-cluster-100,bm25_token_overlap_baseline,review_signal_or_discussion_digest_news,,,,
lab-cluster-105,bm25_token_overlap_baseline,review_signal_or_discussion_tech_signal,,,,
lab-cluster-123,bm25_token_overlap_baseline,review_signal_or_discussion_digest_news,,,,
lab-cluster-127,bm25_token_overlap_baseline,review_signal_or_discussion_tech_signal,,,,
lab-cluster-129,bm25_token_overlap_baseline,review_signal_or_discussion_tech_signal,,,,
lab-cluster-13,bm25_token_overlap_baseline,review_signal_or_discussion_tech_signal,,,,
lab-cluster-130,bm25_token_overlap_baseline,review_signal_or_discussion_tech_signal,,,,
lab-cluster-140,bm25_token_overlap_baseline,review_signal_or_discussion_tech_signal,,,,
lab-cluster-146,bm25_token_overlap_baseline,review_signal_or_discussion_tech_signal,,,,
lab-cluster-152,bm25_token_overlap_baseline,review_signal_or_discussion_tech_signal,,,,
lab-cluster-157,bm25_token_overlap_baseline,review_signal_or_discussion_digest_news,,,,
lab-cluster-164,bm25_token_overlap_baseline,review_signal_or_discussion_tech_signal,,,,
lab-cluster-17,bm25_token_overlap_baseline,review_signal_or_discussion_tech_signal,,,,
lab-cluster-171,bm25_token_overlap_baseline,review_signal_or_discussion_tech_signal,,,,
lab-cluster-173,bm25_token_overlap_baseline,review_signal_or_discussion_tech_signal,,,,
lab-cluster-176,bm25_token_overlap_baseline,review_signal_or_discussion_tech_signal,,,,
lab-cluster-177,bm25_token_overlap_baseline,review_signal_or_discussion_tech_signal,,,,
lab-cluster-178,bm25_token_overlap_baseline,review_signal_or_discussion_tech_signal,,,,
lab-cluster-182,bm25_token_overlap_baseline,review_signal_or_discussion_outage_status,,,,
lab-cluster-184,bm25_token_overlap_baseline,review_signal_or_discussion_outage_status,,,,
lab-cluster-186,bm25_token_overlap_baseline,review_signal_or_discussion_outage_status,,,,
lab-cluster-188,bm25_token_overlap_baseline,review_signal_or_discussion_tech_signal,,,,
lab-cluster-191,bm25_token_overlap_baseline,review_signal_or_discussion_outage_status,,,,
lab-cluster-200,bm25_token_overlap_baseline,review_signal_or_discussion_tech_signal,,,,
lab-cluster-201,bm25_token_overlap_baseline,review_signal_or_discussion_tech_signal,,,,
lab-cluster-218,bm25_token_overlap_baseline,review_signal_or_discussion_tech_signal,,,,
lab-cluster-22,bm25_token_overlap_baseline,review_signal_or_discussion_tech_signal,,,,
lab-cluster-225,bm25_token_overlap_baseline,review_signal_or_discussion_tech_signal,,,,
lab-cluster-226,bm25_token_overlap_baseline,review_signal_or_discussion_tech_signal,,,,
lab-cluster-227,bm25_token_overlap_baseline,review_signal_or_discussion_tech_signal,,,,
lab-cluster-231,bm25_token_overlap_baseline,review_signal_or_discussion_outage_status,,,,
lab-cluster-232,bm25_token_overlap_baseline,review_signal_or_discussion_tech_signal,,,,
lab-cluster-234,bm25_token_overlap_baseline,review_signal_or_discussion_tech_signal,,,,
lab-cluster-247,bm25_token_overlap_baseline,review_signal_or_discussion_outage_status,,,,
lab-cluster-249,bm25_token_overlap_baseline,review_signal_or_discussion_outage_status,,,,
lab-cluster-271,bm25_token_overlap_baseline,review_signal_or_discussion_tech_signal,,,,
lab-cluster-273,bm25_token_overlap_baseline,review_signal_or_discussion_tech_signal,,,,
lab-cluster-282,bm25_token_overlap_baseline,review_signal_or_discussion_tech_signal,,,,
lab-cluster-305,bm25_token_overlap_baseline,review_signal_or_discussion_tech_signal,,,,
lab-cluster-311,bm25_token_overlap_baseline,review_signal_or_discussion_tech_signal,,,,
lab-cluster-314,bm25_token_overlap_baseline,review_signal_or_discussion_outage_status,,,,
lab-cluster-322,bm25_token_overlap_baseline,review_signal_or_discussion_tech_signal,,,,
lab-cluster-323,bm25_token_overlap_baseline,review_signal_or_discussion_tech_signal,,,,
lab-cluster-338,bm25_token_overlap_baseline,review_signal_or_discussion_outage_status,,,,
lab-cluster-341,bm25_token_overlap_baseline,review_signal_or_discussion_tech_signal,,,,
lab-cluster-346,bm25_token_overlap_baseline,review_signal_or_discussion_tech_signal,,,,
lab-cluster-350,bm25_token_overlap_baseline,review_signal_or_discussion_tech_signal,,,,
lab-cluster-353,bm25_token_overlap_baseline,review_signal_or_discussion_tech_signal,,,,
lab-cluster-354,bm25_token_overlap_baseline,review_signal_or_discussion_outage_status,,,,
lab-cluster-357,bm25_token_overlap_baseline,review_signal_or_discussion_outage_status,,,,
lab-cluster-37,bm25_token_overlap_baseline,review_signal_or_discussion_tech_signal,,,,
lab-cluster-5,bm25_token_overlap_baseline,review_signal_or_discussion_tech_signal,,,,
lab-cluster-52,bm25_token_overlap_baseline,review_signal_or_discussion_tech_signal,,,,
lab-cluster-56,bm25_token_overlap_baseline,review_signal_or_discussion_digest_news,,,,
lab-cluster-57,bm25_token_overlap_baseline,review_signal_or_discussion_digest_news,,,,
lab-cluster-88,bm25_token_overlap_baseline,review_signal_or_discussion_tech_signal,,,,
lab-cluster-90,bm25_token_overlap_baseline,review_signal_or_discussion_tech_signal,,,,
lab-cluster-94,bm25_token_overlap_baseline,review_signal_or_discussion_tech_signal,,,,
lab-cluster-95,bm25_token_overlap_baseline,review_signal_or_discussion_tech_signal,,,,
lab-cluster-26,bm25_token_overlap_baseline,retain_context_only_career_job_post,,,,
lab-cluster-115,bm25_token_overlap_baseline,needs_link_enrichment_social_media_link,,,,
lab-cluster-122,bm25_token_overlap_baseline,needs_link_enrichment_link_share,,,,
lab-cluster-134,bm25_token_overlap_baseline,needs_link_enrichment_link_share,,,,
lab-cluster-213,bm25_token_overlap_baseline,needs_link_enrichment_link_share,,,,
lab-cluster-269,bm25_token_overlap_baseline,needs_link_enrichment_internal_telegram_link,,,,
lab-cluster-27,bm25_token_overlap_baseline,needs_link_enrichment_link_share,,,,
lab-cluster-310,bm25_token_overlap_baseline,needs_link_enrichment_internal_telegram_link,,,,
lab-cluster-65,bm25_token_overlap_baseline,needs_link_enrichment_internal_telegram_link,,,,
lab-cluster-141,bm25_token_overlap_baseline,retain_context_only_career_job_post,,,,
lab-cluster-32,bm25_token_overlap_baseline,retain_context_only_model_rumor_or_pricing_claim,,,,
lab-cluster-35,bm25_token_overlap_baseline,retain_context_only_model_rumor_or_pricing_claim,,,,
lab-cluster-99,bm25_token_overlap_baseline,retain_context_only_weak_signal,,,,
lab-cluster-10,bm25_token_overlap_baseline,needs_link_enrichment_social_media_link,,,,
lab-cluster-104,bm25_token_overlap_baseline,needs_link_enrichment_internal_telegram_link,,,,
lab-cluster-106,bm25_token_overlap_baseline,needs_link_enrichment_link_share,,,,
lab-cluster-109,bm25_token_overlap_baseline,needs_link_enrichment_social_media_link,,,,
lab-cluster-11,bm25_token_overlap_baseline,needs_link_enrichment_social_media_link,,,,
lab-cluster-113,bm25_token_overlap_baseline,needs_link_enrichment_social_media_link,,,,
lab-cluster-12,bm25_token_overlap_baseline,needs_link_enrichment_social_media_link,,,,
lab-cluster-128,bm25_token_overlap_baseline,needs_link_enrichment_link_share,,,,
lab-cluster-136,bm25_token_overlap_baseline,needs_link_enrichment_internal_telegram_link,,,,
lab-cluster-137,bm25_token_overlap_baseline,needs_link_enrichment_social_media_link,,,,
lab-cluster-14,bm25_token_overlap_baseline,needs_link_enrichment_social_media_link,,,,
lab-cluster-142,bm25_token_overlap_baseline,needs_link_enrichment_link_share,,,,
lab-cluster-143,bm25_token_overlap_baseline,needs_link_enrichment_internal_telegram_link,,,,
lab-cluster-145,bm25_token_overlap_baseline,needs_link_enrichment_link_share,,,,
lab-cluster-147,bm25_token_overlap_baseline,needs_link_enrichment_internal_telegram_link,,,,
lab-cluster-148,bm25_token_overlap_baseline,needs_link_enrichment_link_share,,,,
lab-cluster-15,bm25_token_overlap_baseline,needs_link_enrichment_resource_link,,,,
lab-cluster-151,bm25_token_overlap_baseline,needs_link_enrichment_internal_telegram_link,,,,
lab-cluster-154,bm25_token_overlap_baseline,needs_link_enrichment_resource_link,,,,
lab-cluster-165,bm25_token_overlap_baseline,needs_link_enrichment_link_share,,,,
lab-cluster-166,bm25_token_overlap_baseline,needs_link_enrichment_link_share,,,,
lab-cluster-167,bm25_token_overlap_baseline,needs_link_enrichment_link_share,,,,
lab-cluster-175,bm25_token_overlap_baseline,needs_link_enrichment_link_share,,,,
lab-cluster-180,bm25_token_overlap_baseline,needs_link_enrichment_resource_link,,,,
lab-cluster-181,bm25_token_overlap_baseline,needs_link_enrichment_social_media_link,,,,
lab-cluster-187,bm25_token_overlap_baseline,needs_link_enrichment_resource_link,,,,
lab-cluster-211,bm25_token_overlap_baseline,needs_link_enrichment_link_share,,,,
lab-cluster-215,bm25_token_overlap_baseline,needs_link_enrichment_social_media_link,,,,
lab-cluster-24,bm25_token_overlap_baseline,needs_link_enrichment_link_share,,,,
lab-cluster-241,bm25_token_overlap_baseline,needs_link_enrichment_link_share,,,,
lab-cluster-245,bm25_token_overlap_baseline,needs_link_enrichment_link_share,,,,
lab-cluster-246,bm25_token_overlap_baseline,needs_link_enrichment_link_share,,,,
lab-cluster-248,bm25_token_overlap_baseline,needs_link_enrichment_internal_telegram_link,,,,
lab-cluster-250,bm25_token_overlap_baseline,needs_link_enrichment_link_share,,,,
lab-cluster-251,bm25_token_overlap_baseline,needs_link_enrichment_internal_telegram_link,,,,
lab-cluster-252,bm25_token_overlap_baseline,needs_link_enrichment_internal_telegram_link,,,,
lab-cluster-253,bm25_token_overlap_baseline,needs_link_enrichment_link_share,,,,
lab-cluster-254,bm25_token_overlap_baseline,needs_link_enrichment_internal_telegram_link,,,,
lab-cluster-255,bm25_token_overlap_baseline,needs_link_enrichment_internal_telegram_link,,,,
lab-cluster-256,bm25_token_overlap_baseline,needs_link_enrichment_internal_telegram_link,,,,
lab-cluster-257,bm25_token_overlap_baseline,needs_link_enrichment_resource_link,,,,
lab-cluster-263,bm25_token_overlap_baseline,needs_link_enrichment_internal_telegram_link,,,,
lab-cluster-264,bm25_token_overlap_baseline,needs_link_enrichment_internal_telegram_link,,,,
lab-cluster-272,bm25_token_overlap_baseline,needs_link_enrichment_link_share,,,,
lab-cluster-276,bm25_token_overlap_baseline,needs_link_enrichment_link_share,,,,
lab-cluster-278,bm25_token_overlap_baseline,needs_link_enrichment_internal_telegram_link,,,,
lab-cluster-279,bm25_token_overlap_baseline,needs_link_enrichment_social_media_link,,,,
lab-cluster-28,bm25_token_overlap_baseline,needs_link_enrichment_social_media_link,,,,
lab-cluster-283,bm25_token_overlap_baseline,needs_link_enrichment_link_share,,,,
lab-cluster-291,bm25_token_overlap_baseline,needs_link_enrichment_link_share,,,,
lab-cluster-297,bm25_token_overlap_baseline,needs_link_enrichment_social_media_link,,,,
lab-cluster-306,bm25_token_overlap_baseline,needs_link_enrichment_internal_telegram_link,,,,
lab-cluster-307,bm25_token_overlap_baseline,needs_link_enrichment_internal_telegram_link,,,,
lab-cluster-315,bm25_token_overlap_baseline,needs_link_enrichment_link_share,,,,
lab-cluster-329,bm25_token_overlap_baseline,needs_link_enrichment_link_share,,,,
lab-cluster-339,bm25_token_overlap_baseline,needs_link_enrichment_link_share,,,,
lab-cluster-34,bm25_token_overlap_baseline,needs_link_enrichment_internal_telegram_link,,,,
lab-cluster-345,bm25_token_overlap_baseline,needs_link_enrichment_link_share,,,,
lab-cluster-351,bm25_token_overlap_baseline,needs_link_enrichment_internal_telegram_link,,,,
lab-cluster-352,bm25_token_overlap_baseline,needs_link_enrichment_internal_telegram_link,,,,
lab-cluster-355,bm25_token_overlap_baseline,needs_link_enrichment_internal_telegram_link,,,,
lab-cluster-356,bm25_token_overlap_baseline,needs_link_enrichment_internal_telegram_link,,,,
lab-cluster-358,bm25_token_overlap_baseline,needs_link_enrichment_internal_telegram_link,,,,
lab-cluster-36,bm25_token_overlap_baseline,needs_link_enrichment_social_media_link,,,,
lab-cluster-4,bm25_token_overlap_baseline,needs_link_enrichment_social_media_link,,,,
lab-cluster-40,bm25_token_overlap_baseline,needs_link_enrichment_social_media_link,,,,
lab-cluster-43,bm25_token_overlap_baseline,needs_link_enrichment_social_media_link,,,,
lab-cluster-46,bm25_token_overlap_baseline,needs_link_enrichment_internal_telegram_link,,,,
lab-cluster-47,bm25_token_overlap_baseline,needs_link_enrichment_social_media_link,,,,
lab-cluster-58,bm25_token_overlap_baseline,needs_link_enrichment_internal_telegram_link,,,,
lab-cluster-60,bm25_token_overlap_baseline,needs_link_enrichment_link_share,,,,
lab-cluster-61,bm25_token_overlap_baseline,needs_link_enrichment_resource_link,,,,
lab-cluster-68,bm25_token_overlap_baseline,needs_link_enrichment_social_media_link,,,,
lab-cluster-70,bm25_token_overlap_baseline,needs_link_enrichment_resource_link,,,,
lab-cluster-8,bm25_token_overlap_baseline,needs_link_enrichment_social_media_link,,,,
lab-cluster-80,bm25_token_overlap_baseline,needs_link_enrichment_social_media_link,,,,
lab-cluster-81,bm25_token_overlap_baseline,needs_link_enrichment_link_share,,,,
lab-cluster-82,bm25_token_overlap_baseline,needs_link_enrichment_internal_telegram_link,,,,
lab-cluster-83,bm25_token_overlap_baseline,needs_link_enrichment_link_share,,,,
lab-cluster-87,bm25_token_overlap_baseline,needs_link_enrichment_social_media_link,,,,
lab-cluster-91,bm25_token_overlap_baseline,needs_link_enrichment_link_share,,,,
lab-cluster-93,bm25_token_overlap_baseline,needs_link_enrichment_resource_link,,,,
lab-cluster-155,bm25_token_overlap_baseline,retain_context_only_model_rumor_or_pricing_claim,,,,
lab-cluster-229,bm25_token_overlap_baseline,retain_context_only_weak_signal,,,,
lab-cluster-275,bm25_token_overlap_baseline,retain_context_only_model_rumor_or_pricing_claim,,,,
lab-cluster-292,bm25_token_overlap_baseline,retain_context_only_career_job_post,,,,
lab-cluster-295,bm25_token_overlap_baseline,retain_context_only_career_job_post,,,,
lab-cluster-321,bm25_token_overlap_baseline,retain_context_only_model_rumor_or_pricing_claim,,,,
lab-cluster-101,bm25_token_overlap_baseline,retain_context_only_weak_signal,,,,
lab-cluster-138,bm25_token_overlap_baseline,retain_context_only_model_rumor_or_pricing_claim,,,,
lab-cluster-139,bm25_token_overlap_baseline,retain_context_only_weak_signal,,,,
lab-cluster-220,bm25_token_overlap_baseline,retain_context_only_model_rumor_or_pricing_claim,,,,
lab-cluster-238,bm25_token_overlap_baseline,retain_context_only_weak_signal,,,,
lab-cluster-280,bm25_token_overlap_baseline,retain_context_only_career_job_post,,,,
lab-cluster-294,bm25_token_overlap_baseline,retain_context_only_model_rumor_or_pricing_claim,,,,
lab-cluster-301,bm25_token_overlap_baseline,retain_context_only_weak_signal,,,,
lab-cluster-317,bm25_token_overlap_baseline,retain_context_only_career_job_post,,,,
lab-cluster-1,bm25_token_overlap_baseline,retain_context_only_career_job_post,,,,
lab-cluster-116,bm25_token_overlap_baseline,retain_context_only_weak_signal,,,,
lab-cluster-117,bm25_token_overlap_baseline,retain_context_only_career_job_post,,,,
lab-cluster-118,bm25_token_overlap_baseline,retain_context_only_career_job_post,,,,
lab-cluster-119,bm25_token_overlap_baseline,retain_context_only_career_job_post,,,,
lab-cluster-121,bm25_token_overlap_baseline,retain_context_only_weak_signal,,,,
lab-cluster-125,bm25_token_overlap_baseline,retain_context_only_weak_signal,,,,
lab-cluster-126,bm25_token_overlap_baseline,retain_context_only_career_job_post,,,,
lab-cluster-133,bm25_token_overlap_baseline,retain_context_only_model_rumor_or_pricing_claim,,,,
lab-cluster-144,bm25_token_overlap_baseline,retain_context_only_model_rumor_or_pricing_claim,,,,
lab-cluster-156,bm25_token_overlap_baseline,retain_context_only_career_job_post,,,,
lab-cluster-158,bm25_token_overlap_baseline,retain_context_only_model_rumor_or_pricing_claim,,,,
lab-cluster-159,bm25_token_overlap_baseline,retain_context_only_model_rumor_or_pricing_claim,,,,
lab-cluster-160,bm25_token_overlap_baseline,retain_context_only_model_rumor_or_pricing_claim,,,,
lab-cluster-161,bm25_token_overlap_baseline,retain_context_only_model_rumor_or_pricing_claim,,,,
lab-cluster-162,bm25_token_overlap_baseline,retain_context_only_model_rumor_or_pricing_claim,,,,
lab-cluster-163,bm25_token_overlap_baseline,retain_context_only_model_rumor_or_pricing_claim,,,,
lab-cluster-168,bm25_token_overlap_baseline,retain_context_only_career_job_post,,,,
lab-cluster-170,bm25_token_overlap_baseline,retain_context_only_model_rumor_or_pricing_claim,,,,
lab-cluster-172,bm25_token_overlap_baseline,retain_context_only_weak_signal,,,,
lab-cluster-179,bm25_token_overlap_baseline,retain_context_only_career_job_post,,,,
lab-cluster-18,bm25_token_overlap_baseline,retain_context_only_weak_signal,,,,
lab-cluster-192,bm25_token_overlap_baseline,retain_context_only_model_rumor_or_pricing_claim,,,,
lab-cluster-193,bm25_token_overlap_baseline,retain_context_only_weak_signal,,,,
lab-cluster-198,bm25_token_overlap_baseline,retain_context_only_model_rumor_or_pricing_claim,,,,
lab-cluster-199,bm25_token_overlap_baseline,retain_context_only_model_rumor_or_pricing_claim,,,,
lab-cluster-202,bm25_token_overlap_baseline,retain_context_only_weak_signal,,,,
lab-cluster-208,bm25_token_overlap_baseline,retain_context_only_weak_signal,,,,
lab-cluster-209,bm25_token_overlap_baseline,retain_context_only_model_rumor_or_pricing_claim,,,,
lab-cluster-230,bm25_token_overlap_baseline,retain_context_only_model_rumor_or_pricing_claim,,,,
lab-cluster-236,bm25_token_overlap_baseline,retain_context_only_model_rumor_or_pricing_claim,,,,
lab-cluster-237,bm25_token_overlap_baseline,retain_context_only_model_rumor_or_pricing_claim,,,,
lab-cluster-240,bm25_token_overlap_baseline,retain_context_only_weak_signal,,,,
lab-cluster-242,bm25_token_overlap_baseline,retain_context_only_weak_signal,,,,
lab-cluster-244,bm25_token_overlap_baseline,retain_context_only_event_announcement,,,,
lab-cluster-261,bm25_token_overlap_baseline,retain_context_only_model_rumor_or_pricing_claim,,,,
lab-cluster-262,bm25_token_overlap_baseline,retain_context_only_weak_signal,,,,
lab-cluster-265,bm25_token_overlap_baseline,retain_context_only_model_rumor_or_pricing_claim,,,,
lab-cluster-266,bm25_token_overlap_baseline,retain_context_only_weak_signal,,,,
lab-cluster-268,bm25_token_overlap_baseline,retain_context_only_career_job_post,,,,
lab-cluster-274,bm25_token_overlap_baseline,retain_context_only_career_job_post,,,,
lab-cluster-277,bm25_token_overlap_baseline,retain_context_only_model_rumor_or_pricing_claim,,,,
lab-cluster-281,bm25_token_overlap_baseline,retain_context_only_weak_signal,,,,
lab-cluster-287,bm25_token_overlap_baseline,retain_context_only_career_job_post,,,,
lab-cluster-288,bm25_token_overlap_baseline,retain_context_only_career_job_post,,,,
lab-cluster-289,bm25_token_overlap_baseline,retain_context_only_career_job_post,,,,
lab-cluster-293,bm25_token_overlap_baseline,retain_context_only_model_rumor_or_pricing_claim,,,,
lab-cluster-296,bm25_token_overlap_baseline,retain_context_only_model_rumor_or_pricing_claim,,,,
lab-cluster-298,bm25_token_overlap_baseline,retain_context_only_model_rumor_or_pricing_claim,,,,
lab-cluster-299,bm25_token_overlap_baseline,retain_context_only_model_rumor_or_pricing_claim,,,,
lab-cluster-300,bm25_token_overlap_baseline,retain_context_only_career_job_post,,,,
lab-cluster-304,bm25_token_overlap_baseline,retain_context_only_model_rumor_or_pricing_claim,,,,
lab-cluster-316,bm25_token_overlap_baseline,retain_context_only_weak_signal,,,,
lab-cluster-318,bm25_token_overlap_baseline,retain_context_only_model_rumor_or_pricing_claim,,,,
lab-cluster-319,bm25_token_overlap_baseline,retain_context_only_model_rumor_or_pricing_claim,,,,
lab-cluster-320,bm25_token_overlap_baseline,retain_context_only_model_rumor_or_pricing_claim,,,,
lab-cluster-327,bm25_token_overlap_baseline,retain_context_only_model_rumor_or_pricing_claim,,,,
lab-cluster-328,bm25_token_overlap_baseline,retain_context_only_model_rumor_or_pricing_claim,,,,
lab-cluster-331,bm25_token_overlap_baseline,retain_context_only_career_job_post,,,,
lab-cluster-334,bm25_token_overlap_baseline,retain_context_only_weak_signal,,,,
lab-cluster-335,bm25_token_overlap_baseline,retain_context_only_weak_signal,,,,
lab-cluster-336,bm25_token_overlap_baseline,retain_context_only_event_announcement,,,,
lab-cluster-340,bm25_token_overlap_baseline,retain_context_only_career_job_post,,,,
lab-cluster-342,bm25_token_overlap_baseline,retain_context_only_model_rumor_or_pricing_claim,,,,
lab-cluster-344,bm25_token_overlap_baseline,retain_context_only_career_job_post,,,,
lab-cluster-347,bm25_token_overlap_baseline,retain_context_only_model_rumor_or_pricing_claim,,,,
lab-cluster-349,bm25_token_overlap_baseline,retain_context_only_model_rumor_or_pricing_claim,,,,
lab-cluster-48,bm25_token_overlap_baseline,retain_context_only_career_job_post,,,,
lab-cluster-50,bm25_token_overlap_baseline,retain_context_only_career_job_post,,,,
lab-cluster-51,bm25_token_overlap_baseline,retain_context_only_weak_signal,,,,
lab-cluster-59,bm25_token_overlap_baseline,retain_context_only_weak_signal,,,,
lab-cluster-72,bm25_token_overlap_baseline,retain_context_only_weak_signal,,,,
lab-cluster-75,bm25_token_overlap_baseline,retain_context_only_weak_signal,,,,
lab-cluster-76,bm25_token_overlap_baseline,retain_context_only_weak_signal,,,,
lab-cluster-84,bm25_token_overlap_baseline,retain_context_only_weak_signal,,,,
lab-cluster-96,bm25_token_overlap_baseline,retain_context_only_career_job_post,,,,
lab-cluster-31,bm25_token_overlap_baseline,no_material_low_value_chatter,,,,
lab-cluster-7,bm25_token_overlap_baseline,no_material_low_value_chatter,,,,
lab-cluster-42,bm25_token_overlap_baseline,no_material_low_value_chatter,,,,
lab-cluster-9,bm25_token_overlap_baseline,signal_only_risk_review_risk_promo_referral,,,,
lab-cluster-110,bm25_token_overlap_baseline,no_material_low_value_chatter,,,,
lab-cluster-135,bm25_token_overlap_baseline,no_material_low_value_chatter,,,,
lab-cluster-29,bm25_token_overlap_baseline,no_material_low_value_chatter,,,,
lab-cluster-85,bm25_token_overlap_baseline,no_material_low_value_chatter,,,,
lab-cluster-197,bm25_token_overlap_baseline,no_material_low_value_chatter,,,,
lab-cluster-235,bm25_token_overlap_baseline,no_material_low_value_chatter,,,,
lab-cluster-286,bm25_token_overlap_baseline,no_material_low_value_chatter,,,,
lab-cluster-326,bm25_token_overlap_baseline,no_material_low_value_chatter,,,,
lab-cluster-79,bm25_token_overlap_baseline,signal_only_risk_review_referral_or_invite_link,,,,
lab-cluster-98,bm25_token_overlap_baseline,no_material_low_value_chatter,,,,
lab-cluster-102,bm25_token_overlap_baseline,no_material_low_value_chatter,,,,
lab-cluster-111,bm25_token_overlap_baseline,no_material_low_value_chatter,,,,
lab-cluster-114,bm25_token_overlap_baseline,no_material_low_value_chatter,,,,
lab-cluster-124,bm25_token_overlap_baseline,no_material_low_value_chatter,,,,
lab-cluster-131,bm25_token_overlap_baseline,no_material_low_value_chatter,,,,
lab-cluster-132,bm25_token_overlap_baseline,signal_only_risk_review_risk_promo_referral,,,,
lab-cluster-149,bm25_token_overlap_baseline,no_material_low_value_chatter,,,,
lab-cluster-153,bm25_token_overlap_baseline,no_material_low_value_chatter,,,,
lab-cluster-174,bm25_token_overlap_baseline,no_material_low_value_chatter,,,,
lab-cluster-185,bm25_token_overlap_baseline,signal_only_risk_review_referral_or_invite_link,,,,
lab-cluster-189,bm25_token_overlap_baseline,no_material_low_value_chatter,,,,
lab-cluster-19,bm25_token_overlap_baseline,no_material_low_value_chatter,,,,
lab-cluster-194,bm25_token_overlap_baseline,no_material_low_value_chatter,,,,
lab-cluster-195,bm25_token_overlap_baseline,signal_only_risk_review_risk_promo_referral,,,,
lab-cluster-2,bm25_token_overlap_baseline,no_material_low_value_chatter,,,,
lab-cluster-203,bm25_token_overlap_baseline,no_material_low_value_chatter,,,,
lab-cluster-204,bm25_token_overlap_baseline,no_material_low_value_chatter,,,,
lab-cluster-205,bm25_token_overlap_baseline,no_material_low_value_chatter,,,,
lab-cluster-206,bm25_token_overlap_baseline,no_material_low_value_chatter,,,,
lab-cluster-207,bm25_token_overlap_baseline,no_material_low_value_chatter,,,,
lab-cluster-210,bm25_token_overlap_baseline,no_material_low_value_chatter,,,,
lab-cluster-212,bm25_token_overlap_baseline,no_material_low_value_chatter,,,,
lab-cluster-216,bm25_token_overlap_baseline,no_material_low_value_chatter,,,,
lab-cluster-217,bm25_token_overlap_baseline,no_material_low_value_chatter,,,,
lab-cluster-219,bm25_token_overlap_baseline,no_material_low_value_chatter,,,,
lab-cluster-221,bm25_token_overlap_baseline,no_material_low_value_chatter,,,,
lab-cluster-222,bm25_token_overlap_baseline,no_material_low_value_chatter,,,,
lab-cluster-223,bm25_token_overlap_baseline,no_material_low_value_chatter,,,,
lab-cluster-224,bm25_token_overlap_baseline,no_material_low_value_chatter,,,,
lab-cluster-228,bm25_token_overlap_baseline,no_material_low_value_chatter,,,,
lab-cluster-23,bm25_token_overlap_baseline,no_material_low_value_chatter,,,,
lab-cluster-233,bm25_token_overlap_baseline,no_material_low_value_chatter,,,,
lab-cluster-243,bm25_token_overlap_baseline,no_material_low_value_chatter,,,,
lab-cluster-258,bm25_token_overlap_baseline,no_material_low_value_chatter,,,,
lab-cluster-259,bm25_token_overlap_baseline,no_material_low_value_chatter,,,,
lab-cluster-260,bm25_token_overlap_baseline,no_material_low_value_chatter,,,,
lab-cluster-267,bm25_token_overlap_baseline,no_material_low_value_chatter,,,,
lab-cluster-270,bm25_token_overlap_baseline,no_material_low_value_chatter,,,,
lab-cluster-285,bm25_token_overlap_baseline,no_material_low_value_chatter,,,,
lab-cluster-290,bm25_token_overlap_baseline,no_material_low_value_chatter,,,,
lab-cluster-3,bm25_token_overlap_baseline,no_material_low_value_chatter,,,,
lab-cluster-302,bm25_token_overlap_baseline,no_material_low_value_chatter,,,,
lab-cluster-303,bm25_token_overlap_baseline,no_material_low_value_chatter,,,,
lab-cluster-308,bm25_token_overlap_baseline,no_material_low_value_chatter,,,,
lab-cluster-309,bm25_token_overlap_baseline,no_material_low_value_chatter,,,,
lab-cluster-313,bm25_token_overlap_baseline,signal_only_risk_review_referral_or_invite_link,,,,
lab-cluster-324,bm25_token_overlap_baseline,no_material_low_value_chatter,,,,
lab-cluster-325,bm25_token_overlap_baseline,no_material_low_value_chatter,,,,
lab-cluster-33,bm25_token_overlap_baseline,no_material_low_value_chatter,,,,
lab-cluster-330,bm25_token_overlap_baseline,no_material_low_value_chatter,,,,
lab-cluster-332,bm25_token_overlap_baseline,no_material_low_value_chatter,,,,
lab-cluster-333,bm25_token_overlap_baseline,no_material_low_value_chatter,,,,
lab-cluster-343,bm25_token_overlap_baseline,no_material_low_value_chatter,,,,
lab-cluster-38,bm25_token_overlap_baseline,signal_only_risk_review_referral_or_invite_link,,,,
lab-cluster-41,bm25_token_overlap_baseline,signal_only_risk_review_referral_or_invite_link,,,,
lab-cluster-44,bm25_token_overlap_baseline,no_material_low_value_chatter,,,,
lab-cluster-45,bm25_token_overlap_baseline,signal_only_risk_review_referral_or_invite_link,,,,
lab-cluster-49,bm25_token_overlap_baseline,no_material_low_value_chatter,,,,
lab-cluster-54,bm25_token_overlap_baseline,no_material_low_value_chatter,,,,
lab-cluster-55,bm25_token_overlap_baseline,no_material_low_value_chatter,,,,
lab-cluster-6,bm25_token_overlap_baseline,no_material_low_value_chatter,,,,
lab-cluster-64,bm25_token_overlap_baseline,no_material_low_value_chatter,,,,
lab-cluster-66,bm25_token_overlap_baseline,signal_only_risk_review_risk_promo_referral,,,,
lab-cluster-71,bm25_token_overlap_baseline,signal_only_risk_review_risk_promo_referral,,,,
lab-cluster-86,bm25_token_overlap_baseline,no_material_low_value_chatter,,,,
lab-cluster-92,bm25_token_overlap_baseline,no_material_low_value_chatter,,,,
lab-cluster-97,bm25_token_overlap_baseline,no_material_low_value_chatter,,,,
lab-cluster-312,bm25_token_overlap_baseline,manual_review_only_abuse_or_circumvention,,,,
lab-cluster-348,bm25_token_overlap_baseline,manual_review_only_abuse_or_circumvention,,,,
lab-cluster-187,entity_overlap,review_signal_or_discussion_tech_signal,,,,
lab-cluster-276,entity_overlap,review_signal_or_discussion_tech_signal,,,,
lab-cluster-63,entity_overlap,review_signal_or_discussion_outage_status,,,,
lab-cluster-181,entity_overlap,review_signal_or_discussion_outage_status,,,,
lab-cluster-20,entity_overlap,review_signal_or_discussion_tech_signal,,,,
lab-cluster-62,entity_overlap,review_signal_or_discussion_tech_signal,,,,
lab-cluster-39,entity_overlap,needs_link_enrichment_social_media_link,,,,
lab-cluster-107,entity_overlap,review_signal_or_discussion_tech_signal,,,,
lab-cluster-119,entity_overlap,review_signal_or_discussion_tech_signal,,,,
lab-cluster-25,entity_overlap,retain_context_only_career_job_post,,,,
lab-cluster-193,entity_overlap,review_signal_or_discussion_potential_discussion_signal,,,,
lab-cluster-103,entity_overlap,review_signal_or_discussion_digest_news,,,,
lab-cluster-112,entity_overlap,review_signal_or_discussion_tech_signal,,,,
lab-cluster-149,entity_overlap,review_signal_or_discussion_tech_signal,,,,
lab-cluster-168,entity_overlap,review_signal_or_discussion_tech_signal,,,,
lab-cluster-209,entity_overlap,review_signal_or_discussion_tech_signal,,,,
lab-cluster-21,entity_overlap,review_signal_or_discussion_tech_signal,,,,
lab-cluster-233,entity_overlap,review_signal_or_discussion_tech_signal,,,,
lab-cluster-30,entity_overlap,review_signal_or_discussion_tech_signal,,,,
lab-cluster-323,entity_overlap,review_signal_or_discussion_tech_signal,,,,
lab-cluster-53,entity_overlap,review_signal_or_discussion_tech_signal,,,,
lab-cluster-89,entity_overlap,review_signal_or_discussion_tech_signal,,,,
lab-cluster-95,entity_overlap,review_signal_or_discussion_tech_signal,,,,
lab-cluster-74,entity_overlap,needs_link_enrichment_internal_telegram_link,,,,
lab-cluster-73,entity_overlap,needs_link_enrichment_social_media_link,,,,
lab-cluster-16,entity_overlap,retain_context_only_event_announcement,,,,
lab-cluster-67,entity_overlap,retain_context_only_model_rumor_or_pricing_claim,,,,
lab-cluster-78,entity_overlap,retain_context_only_career_job_post,,,,
lab-cluster-69,entity_overlap,needs_link_enrichment_social_media_link,,,,
lab-cluster-77,entity_overlap,needs_link_enrichment_link_share,,,,
lab-cluster-108,entity_overlap,retain_context_only_career_job_post,,,,
lab-cluster-162,entity_overlap,retain_context_only_model_rumor_or_pricing_claim,,,,
lab-cluster-100,entity_overlap,review_signal_or_discussion_digest_news,,,,
lab-cluster-105,entity_overlap,review_signal_or_discussion_tech_signal,,,,
lab-cluster-122,entity_overlap,review_signal_or_discussion_digest_news,,,,
lab-cluster-126,entity_overlap,review_signal_or_discussion_tech_signal,,,,
lab-cluster-128,entity_overlap,review_signal_or_discussion_tech_signal,,,,
lab-cluster-129,entity_overlap,review_signal_or_discussion_tech_signal,,,,
lab-cluster-13,entity_overlap,review_signal_or_discussion_tech_signal,,,,
lab-cluster-139,entity_overlap,review_signal_or_discussion_tech_signal,,,,
lab-cluster-145,entity_overlap,review_signal_or_discussion_tech_signal,,,,
lab-cluster-151,entity_overlap,review_signal_or_discussion_tech_signal,,,,
lab-cluster-156,entity_overlap,review_signal_or_discussion_digest_news,,,,
lab-cluster-163,entity_overlap,review_signal_or_discussion_tech_signal,,,,
lab-cluster-17,entity_overlap,review_signal_or_discussion_tech_signal,,,,
lab-cluster-170,entity_overlap,review_signal_or_discussion_tech_signal,,,,
lab-cluster-172,entity_overlap,review_signal_or_discussion_tech_signal,,,,
lab-cluster-175,entity_overlap,review_signal_or_discussion_tech_signal,,,,
lab-cluster-176,entity_overlap,review_signal_or_discussion_tech_signal,,,,
lab-cluster-180,entity_overlap,review_signal_or_discussion_outage_status,,,,
lab-cluster-182,entity_overlap,review_signal_or_discussion_outage_status,,,,
lab-cluster-185,entity_overlap,review_signal_or_discussion_tech_signal,,,,
lab-cluster-188,entity_overlap,review_signal_or_discussion_outage_status,,,,
lab-cluster-196,entity_overlap,review_signal_or_discussion_tech_signal,,,,
lab-cluster-197,entity_overlap,review_signal_or_discussion_tech_signal,,,,
lab-cluster-213,entity_overlap,review_signal_or_discussion_tech_signal,,,,
lab-cluster-22,entity_overlap,review_signal_or_discussion_tech_signal,,,,
lab-cluster-220,entity_overlap,review_signal_or_discussion_tech_signal,,,,
lab-cluster-221,entity_overlap,review_signal_or_discussion_tech_signal,,,,
lab-cluster-222,entity_overlap,review_signal_or_discussion_tech_signal,,,,
lab-cluster-226,entity_overlap,review_signal_or_discussion_outage_status,,,,
lab-cluster-227,entity_overlap,review_signal_or_discussion_tech_signal,,,,
lab-cluster-229,entity_overlap,review_signal_or_discussion_tech_signal,,,,
lab-cluster-241,entity_overlap,review_signal_or_discussion_outage_status,,,,
lab-cluster-243,entity_overlap,review_signal_or_discussion_outage_status,,,,
lab-cluster-265,entity_overlap,review_signal_or_discussion_tech_signal,,,,
lab-cluster-267,entity_overlap,review_signal_or_discussion_tech_signal,,,,
lab-cluster-274,entity_overlap,review_signal_or_discussion_tech_signal,,,,
lab-cluster-296,entity_overlap,review_signal_or_discussion_tech_signal,,,,
lab-cluster-302,entity_overlap,review_signal_or_discussion_tech_signal,,,,
lab-cluster-309,entity_overlap,review_signal_or_discussion_tech_signal,,,,
lab-cluster-310,entity_overlap,review_signal_or_discussion_tech_signal,,,,
lab-cluster-324,entity_overlap,review_signal_or_discussion_outage_status,,,,
lab-cluster-327,entity_overlap,review_signal_or_discussion_tech_signal,,,,
lab-cluster-332,entity_overlap,review_signal_or_discussion_tech_signal,,,,
lab-cluster-335,entity_overlap,review_signal_or_discussion_tech_signal,,,,
lab-cluster-338,entity_overlap,review_signal_or_discussion_tech_signal,,,,
lab-cluster-339,entity_overlap,review_signal_or_discussion_outage_status,,,,
lab-cluster-342,entity_overlap,review_signal_or_discussion_outage_status,,,,
lab-cluster-37,entity_overlap,review_signal_or_discussion_tech_signal,,,,
lab-cluster-5,entity_overlap,review_signal_or_discussion_tech_signal,,,,
lab-cluster-52,entity_overlap,review_signal_or_discussion_tech_signal,,,,
lab-cluster-56,entity_overlap,review_signal_or_discussion_digest_news,,,,
lab-cluster-57,entity_overlap,review_signal_or_discussion_digest_news,,,,
lab-cluster-88,entity_overlap,review_signal_or_discussion_tech_signal,,,,
lab-cluster-90,entity_overlap,review_signal_or_discussion_tech_signal,,,,
lab-cluster-94,entity_overlap,review_signal_or_discussion_tech_signal,,,,
lab-cluster-26,entity_overlap,retain_context_only_career_job_post,,,,
lab-cluster-115,entity_overlap,needs_link_enrichment_social_media_link,,,,
lab-cluster-121,entity_overlap,needs_link_enrichment_link_share,,,,
lab-cluster-133,entity_overlap,needs_link_enrichment_link_share,,,,
lab-cluster-208,entity_overlap,needs_link_enrichment_link_share,,,,
lab-cluster-263,entity_overlap,needs_link_enrichment_internal_telegram_link,,,,
lab-cluster-27,entity_overlap,needs_link_enrichment_link_share,,,,
lab-cluster-301,entity_overlap,needs_link_enrichment_internal_telegram_link,,,,
lab-cluster-65,entity_overlap,needs_link_enrichment_internal_telegram_link,,,,
lab-cluster-140,entity_overlap,retain_context_only_career_job_post,,,,
lab-cluster-1,entity_overlap,retain_context_only_career_job_post,,,,
lab-cluster-32,entity_overlap,retain_context_only_model_rumor_or_pricing_claim,,,,
lab-cluster-35,entity_overlap,retain_context_only_model_rumor_or_pricing_claim,,,,
lab-cluster-99,entity_overlap,retain_context_only_weak_signal,,,,
lab-cluster-10,entity_overlap,needs_link_enrichment_social_media_link,,,,
lab-cluster-104,entity_overlap,needs_link_enrichment_internal_telegram_link,,,,
lab-cluster-106,entity_overlap,needs_link_enrichment_link_share,,,,
lab-cluster-109,entity_overlap,needs_link_enrichment_social_media_link,,,,
lab-cluster-11,entity_overlap,needs_link_enrichment_social_media_link,,,,
lab-cluster-113,entity_overlap,needs_link_enrichment_social_media_link,,,,
lab-cluster-12,entity_overlap,needs_link_enrichment_social_media_link,,,,
lab-cluster-127,entity_overlap,needs_link_enrichment_link_share,,,,
lab-cluster-135,entity_overlap,needs_link_enrichment_internal_telegram_link,,,,
lab-cluster-136,entity_overlap,needs_link_enrichment_social_media_link,,,,
lab-cluster-14,entity_overlap,needs_link_enrichment_social_media_link,,,,
lab-cluster-141,entity_overlap,needs_link_enrichment_link_share,,,,
lab-cluster-142,entity_overlap,needs_link_enrichment_internal_telegram_link,,,,
lab-cluster-144,entity_overlap,needs_link_enrichment_link_share,,,,
lab-cluster-146,entity_overlap,needs_link_enrichment_internal_telegram_link,,,,
lab-cluster-147,entity_overlap,needs_link_enrichment_link_share,,,,
lab-cluster-15,entity_overlap,needs_link_enrichment_resource_link,,,,
lab-cluster-150,entity_overlap,needs_link_enrichment_internal_telegram_link,,,,
lab-cluster-153,entity_overlap,needs_link_enrichment_resource_link,,,,
lab-cluster-164,entity_overlap,needs_link_enrichment_link_share,,,,
lab-cluster-165,entity_overlap,needs_link_enrichment_link_share,,,,
lab-cluster-166,entity_overlap,needs_link_enrichment_link_share,,,,
lab-cluster-174,entity_overlap,needs_link_enrichment_link_share,,,,
lab-cluster-178,entity_overlap,needs_link_enrichment_resource_link,,,,
lab-cluster-179,entity_overlap,needs_link_enrichment_social_media_link,,,,
lab-cluster-184,entity_overlap,needs_link_enrichment_resource_link,,,,
lab-cluster-206,entity_overlap,needs_link_enrichment_link_share,,,,
lab-cluster-210,entity_overlap,needs_link_enrichment_social_media_link,,,,
lab-cluster-235,entity_overlap,needs_link_enrichment_link_share,,,,
lab-cluster-239,entity_overlap,needs_link_enrichment_link_share,,,,
lab-cluster-24,entity_overlap,needs_link_enrichment_link_share,,,,
lab-cluster-240,entity_overlap,needs_link_enrichment_link_share,,,,
lab-cluster-242,entity_overlap,needs_link_enrichment_internal_telegram_link,,,,
lab-cluster-244,entity_overlap,needs_link_enrichment_link_share,,,,
lab-cluster-245,entity_overlap,needs_link_enrichment_internal_telegram_link,,,,
lab-cluster-246,entity_overlap,needs_link_enrichment_internal_telegram_link,,,,
lab-cluster-247,entity_overlap,needs_link_enrichment_link_share,,,,
lab-cluster-248,entity_overlap,needs_link_enrichment_internal_telegram_link,,,,
lab-cluster-249,entity_overlap,needs_link_enrichment_internal_telegram_link,,,,
lab-cluster-250,entity_overlap,needs_link_enrichment_internal_telegram_link,,,,
lab-cluster-251,entity_overlap,needs_link_enrichment_resource_link,,,,
lab-cluster-257,entity_overlap,needs_link_enrichment_internal_telegram_link,,,,
lab-cluster-258,entity_overlap,needs_link_enrichment_internal_telegram_link,,,,
lab-cluster-266,entity_overlap,needs_link_enrichment_link_share,,,,
lab-cluster-270,entity_overlap,needs_link_enrichment_link_share,,,,
lab-cluster-272,entity_overlap,needs_link_enrichment_internal_telegram_link,,,,
lab-cluster-273,entity_overlap,needs_link_enrichment_social_media_link,,,,
lab-cluster-275,entity_overlap,needs_link_enrichment_link_share,,,,
lab-cluster-28,entity_overlap,needs_link_enrichment_social_media_link,,,,
lab-cluster-283,entity_overlap,needs_link_enrichment_link_share,,,,
lab-cluster-289,entity_overlap,needs_link_enrichment_social_media_link,,,,
lab-cluster-297,entity_overlap,needs_link_enrichment_internal_telegram_link,,,,
lab-cluster-298,entity_overlap,needs_link_enrichment_internal_telegram_link,,,,
lab-cluster-304,entity_overlap,needs_link_enrichment_link_share,,,,
lab-cluster-316,entity_overlap,needs_link_enrichment_link_share,,,,
lab-cluster-325,entity_overlap,needs_link_enrichment_link_share,,,,
lab-cluster-331,entity_overlap,needs_link_enrichment_link_share,,,,
lab-cluster-336,entity_overlap,needs_link_enrichment_internal_telegram_link,,,,
lab-cluster-337,entity_overlap,needs_link_enrichment_internal_telegram_link,,,,
lab-cluster-34,entity_overlap,needs_link_enrichment_internal_telegram_link,,,,
lab-cluster-340,entity_overlap,needs_link_enrichment_internal_telegram_link,,,,
lab-cluster-341,entity_overlap,needs_link_enrichment_internal_telegram_link,,,,
lab-cluster-343,entity_overlap,needs_link_enrichment_internal_telegram_link,,,,
lab-cluster-36,entity_overlap,needs_link_enrichment_social_media_link,,,,
lab-cluster-4,entity_overlap,needs_link_enrichment_social_media_link,,,,
lab-cluster-40,entity_overlap,needs_link_enrichment_social_media_link,,,,
lab-cluster-43,entity_overlap,needs_link_enrichment_social_media_link,,,,
lab-cluster-46,entity_overlap,needs_link_enrichment_internal_telegram_link,,,,
lab-cluster-47,entity_overlap,needs_link_enrichment_social_media_link,,,,
lab-cluster-58,entity_overlap,needs_link_enrichment_internal_telegram_link,,,,
lab-cluster-60,entity_overlap,needs_link_enrichment_link_share,,,,
lab-cluster-61,entity_overlap,needs_link_enrichment_resource_link,,,,
lab-cluster-68,entity_overlap,needs_link_enrichment_social_media_link,,,,
lab-cluster-70,entity_overlap,needs_link_enrichment_resource_link,,,,
lab-cluster-8,entity_overlap,needs_link_enrichment_social_media_link,,,,
lab-cluster-80,entity_overlap,needs_link_enrichment_social_media_link,,,,
lab-cluster-81,entity_overlap,needs_link_enrichment_link_share,,,,
lab-cluster-82,entity_overlap,needs_link_enrichment_internal_telegram_link,,,,
lab-cluster-83,entity_overlap,needs_link_enrichment_link_share,,,,
lab-cluster-87,entity_overlap,needs_link_enrichment_social_media_link,,,,
lab-cluster-91,entity_overlap,needs_link_enrichment_link_share,,,,
lab-cluster-93,entity_overlap,needs_link_enrichment_resource_link,,,,
lab-cluster-154,entity_overlap,retain_context_only_model_rumor_or_pricing_claim,,,,
lab-cluster-18,entity_overlap,retain_context_only_weak_signal,,,,
lab-cluster-224,entity_overlap,retain_context_only_weak_signal,,,,
lab-cluster-269,entity_overlap,retain_context_only_model_rumor_or_pricing_claim,,,,
lab-cluster-284,entity_overlap,retain_context_only_career_job_post,,,,
lab-cluster-287,entity_overlap,retain_context_only_career_job_post,,,,
lab-cluster-101,entity_overlap,retain_context_only_weak_signal,,,,
lab-cluster-137,entity_overlap,retain_context_only_model_rumor_or_pricing_claim,,,,
lab-cluster-138,entity_overlap,retain_context_only_weak_signal,,,,
lab-cluster-215,entity_overlap,retain_context_only_model_rumor_or_pricing_claim,,,,
lab-cluster-232,entity_overlap,retain_context_only_weak_signal,,,,
lab-cluster-271,entity_overlap,retain_context_only_model_rumor_or_pricing_claim,,,,
lab-cluster-286,entity_overlap,retain_context_only_model_rumor_or_pricing_claim,,,,
lab-cluster-292,entity_overlap,retain_context_only_weak_signal,,,,
lab-cluster-306,entity_overlap,retain_context_only_career_job_post,,,,
lab-cluster-116,entity_overlap,retain_context_only_weak_signal,,,,
lab-cluster-117,entity_overlap,retain_context_only_career_job_post,,,,
lab-cluster-118,entity_overlap,retain_context_only_career_job_post,,,,
lab-cluster-120,entity_overlap,retain_context_only_weak_signal,,,,
lab-cluster-124,entity_overlap,retain_context_only_weak_signal,,,,
lab-cluster-125,entity_overlap,retain_context_only_career_job_post,,,,
lab-cluster-132,entity_overlap,retain_context_only_model_rumor_or_pricing_claim,,,,
lab-cluster-143,entity_overlap,retain_context_only_model_rumor_or_pricing_claim,,,,
lab-cluster-155,entity_overlap,retain_context_only_career_job_post,,,,
lab-cluster-157,entity_overlap,retain_context_only_model_rumor_or_pricing_claim,,,,
lab-cluster-158,entity_overlap,retain_context_only_model_rumor_or_pricing_claim,,,,
lab-cluster-159,entity_overlap,retain_context_only_model_rumor_or_pricing_claim,,,,
lab-cluster-160,entity_overlap,retain_context_only_model_rumor_or_pricing_claim,,,,
lab-cluster-161,entity_overlap,retain_context_only_model_rumor_or_pricing_claim,,,,
lab-cluster-167,entity_overlap,retain_context_only_career_job_post,,,,
lab-cluster-169,entity_overlap,retain_context_only_model_rumor_or_pricing_claim,,,,
lab-cluster-171,entity_overlap,retain_context_only_weak_signal,,,,
lab-cluster-177,entity_overlap,retain_context_only_career_job_post,,,,
lab-cluster-189,entity_overlap,retain_context_only_model_rumor_or_pricing_claim,,,,
lab-cluster-190,entity_overlap,retain_context_only_weak_signal,,,,
lab-cluster-195,entity_overlap,retain_context_only_model_rumor_or_pricing_claim,,,,
lab-cluster-203,entity_overlap,retain_context_only_weak_signal,,,,
lab-cluster-204,entity_overlap,retain_context_only_model_rumor_or_pricing_claim,,,,
lab-cluster-225,entity_overlap,retain_context_only_model_rumor_or_pricing_claim,,,,
lab-cluster-231,entity_overlap,retain_context_only_model_rumor_or_pricing_claim,,,,
lab-cluster-234,entity_overlap,retain_context_only_weak_signal,,,,
lab-cluster-236,entity_overlap,retain_context_only_weak_signal,,,,
lab-cluster-238,entity_overlap,retain_context_only_event_announcement,,,,
lab-cluster-255,entity_overlap,retain_context_only_model_rumor_or_pricing_claim,,,,
lab-cluster-256,entity_overlap,retain_context_only_weak_signal,,,,
lab-cluster-259,entity_overlap,retain_context_only_model_rumor_or_pricing_claim,,,,
lab-cluster-260,entity_overlap,retain_context_only_weak_signal,,,,
lab-cluster-262,entity_overlap,retain_context_only_career_job_post,,,,
lab-cluster-268,entity_overlap,retain_context_only_career_job_post,,,,
lab-cluster-279,entity_overlap,retain_context_only_career_job_post,,,,
lab-cluster-280,entity_overlap,retain_context_only_career_job_post,,,,
lab-cluster-281,entity_overlap,retain_context_only_career_job_post,,,,
lab-cluster-285,entity_overlap,retain_context_only_model_rumor_or_pricing_claim,,,,
lab-cluster-288,entity_overlap,retain_context_only_model_rumor_or_pricing_claim,,,,
lab-cluster-290,entity_overlap,retain_context_only_model_rumor_or_pricing_claim,,,,
lab-cluster-291,entity_overlap,retain_context_only_career_job_post,,,,
lab-cluster-295,entity_overlap,retain_context_only_model_rumor_or_pricing_claim,,,,
lab-cluster-305,entity_overlap,retain_context_only_weak_signal,,,,
lab-cluster-307,entity_overlap,retain_context_only_model_rumor_or_pricing_claim,,,,
lab-cluster-308,entity_overlap,retain_context_only_model_rumor_or_pricing_claim,,,,
lab-cluster-314,entity_overlap,retain_context_only_model_rumor_or_pricing_claim,,,,
lab-cluster-315,entity_overlap,retain_context_only_model_rumor_or_pricing_claim,,,,
lab-cluster-318,entity_overlap,retain_context_only_career_job_post,,,,
lab-cluster-320,entity_overlap,retain_context_only_weak_signal,,,,
lab-cluster-321,entity_overlap,retain_context_only_weak_signal,,,,
lab-cluster-322,entity_overlap,retain_context_only_event_announcement,,,,
lab-cluster-326,entity_overlap,retain_context_only_career_job_post,,,,
lab-cluster-328,entity_overlap,retain_context_only_model_rumor_or_pricing_claim,,,,
lab-cluster-330,entity_overlap,retain_context_only_career_job_post,,,,
lab-cluster-333,entity_overlap,retain_context_only_model_rumor_or_pricing_claim,,,,
lab-cluster-48,entity_overlap,retain_context_only_career_job_post,,,,
lab-cluster-50,entity_overlap,retain_context_only_career_job_post,,,,
lab-cluster-51,entity_overlap,retain_context_only_weak_signal,,,,
lab-cluster-59,entity_overlap,retain_context_only_weak_signal,,,,
lab-cluster-72,entity_overlap,retain_context_only_weak_signal,,,,
lab-cluster-75,entity_overlap,retain_context_only_weak_signal,,,,
lab-cluster-76,entity_overlap,retain_context_only_weak_signal,,,,
lab-cluster-84,entity_overlap,retain_context_only_weak_signal,,,,
lab-cluster-96,entity_overlap,retain_context_only_career_job_post,,,,
lab-cluster-31,entity_overlap,no_material_low_value_chatter,,,,
lab-cluster-7,entity_overlap,no_material_low_value_chatter,,,,
lab-cluster-42,entity_overlap,no_material_low_value_chatter,,,,
lab-cluster-9,entity_overlap,signal_only_risk_review_risk_promo_referral,,,,
lab-cluster-110,entity_overlap,no_material_low_value_chatter,,,,
lab-cluster-134,entity_overlap,no_material_low_value_chatter,,,,
lab-cluster-29,entity_overlap,no_material_low_value_chatter,,,,
lab-cluster-85,entity_overlap,no_material_low_value_chatter,,,,
lab-cluster-194,entity_overlap,no_material_low_value_chatter,,,,
lab-cluster-183,entity_overlap,signal_only_risk_review_referral_or_invite_link,,,,
lab-cluster-230,entity_overlap,no_material_low_value_chatter,,,,
lab-cluster-278,entity_overlap,no_material_low_value_chatter,,,,
lab-cluster-312,entity_overlap,no_material_low_value_chatter,,,,
lab-cluster-313,entity_overlap,no_material_low_value_chatter,,,,
lab-cluster-79,entity_overlap,signal_only_risk_review_referral_or_invite_link,,,,
lab-cluster-98,entity_overlap,no_material_low_value_chatter,,,,
lab-cluster-102,entity_overlap,no_material_low_value_chatter,,,,
lab-cluster-111,entity_overlap,no_material_low_value_chatter,,,,
lab-cluster-114,entity_overlap,no_material_low_value_chatter,,,,
lab-cluster-123,entity_overlap,no_material_low_value_chatter,,,,
lab-cluster-130,entity_overlap,no_material_low_value_chatter,,,,
lab-cluster-131,entity_overlap,signal_only_risk_review_risk_promo_referral,,,,
lab-cluster-148,entity_overlap,no_material_low_value_chatter,,,,
lab-cluster-152,entity_overlap,no_material_low_value_chatter,,,,
lab-cluster-173,entity_overlap,no_material_low_value_chatter,,,,
lab-cluster-186,entity_overlap,no_material_low_value_chatter,,,,
lab-cluster-19,entity_overlap,no_material_low_value_chatter,,,,
lab-cluster-191,entity_overlap,no_material_low_value_chatter,,,,
lab-cluster-192,entity_overlap,signal_only_risk_review_risk_promo_referral,,,,
lab-cluster-198,entity_overlap,no_material_low_value_chatter,,,,
lab-cluster-199,entity_overlap,no_material_low_value_chatter,,,,
lab-cluster-2,entity_overlap,no_material_low_value_chatter,,,,
lab-cluster-200,entity_overlap,no_material_low_value_chatter,,,,
lab-cluster-201,entity_overlap,no_material_low_value_chatter,,,,
lab-cluster-202,entity_overlap,no_material_low_value_chatter,,,,
lab-cluster-205,entity_overlap,no_material_low_value_chatter,,,,
lab-cluster-207,entity_overlap,no_material_low_value_chatter,,,,
lab-cluster-211,entity_overlap,no_material_low_value_chatter,,,,
lab-cluster-212,entity_overlap,no_material_low_value_chatter,,,,
lab-cluster-214,entity_overlap,no_material_low_value_chatter,,,,
lab-cluster-216,entity_overlap,no_material_low_value_chatter,,,,
lab-cluster-217,entity_overlap,no_material_low_value_chatter,,,,
lab-cluster-218,entity_overlap,no_material_low_value_chatter,,,,
lab-cluster-219,entity_overlap,no_material_low_value_chatter,,,,
lab-cluster-223,entity_overlap,no_material_low_value_chatter,,,,
lab-cluster-228,entity_overlap,no_material_low_value_chatter,,,,
lab-cluster-23,entity_overlap,no_material_low_value_chatter,,,,
lab-cluster-237,entity_overlap,no_material_low_value_chatter,,,,
lab-cluster-252,entity_overlap,no_material_low_value_chatter,,,,
lab-cluster-253,entity_overlap,no_material_low_value_chatter,,,,
lab-cluster-254,entity_overlap,no_material_low_value_chatter,,,,
lab-cluster-261,entity_overlap,no_material_low_value_chatter,,,,
lab-cluster-264,entity_overlap,no_material_low_value_chatter,,,,
lab-cluster-277,entity_overlap,no_material_low_value_chatter,,,,
lab-cluster-282,entity_overlap,no_material_low_value_chatter,,,,
lab-cluster-293,entity_overlap,no_material_low_value_chatter,,,,
lab-cluster-294,entity_overlap,no_material_low_value_chatter,,,,
lab-cluster-299,entity_overlap,no_material_low_value_chatter,,,,
lab-cluster-3,entity_overlap,no_material_low_value_chatter,,,,
lab-cluster-300,entity_overlap,no_material_low_value_chatter,,,,
lab-cluster-311,entity_overlap,no_material_low_value_chatter,,,,
lab-cluster-317,entity_overlap,no_material_low_value_chatter,,,,
lab-cluster-319,entity_overlap,no_material_low_value_chatter,,,,
lab-cluster-329,entity_overlap,no_material_low_value_chatter,,,,
lab-cluster-33,entity_overlap,no_material_low_value_chatter,,,,
lab-cluster-38,entity_overlap,signal_only_risk_review_referral_or_invite_link,,,,
lab-cluster-41,entity_overlap,signal_only_risk_review_referral_or_invite_link,,,,
lab-cluster-44,entity_overlap,no_material_low_value_chatter,,,,
lab-cluster-45,entity_overlap,signal_only_risk_review_referral_or_invite_link,,,,
lab-cluster-49,entity_overlap,no_material_low_value_chatter,,,,
lab-cluster-54,entity_overlap,no_material_low_value_chatter,,,,
lab-cluster-55,entity_overlap,no_material_low_value_chatter,,,,
lab-cluster-6,entity_overlap,no_material_low_value_chatter,,,,
lab-cluster-64,entity_overlap,no_material_low_value_chatter,,,,
lab-cluster-66,entity_overlap,signal_only_risk_review_risk_promo_referral,,,,
lab-cluster-71,entity_overlap,signal_only_risk_review_risk_promo_referral,,,,
lab-cluster-86,entity_overlap,no_material_low_value_chatter,,,,
lab-cluster-92,entity_overlap,no_material_low_value_chatter,,,,
lab-cluster-97,entity_overlap,no_material_low_value_chatter,,,,
lab-cluster-303,entity_overlap,manual_review_only_abuse_or_circumvention,,,,
lab-cluster-334,entity_overlap,manual_review_only_abuse_or_circumvention,,,,
lab-cluster-268,simhash_near_duplicate,review_signal_or_discussion_tech_signal,,,,
lab-cluster-48,simhash_near_duplicate,needs_link_enrichment_social_media_link,,,,
lab-cluster-22,simhash_near_duplicate,review_signal_or_discussion_tech_signal,,,,
lab-cluster-308,simhash_near_duplicate,review_signal_or_discussion_tech_signal,,,,
lab-cluster-419,simhash_near_duplicate,review_signal_or_discussion_tech_signal,,,,
lab-cluster-100,simhash_near_duplicate,needs_link_enrichment_internal_telegram_link,,,,
lab-cluster-99,simhash_near_duplicate,needs_link_enrichment_social_media_link,,,,
lab-cluster-74,simhash_near_duplicate,retain_context_only_career_job_post,,,,
lab-cluster-106,simhash_near_duplicate,needs_link_enrichment_link_share,,,,
lab-cluster-93,simhash_near_duplicate,needs_link_enrichment_social_media_link,,,,
lab-cluster-119,simhash_near_duplicate,review_signal_or_discussion_tech_signal,,,,
lab-cluster-120,simhash_near_duplicate,review_signal_or_discussion_tech_signal,,,,
lab-cluster-121,simhash_near_duplicate,review_signal_or_discussion_tech_signal,,,,
lab-cluster-123,simhash_near_duplicate,review_signal_or_discussion_tech_signal,,,,
lab-cluster-128,simhash_near_duplicate,review_signal_or_discussion_tech_signal,,,,
lab-cluster-130,simhash_near_duplicate,review_signal_or_discussion_tech_signal,,,,
lab-cluster-135,simhash_near_duplicate,review_signal_or_discussion_tech_signal,,,,
lab-cluster-138,simhash_near_duplicate,review_signal_or_discussion_digest_news,,,,
lab-cluster-141,simhash_near_duplicate,review_signal_or_discussion_digest_news,,,,
lab-cluster-142,simhash_near_duplicate,review_signal_or_discussion_tech_signal,,,,
lab-cluster-144,simhash_near_duplicate,review_signal_or_discussion_tech_signal,,,,
lab-cluster-146,simhash_near_duplicate,review_signal_or_discussion_tech_signal,,,,
lab-cluster-15,simhash_near_duplicate,review_signal_or_discussion_tech_signal,,,,
lab-cluster-151,simhash_near_duplicate,review_signal_or_discussion_tech_signal,,,,
lab-cluster-162,simhash_near_duplicate,review_signal_or_discussion_tech_signal,,,,
lab-cluster-164,simhash_near_duplicate,review_signal_or_discussion_tech_signal,,,,
lab-cluster-166,simhash_near_duplicate,review_signal_or_discussion_tech_signal,,,,
lab-cluster-168,simhash_near_duplicate,review_signal_or_discussion_digest_news,,,,
lab-cluster-174,simhash_near_duplicate,review_signal_or_discussion_tech_signal,,,,
lab-cluster-179,simhash_near_duplicate,review_signal_or_discussion_tech_signal,,,,
lab-cluster-180,simhash_near_duplicate,review_signal_or_discussion_tech_signal,,,,
lab-cluster-19,simhash_near_duplicate,review_signal_or_discussion_tech_signal,,,,
lab-cluster-195,simhash_near_duplicate,review_signal_or_discussion_tech_signal,,,,
lab-cluster-202,simhash_near_duplicate,review_signal_or_discussion_tech_signal,,,,
lab-cluster-204,simhash_near_duplicate,review_signal_or_discussion_tech_signal,,,,
lab-cluster-209,simhash_near_duplicate,review_signal_or_discussion_tech_signal,,,,
lab-cluster-213,simhash_near_duplicate,review_signal_or_discussion_tech_signal,,,,
lab-cluster-214,simhash_near_duplicate,review_signal_or_discussion_tech_signal,,,,
lab-cluster-217,simhash_near_duplicate,review_signal_or_discussion_outage_status,,,,
lab-cluster-220,simhash_near_duplicate,review_signal_or_discussion_digest_news,,,,
lab-cluster-23,simhash_near_duplicate,review_signal_or_discussion_tech_signal,,,,
lab-cluster-230,simhash_near_duplicate,review_signal_or_discussion_tech_signal,,,,
lab-cluster-235,simhash_near_duplicate,review_signal_or_discussion_tech_signal,,,,
lab-cluster-237,simhash_near_duplicate,review_signal_or_discussion_tech_signal,,,,
lab-cluster-241,simhash_near_duplicate,review_signal_or_discussion_tech_signal,,,,
lab-cluster-244,simhash_near_duplicate,review_signal_or_discussion_tech_signal,,,,
lab-cluster-246,simhash_near_duplicate,review_signal_or_discussion_tech_signal,,,,
lab-cluster-247,simhash_near_duplicate,review_signal_or_discussion_tech_signal,,,,
lab-cluster-25,simhash_near_duplicate,review_signal_or_discussion_tech_signal,,,,
lab-cluster-252,simhash_near_duplicate,review_signal_or_discussion_outage_status,,,,
lab-cluster-253,simhash_near_duplicate,review_signal_or_discussion_outage_status,,,,
lab-cluster-254,simhash_near_duplicate,review_signal_or_discussion_outage_status,,,,
lab-cluster-259,simhash_near_duplicate,review_signal_or_discussion_outage_status,,,,
lab-cluster-260,simhash_near_duplicate,review_signal_or_discussion_tech_signal,,,,
lab-cluster-262,simhash_near_duplicate,review_signal_or_discussion_tech_signal,,,,
lab-cluster-263,simhash_near_duplicate,review_signal_or_discussion_tech_signal,,,,
lab-cluster-264,simhash_near_duplicate,review_signal_or_discussion_digest_news,,,,
lab-cluster-269,simhash_near_duplicate,review_signal_or_discussion_outage_status,,,,
lab-cluster-270,simhash_near_duplicate,review_signal_or_discussion_outage_status,,,,
lab-cluster-276,simhash_near_duplicate,review_signal_or_discussion_potential_discussion_signal,,,,
lab-cluster-282,simhash_near_duplicate,review_signal_or_discussion_tech_signal,,,,
lab-cluster-283,simhash_near_duplicate,review_signal_or_discussion_tech_signal,,,,
lab-cluster-286,simhash_near_duplicate,review_signal_or_discussion_tech_signal,,,,
lab-cluster-298,simhash_near_duplicate,review_signal_or_discussion_tech_signal,,,,
lab-cluster-305,simhash_near_duplicate,review_signal_or_discussion_tech_signal,,,,
lab-cluster-315,simhash_near_duplicate,review_signal_or_discussion_tech_signal,,,,
lab-cluster-317,simhash_near_duplicate,review_signal_or_discussion_tech_signal,,,,
lab-cluster-324,simhash_near_duplicate,review_signal_or_discussion_tech_signal,,,,
lab-cluster-325,simhash_near_duplicate,review_signal_or_discussion_tech_signal,,,,
lab-cluster-326,simhash_near_duplicate,review_signal_or_discussion_tech_signal,,,,
lab-cluster-327,simhash_near_duplicate,review_signal_or_discussion_tech_signal,,,,
lab-cluster-328,simhash_near_duplicate,review_signal_or_discussion_tech_signal,,,,
lab-cluster-332,simhash_near_duplicate,review_signal_or_discussion_outage_status,,,,
lab-cluster-333,simhash_near_duplicate,review_signal_or_discussion_tech_signal,,,,
lab-cluster-336,simhash_near_duplicate,review_signal_or_discussion_tech_signal,,,,
lab-cluster-34,simhash_near_duplicate,review_signal_or_discussion_tech_signal,,,,
lab-cluster-342,simhash_near_duplicate,review_signal_or_discussion_tech_signal,,,,
lab-cluster-351,simhash_near_duplicate,review_signal_or_discussion_outage_status,,,,
lab-cluster-355,simhash_near_duplicate,review_signal_or_discussion_outage_status,,,,
lab-cluster-372,simhash_near_duplicate,review_signal_or_discussion_tech_signal,,,,
lab-cluster-376,simhash_near_duplicate,review_signal_or_discussion_potential_discussion_signal,,,,
lab-cluster-380,simhash_near_duplicate,review_signal_or_discussion_tech_signal,,,,
lab-cluster-382,simhash_near_duplicate,review_signal_or_discussion_tech_signal,,,,
lab-cluster-395,simhash_near_duplicate,review_signal_or_discussion_outage_status,,,,
lab-cluster-396,simhash_near_duplicate,review_signal_or_discussion_tech_signal,,,,
lab-cluster-397,simhash_near_duplicate,review_signal_or_discussion_tech_signal,,,,
lab-cluster-398,simhash_near_duplicate,review_signal_or_discussion_tech_signal,,,,
lab-cluster-406,simhash_near_duplicate,review_signal_or_discussion_tech_signal,,,,
lab-cluster-407,simhash_near_duplicate,review_signal_or_discussion_tech_signal,,,,
lab-cluster-409,simhash_near_duplicate,review_signal_or_discussion_tech_signal,,,,
lab-cluster-422,simhash_near_duplicate,review_signal_or_discussion_tech_signal,,,,
lab-cluster-423,simhash_near_duplicate,review_signal_or_discussion_outage_status,,,,
lab-cluster-426,simhash_near_duplicate,review_signal_or_discussion_tech_signal,,,,
lab-cluster-438,simhash_near_duplicate,review_signal_or_discussion_tech_signal,,,,
lab-cluster-444,simhash_near_duplicate,review_signal_or_discussion_tech_signal,,,,
lab-cluster-445,simhash_near_duplicate,review_signal_or_discussion_tech_signal,,,,
lab-cluster-456,simhash_near_duplicate,review_signal_or_discussion_tech_signal,,,,
lab-cluster-458,simhash_near_duplicate,review_signal_or_discussion_tech_signal,,,,
lab-cluster-459,simhash_near_duplicate,review_signal_or_discussion_tech_signal,,,,
lab-cluster-46,simhash_near_duplicate,review_signal_or_discussion_tech_signal,,,,
lab-cluster-462,simhash_near_duplicate,review_signal_or_discussion_tech_signal,,,,
lab-cluster-464,simhash_near_duplicate,review_signal_or_discussion_tech_signal,,,,
lab-cluster-467,simhash_near_duplicate,review_signal_or_discussion_tech_signal,,,,
lab-cluster-470,simhash_near_duplicate,review_signal_or_discussion_tech_signal,,,,
lab-cluster-474,simhash_near_duplicate,review_signal_or_discussion_tech_signal,,,,
lab-cluster-478,simhash_near_duplicate,review_signal_or_discussion_outage_status,,,,
lab-cluster-493,simhash_near_duplicate,review_signal_or_discussion_tech_signal,,,,
lab-cluster-494,simhash_near_duplicate,review_signal_or_discussion_tech_signal,,,,
lab-cluster-5,simhash_near_duplicate,review_signal_or_discussion_tech_signal,,,,
lab-cluster-511,simhash_near_duplicate,review_signal_or_discussion_tech_signal,,,,
lab-cluster-513,simhash_near_duplicate,review_signal_or_discussion_tech_signal,,,,
lab-cluster-514,simhash_near_duplicate,review_signal_or_discussion_tech_signal,,,,
lab-cluster-515,simhash_near_duplicate,review_signal_or_discussion_outage_status,,,,
lab-cluster-518,simhash_near_duplicate,review_signal_or_discussion_tech_signal,,,,
lab-cluster-519,simhash_near_duplicate,review_signal_or_discussion_tech_signal,,,,
lab-cluster-525,simhash_near_duplicate,review_signal_or_discussion_tech_signal,,,,
lab-cluster-530,simhash_near_duplicate,review_signal_or_discussion_tech_signal,,,,
lab-cluster-533,simhash_near_duplicate,review_signal_or_discussion_tech_signal,,,,
lab-cluster-534,simhash_near_duplicate,review_signal_or_discussion_outage_status,,,,
lab-cluster-537,simhash_near_duplicate,review_signal_or_discussion_outage_status,,,,
lab-cluster-538,simhash_near_duplicate,review_signal_or_discussion_outage_status,,,,
lab-cluster-540,simhash_near_duplicate,review_signal_or_discussion_potential_discussion_signal,,,,
lab-cluster-63,simhash_near_duplicate,review_signal_or_discussion_tech_signal,,,,
lab-cluster-64,simhash_near_duplicate,review_signal_or_discussion_tech_signal,,,,
lab-cluster-68,simhash_near_duplicate,review_signal_or_discussion_digest_news,,,,
lab-cluster-69,simhash_near_duplicate,review_signal_or_discussion_digest_news,,,,
lab-cluster-73,simhash_near_duplicate,review_signal_or_discussion_tech_signal,,,,
lab-cluster-78,simhash_near_duplicate,review_signal_or_discussion_tech_signal,,,,
lab-cluster-79,simhash_near_duplicate,review_signal_or_discussion_tech_signal,,,,
lab-cluster-80,simhash_near_duplicate,review_signal_or_discussion_outage_status,,,,
lab-cluster-81,simhash_near_duplicate,review_signal_or_discussion_tech_signal,,,,
lab-cluster-82,simhash_near_duplicate,review_signal_or_discussion_tech_signal,,,,
lab-cluster-84,simhash_near_duplicate,review_signal_or_discussion_outage_status,,,,
lab-cluster-85,simhash_near_duplicate,review_signal_or_discussion_outage_status,,,,
lab-cluster-155,simhash_near_duplicate,needs_link_enrichment_social_media_link,,,,
lab-cluster-165,simhash_near_duplicate,needs_link_enrichment_link_share,,,,
lab-cluster-186,simhash_near_duplicate,needs_link_enrichment_link_share,,,,
lab-cluster-306,simhash_near_duplicate,needs_link_enrichment_link_share,,,,
lab-cluster-31,simhash_near_duplicate,needs_link_enrichment_link_share,,,,
lab-cluster-378,simhash_near_duplicate,needs_link_enrichment_internal_telegram_link,,,,
lab-cluster-473,simhash_near_duplicate,needs_link_enrichment_internal_telegram_link,,,,
lab-cluster-86,simhash_near_duplicate,needs_link_enrichment_internal_telegram_link,,,,
lab-cluster-10,simhash_near_duplicate,needs_link_enrichment_social_media_link,,,,
lab-cluster-11,simhash_near_duplicate,needs_link_enrichment_social_media_link,,,,
lab-cluster-110,simhash_near_duplicate,needs_link_enrichment_social_media_link,,,,
lab-cluster-111,simhash_near_duplicate,needs_link_enrichment_link_share,,,,
lab-cluster-112,simhash_near_duplicate,needs_link_enrichment_internal_telegram_link,,,,
lab-cluster-113,simhash_near_duplicate,needs_link_enrichment_link_share,,,,
lab-cluster-118,simhash_near_duplicate,needs_link_enrichment_social_media_link,,,,
lab-cluster-12,simhash_near_duplicate,needs_link_enrichment_social_media_link,,,,
lab-cluster-124,simhash_near_duplicate,needs_link_enrichment_link_share,,,,
lab-cluster-127,simhash_near_duplicate,needs_link_enrichment_resource_link,,,,
lab-cluster-143,simhash_near_duplicate,needs_link_enrichment_internal_telegram_link,,,,
lab-cluster-145,simhash_near_duplicate,needs_link_enrichment_link_share,,,,
lab-cluster-148,simhash_near_duplicate,needs_link_enrichment_social_media_link,,,,
lab-cluster-153,simhash_near_duplicate,needs_link_enrichment_social_media_link,,,,
lab-cluster-16,simhash_near_duplicate,needs_link_enrichment_social_media_link,,,,
lab-cluster-17,simhash_near_duplicate,needs_link_enrichment_resource_link,,,,
lab-cluster-178,simhash_near_duplicate,needs_link_enrichment_link_share,,,,
lab-cluster-188,simhash_near_duplicate,needs_link_enrichment_internal_telegram_link,,,,
lab-cluster-190,simhash_near_duplicate,needs_link_enrichment_social_media_link,,,,
lab-cluster-198,simhash_near_duplicate,needs_link_enrichment_link_share,,,,
lab-cluster-199,simhash_near_duplicate,needs_link_enrichment_internal_telegram_link,,,,
lab-cluster-201,simhash_near_duplicate,needs_link_enrichment_link_share,,,,
lab-cluster-203,simhash_near_duplicate,needs_link_enrichment_internal_telegram_link,,,,
lab-cluster-206,simhash_near_duplicate,needs_link_enrichment_link_share,,,,
lab-cluster-211,simhash_near_duplicate,needs_link_enrichment_internal_telegram_link,,,,
lab-cluster-216,simhash_near_duplicate,needs_link_enrichment_resource_link,,,,
lab-cluster-231,simhash_near_duplicate,needs_link_enrichment_link_share,,,,
lab-cluster-232,simhash_near_duplicate,needs_link_enrichment_link_share,,,,
lab-cluster-233,simhash_near_duplicate,needs_link_enrichment_link_share,,,,
lab-cluster-243,simhash_near_duplicate,needs_link_enrichment_link_share,,,,
lab-cluster-249,simhash_near_duplicate,needs_link_enrichment_resource_link,,,,
lab-cluster-250,simhash_near_duplicate,needs_link_enrichment_social_media_link,,,,
lab-cluster-261,simhash_near_duplicate,needs_link_enrichment_resource_link,,,,
lab-cluster-27,simhash_near_duplicate,needs_link_enrichment_link_share,,,,
lab-cluster-302,simhash_near_duplicate,needs_link_enrichment_link_share,,,,
lab-cluster-309,simhash_near_duplicate,needs_link_enrichment_social_media_link,,,,
lab-cluster-32,simhash_near_duplicate,needs_link_enrichment_social_media_link,,,,
lab-cluster-344,simhash_near_duplicate,needs_link_enrichment_link_share,,,,
lab-cluster-349,simhash_near_duplicate,needs_link_enrichment_link_share,,,,
lab-cluster-350,simhash_near_duplicate,needs_link_enrichment_link_share,,,,
lab-cluster-354,simhash_near_duplicate,needs_link_enrichment_internal_telegram_link,,,,
lab-cluster-356,simhash_near_duplicate,needs_link_enrichment_link_share,,,,
lab-cluster-357,simhash_near_duplicate,needs_link_enrichment_internal_telegram_link,,,,
lab-cluster-358,simhash_near_duplicate,needs_link_enrichment_internal_telegram_link,,,,
lab-cluster-359,simhash_near_duplicate,needs_link_enrichment_link_share,,,,
lab-cluster-360,simhash_near_duplicate,needs_link_enrichment_internal_telegram_link,,,,
lab-cluster-361,simhash_near_duplicate,needs_link_enrichment_internal_telegram_link,,,,
lab-cluster-362,simhash_near_duplicate,needs_link_enrichment_internal_telegram_link,,,,
lab-cluster-363,simhash_near_duplicate,needs_link_enrichment_resource_link,,,,
lab-cluster-370,simhash_near_duplicate,needs_link_enrichment_internal_telegram_link,,,,
lab-cluster-371,simhash_near_duplicate,needs_link_enrichment_internal_telegram_link,,,,
lab-cluster-381,simhash_near_duplicate,needs_link_enrichment_link_share,,,,
lab-cluster-387,simhash_near_duplicate,needs_link_enrichment_link_share,,,,
lab-cluster-389,simhash_near_duplicate,needs_link_enrichment_internal_telegram_link,,,,
lab-cluster-391,simhash_near_duplicate,needs_link_enrichment_social_media_link,,,,
lab-cluster-4,simhash_near_duplicate,needs_link_enrichment_social_media_link,,,,
lab-cluster-401,simhash_near_duplicate,needs_link_enrichment_link_share,,,,
lab-cluster-41,simhash_near_duplicate,needs_link_enrichment_internal_telegram_link,,,,
lab-cluster-430,simhash_near_duplicate,needs_link_enrichment_link_share,,,,
lab-cluster-447,simhash_near_duplicate,needs_link_enrichment_social_media_link,,,,
lab-cluster-45,simhash_near_duplicate,needs_link_enrichment_social_media_link,,,,
lab-cluster-463,simhash_near_duplicate,needs_link_enrichment_internal_telegram_link,,,,
lab-cluster-466,simhash_near_duplicate,needs_link_enrichment_internal_telegram_link,,,,
lab-cluster-480,simhash_near_duplicate,needs_link_enrichment_link_share,,,,
lab-cluster-49,simhash_near_duplicate,needs_link_enrichment_social_media_link,,,,
lab-cluster-502,simhash_near_duplicate,needs_link_enrichment_link_share,,,,
lab-cluster-516,simhash_near_duplicate,needs_link_enrichment_link_share,,,,
lab-cluster-52,simhash_near_duplicate,needs_link_enrichment_social_media_link,,,,
lab-cluster-523,simhash_near_duplicate,needs_link_enrichment_link_share,,,,
lab-cluster-531,simhash_near_duplicate,needs_link_enrichment_internal_telegram_link,,,,
lab-cluster-532,simhash_near_duplicate,needs_link_enrichment_internal_telegram_link,,,,
lab-cluster-535,simhash_near_duplicate,needs_link_enrichment_internal_telegram_link,,,,
lab-cluster-536,simhash_near_duplicate,needs_link_enrichment_internal_telegram_link,,,,
lab-cluster-539,simhash_near_duplicate,needs_link_enrichment_internal_telegram_link,,,,
lab-cluster-56,simhash_near_duplicate,needs_link_enrichment_internal_telegram_link,,,,
lab-cluster-58,simhash_near_duplicate,needs_link_enrichment_social_media_link,,,,
lab-cluster-70,simhash_near_duplicate,needs_link_enrichment_internal_telegram_link,,,,
lab-cluster-72,simhash_near_duplicate,needs_link_enrichment_link_share,,,,
lab-cluster-75,simhash_near_duplicate,needs_link_enrichment_resource_link,,,,
lab-cluster-8,simhash_near_duplicate,needs_link_enrichment_social_media_link,,,,
lab-cluster-92,simhash_near_duplicate,needs_link_enrichment_social_media_link,,,,
lab-cluster-94,simhash_near_duplicate,needs_link_enrichment_resource_link,,,,
lab-cluster-386,simhash_near_duplicate,retain_context_only_model_rumor_or_pricing_claim,,,,
lab-cluster-399,simhash_near_duplicate,retain_context_only_career_job_post,,,,
lab-cluster-132,simhash_near_duplicate,retain_context_only_career_job_post,,,,
lab-cluster-160,simhash_near_duplicate,retain_context_only_model_rumor_or_pricing_claim,,,,
lab-cluster-196,simhash_near_duplicate,retain_context_only_career_job_post,,,,
lab-cluster-197,simhash_near_duplicate,retain_context_only_career_job_post,,,,
lab-cluster-24,simhash_near_duplicate,retain_context_only_event_announcement,,,,
lab-cluster-265,simhash_near_duplicate,retain_context_only_career_job_post,,,,
lab-cluster-318,simhash_near_duplicate,retain_context_only_model_rumor_or_pricing_claim,,,,
lab-cluster-402,simhash_near_duplicate,retain_context_only_model_rumor_or_pricing_claim,,,,
lab-cluster-88,simhash_near_duplicate,retain_context_only_model_rumor_or_pricing_claim,,,,
lab-cluster-1,simhash_near_duplicate,retain_context_only_career_job_post,,,,
lab-cluster-101,simhash_near_duplicate,retain_context_only_weak_signal,,,,
lab-cluster-103,simhash_near_duplicate,retain_context_only_model_rumor_or_pricing_claim,,,,
lab-cluster-104,simhash_near_duplicate,retain_context_only_model_rumor_or_pricing_claim,,,,
lab-cluster-105,simhash_near_duplicate,retain_context_only_weak_signal,,,,
lab-cluster-107,simhash_near_duplicate,retain_context_only_career_job_post,,,,
lab-cluster-109,simhash_near_duplicate,retain_context_only_model_rumor_or_pricing_claim,,,,
lab-cluster-114,simhash_near_duplicate,retain_context_only_weak_signal,,,,
lab-cluster-122,simhash_near_duplicate,retain_context_only_career_job_post,,,,
lab-cluster-131,simhash_near_duplicate,retain_context_only_career_job_post,,,,
lab-cluster-137,simhash_near_duplicate,retain_context_only_weak_signal,,,,
lab-cluster-139,simhash_near_duplicate,retain_context_only_weak_signal,,,,
lab-cluster-147,simhash_near_duplicate,retain_context_only_career_job_post,,,,
lab-cluster-152,simhash_near_duplicate,retain_context_only_weak_signal,,,,
lab-cluster-156,simhash_near_duplicate,retain_context_only_weak_signal,,,,
lab-cluster-157,simhash_near_duplicate,retain_context_only_career_job_post,,,,
lab-cluster-158,simhash_near_duplicate,retain_context_only_career_job_post,,,,
lab-cluster-159,simhash_near_duplicate,retain_context_only_career_job_post,,,,
lab-cluster-161,simhash_near_duplicate,retain_context_only_career_job_post,,,,
lab-cluster-163,simhash_near_duplicate,retain_context_only_weak_signal,,,,
lab-cluster-167,simhash_near_duplicate,retain_context_only_model_rumor_or_pricing_claim,,,,
lab-cluster-170,simhash_near_duplicate,retain_context_only_career_job_post,,,,
lab-cluster-172,simhash_near_duplicate,retain_context_only_weak_signal,,,,
lab-cluster-173,simhash_near_duplicate,retain_context_only_career_job_post,,,,
lab-cluster-176,simhash_near_duplicate,retain_context_only_career_job_post,,,,
lab-cluster-177,simhash_near_duplicate,retain_context_only_model_rumor_or_pricing_claim,,,,
lab-cluster-18,simhash_near_duplicate,retain_context_only_event_announcement,,,,
lab-cluster-182,simhash_near_duplicate,retain_context_only_career_job_post,,,,
lab-cluster-184,simhash_near_duplicate,retain_context_only_model_rumor_or_pricing_claim,,,,
lab-cluster-189,simhash_near_duplicate,retain_context_only_career_job_post,,,,
lab-cluster-191,simhash_near_duplicate,retain_context_only_model_rumor_or_pricing_claim,,,,
lab-cluster-192,simhash_near_duplicate,retain_context_only_event_announcement,,,,
lab-cluster-193,simhash_near_duplicate,retain_context_only_career_job_post,,,,
lab-cluster-194,simhash_near_duplicate,retain_context_only_weak_signal,,,,
lab-cluster-20,simhash_near_duplicate,retain_context_only_weak_signal,,,,
lab-cluster-200,simhash_near_duplicate,retain_context_only_model_rumor_or_pricing_claim,,,,
lab-cluster-210,simhash_near_duplicate,retain_context_only_career_job_post,,,,
lab-cluster-218,simhash_near_duplicate,retain_context_only_model_rumor_or_pricing_claim,,,,
lab-cluster-219,simhash_near_duplicate,retain_context_only_career_job_post,,,,
lab-cluster-222,simhash_near_duplicate,retain_context_only_model_rumor_or_pricing_claim,,,,
lab-cluster-223,simhash_near_duplicate,retain_context_only_model_rumor_or_pricing_claim,,,,
lab-cluster-224,simhash_near_duplicate,retain_context_only_model_rumor_or_pricing_claim,,,,
lab-cluster-225,simhash_near_duplicate,retain_context_only_model_rumor_or_pricing_claim,,,,
lab-cluster-226,simhash_near_duplicate,retain_context_only_model_rumor_or_pricing_claim,,,,
lab-cluster-228,simhash_near_duplicate,retain_context_only_model_rumor_or_pricing_claim,,,,
lab-cluster-229,simhash_near_duplicate,retain_context_only_model_rumor_or_pricing_claim,,,,
lab-cluster-234,simhash_near_duplicate,retain_context_only_career_job_post,,,,
lab-cluster-236,simhash_near_duplicate,retain_context_only_model_rumor_or_pricing_claim,,,,
lab-cluster-238,simhash_near_duplicate,retain_context_only_career_job_post,,,,
lab-cluster-239,simhash_near_duplicate,retain_context_only_career_job_post,,,,
lab-cluster-240,simhash_near_duplicate,retain_context_only_weak_signal,,,,
lab-cluster-245,simhash_near_duplicate,retain_context_only_career_job_post,,,,
lab-cluster-248,simhash_near_duplicate,retain_context_only_career_job_post,,,,
lab-cluster-251,simhash_near_duplicate,retain_context_only_career_job_post,,,,
lab-cluster-255,simhash_near_duplicate,retain_context_only_event_announcement,,,,
lab-cluster-256,simhash_near_duplicate,retain_context_only_career_job_post,,,,
lab-cluster-257,simhash_near_duplicate,retain_context_only_event_announcement,,,,
lab-cluster-271,simhash_near_duplicate,retain_context_only_model_rumor_or_pricing_claim,,,,
lab-cluster-272,simhash_near_duplicate,retain_context_only_weak_signal,,,,
lab-cluster-274,simhash_near_duplicate,retain_context_only_weak_signal,,,,
lab-cluster-28,simhash_near_duplicate,retain_context_only_career_job_post,,,,
lab-cluster-280,simhash_near_duplicate,retain_context_only_model_rumor_or_pricing_claim,,,,
lab-cluster-281,simhash_near_duplicate,retain_context_only_model_rumor_or_pricing_claim,,,,
lab-cluster-287,simhash_near_duplicate,retain_context_only_career_job_post,,,,
lab-cluster-288,simhash_near_duplicate,retain_context_only_weak_signal,,,,
lab-cluster-29,simhash_near_duplicate,retain_context_only_event_announcement,,,,
lab-cluster-294,simhash_near_duplicate,retain_context_only_weak_signal,,,,
lab-cluster-295,simhash_near_duplicate,retain_context_only_career_job_post,,,,
lab-cluster-296,simhash_near_duplicate,retain_context_only_career_job_post,,,,
lab-cluster-297,simhash_near_duplicate,retain_context_only_model_rumor_or_pricing_claim,,,,
lab-cluster-299,simhash_near_duplicate,retain_context_only_career_job_post,,,,
lab-cluster-30,simhash_near_duplicate,retain_context_only_career_job_post,,,,
lab-cluster-300,simhash_near_duplicate,retain_context_only_career_job_post,,,,
lab-cluster-304,simhash_near_duplicate,retain_context_only_career_job_post,,,,
lab-cluster-307,simhash_near_duplicate,retain_context_only_career_job_post,,,,
lab-cluster-310,simhash_near_duplicate,retain_context_only_career_job_post,,,,
lab-cluster-311,simhash_near_duplicate,retain_context_only_career_job_post,,,,
lab-cluster-313,simhash_near_duplicate,retain_context_only_event_announcement,,,,
lab-cluster-323,simhash_near_duplicate,retain_context_only_model_rumor_or_pricing_claim,,,,
lab-cluster-330,simhash_near_duplicate,retain_context_only_weak_signal,,,,
lab-cluster-331,simhash_near_duplicate,retain_context_only_model_rumor_or_pricing_claim,,,,
lab-cluster-334,simhash_near_duplicate,retain_context_only_weak_signal,,,,
lab-cluster-338,simhash_near_duplicate,retain_context_only_model_rumor_or_pricing_claim,,,,
lab-cluster-339,simhash_near_duplicate,retain_context_only_model_rumor_or_pricing_claim,,,,
lab-cluster-340,simhash_near_duplicate,retain_context_only_weak_signal,,,,
lab-cluster-343,simhash_near_duplicate,retain_context_only_weak_signal,,,,
lab-cluster-345,simhash_near_duplicate,retain_context_only_weak_signal,,,,
lab-cluster-347,simhash_near_duplicate,retain_context_only_event_announcement,,,,
lab-cluster-367,simhash_near_duplicate,retain_context_only_model_rumor_or_pricing_claim,,,,
lab-cluster-368,simhash_near_duplicate,retain_context_only_model_rumor_or_pricing_claim,,,,
lab-cluster-369,simhash_near_duplicate,retain_context_only_weak_signal,,,,
lab-cluster-37,simhash_near_duplicate,retain_context_only_model_rumor_or_pricing_claim,,,,
lab-cluster-373,simhash_near_duplicate,retain_context_only_model_rumor_or_pricing_claim,,,,
lab-cluster-374,simhash_near_duplicate,retain_context_only_weak_signal,,,,
lab-cluster-377,simhash_near_duplicate,retain_context_only_career_job_post,,,,
lab-cluster-38,simhash_near_duplicate,retain_context_only_model_rumor_or_pricing_claim,,,,
lab-cluster-383,simhash_near_duplicate,retain_context_only_career_job_post,,,,
lab-cluster-384,simhash_near_duplicate,retain_context_only_model_rumor_or_pricing_claim,,,,
lab-cluster-388,simhash_near_duplicate,retain_context_only_model_rumor_or_pricing_claim,,,,
lab-cluster-390,simhash_near_duplicate,retain_context_only_career_job_post,,,,
lab-cluster-392,simhash_near_duplicate,retain_context_only_career_job_post,,,,
lab-cluster-393,simhash_near_duplicate,retain_context_only_weak_signal,,,,
lab-cluster-394,simhash_near_duplicate,retain_context_only_career_job_post,,,,
lab-cluster-40,simhash_near_duplicate,retain_context_only_career_job_post,,,,
lab-cluster-400,simhash_near_duplicate,retain_context_only_career_job_post,,,,
lab-cluster-403,simhash_near_duplicate,retain_context_only_model_rumor_or_pricing_claim,,,,
lab-cluster-404,simhash_near_duplicate,retain_context_only_career_job_post,,,,
lab-cluster-405,simhash_near_duplicate,retain_context_only_career_job_post,,,,
lab-cluster-408,simhash_near_duplicate,retain_context_only_career_job_post,,,,
lab-cluster-410,simhash_near_duplicate,retain_context_only_event_announcement,,,,
lab-cluster-411,simhash_near_duplicate,retain_context_only_event_announcement,,,,
lab-cluster-412,simhash_near_duplicate,retain_context_only_event_announcement,,,,
lab-cluster-413,simhash_near_duplicate,retain_context_only_career_job_post,,,,
lab-cluster-415,simhash_near_duplicate,retain_context_only_career_job_post,,,,
lab-cluster-416,simhash_near_duplicate,retain_context_only_event_announcement,,,,
lab-cluster-417,simhash_near_duplicate,retain_context_only_weak_signal,,,,
lab-cluster-42,simhash_near_duplicate,retain_context_only_model_rumor_or_pricing_claim,,,,
lab-cluster-424,simhash_near_duplicate,retain_context_only_career_job_post,,,,
lab-cluster-425,simhash_near_duplicate,retain_context_only_career_job_post,,,,
lab-cluster-427,simhash_near_duplicate,retain_context_only_career_job_post,,,,
lab-cluster-43,simhash_near_duplicate,retain_context_only_career_job_post,,,,
lab-cluster-432,simhash_near_duplicate,retain_context_only_career_job_post,,,,
lab-cluster-433,simhash_near_duplicate,retain_context_only_career_job_post,,,,
lab-cluster-434,simhash_near_duplicate,retain_context_only_model_rumor_or_pricing_claim,,,,
lab-cluster-435,simhash_near_duplicate,retain_context_only_career_job_post,,,,
lab-cluster-436,simhash_near_duplicate,retain_context_only_model_rumor_or_pricing_claim,,,,
lab-cluster-439,simhash_near_duplicate,retain_context_only_model_rumor_or_pricing_claim,,,,
lab-cluster-44,simhash_near_duplicate,retain_context_only_career_job_post,,,,
lab-cluster-440,simhash_near_duplicate,retain_context_only_model_rumor_or_pricing_claim,,,,
lab-cluster-441,simhash_near_duplicate,retain_context_only_career_job_post,,,,
lab-cluster-442,simhash_near_duplicate,retain_context_only_career_job_post,,,,
lab-cluster-443,simhash_near_duplicate,retain_context_only_model_rumor_or_pricing_claim,,,,
lab-cluster-446,simhash_near_duplicate,retain_context_only_career_job_post,,,,
lab-cluster-449,simhash_near_duplicate,retain_context_only_model_rumor_or_pricing_claim,,,,
lab-cluster-450,simhash_near_duplicate,retain_context_only_model_rumor_or_pricing_claim,,,,
lab-cluster-451,simhash_near_duplicate,retain_context_only_weak_signal,,,,
lab-cluster-452,simhash_near_duplicate,retain_context_only_career_job_post,,,,
lab-cluster-454,simhash_near_duplicate,retain_context_only_weak_signal,,,,
lab-cluster-455,simhash_near_duplicate,retain_context_only_weak_signal,,,,
lab-cluster-461,simhash_near_duplicate,retain_context_only_model_rumor_or_pricing_claim,,,,
lab-cluster-479,simhash_near_duplicate,retain_context_only_model_rumor_or_pricing_claim,,,,
lab-cluster-481,simhash_near_duplicate,retain_context_only_weak_signal,,,,
lab-cluster-482,simhash_near_duplicate,retain_context_only_weak_signal,,,,
lab-cluster-483,simhash_near_duplicate,retain_context_only_model_rumor_or_pricing_claim,,,,
lab-cluster-484,simhash_near_duplicate,retain_context_only_weak_signal,,,,
lab-cluster-486,simhash_near_duplicate,retain_context_only_career_job_post,,,,
lab-cluster-487,simhash_near_duplicate,retain_context_only_career_job_post,,,,
lab-cluster-488,simhash_near_duplicate,retain_context_only_model_rumor_or_pricing_claim,,,,
lab-cluster-489,simhash_near_duplicate,retain_context_only_model_rumor_or_pricing_claim,,,,
lab-cluster-490,simhash_near_duplicate,retain_context_only_weak_signal,,,,
lab-cluster-491,simhash_near_duplicate,retain_context_only_model_rumor_or_pricing_claim,,,,
lab-cluster-492,simhash_near_duplicate,retain_context_only_model_rumor_or_pricing_claim,,,,
lab-cluster-498,simhash_near_duplicate,retain_context_only_model_rumor_or_pricing_claim,,,,
lab-cluster-499,simhash_near_duplicate,retain_context_only_model_rumor_or_pricing_claim,,,,
lab-cluster-500,simhash_near_duplicate,retain_context_only_model_rumor_or_pricing_claim,,,,
lab-cluster-501,simhash_near_duplicate,retain_context_only_model_rumor_or_pricing_claim,,,,
lab-cluster-504,simhash_near_duplicate,retain_context_only_career_job_post,,,,
lab-cluster-507,simhash_near_duplicate,retain_context_only_weak_signal,,,,
lab-cluster-508,simhash_near_duplicate,retain_context_only_weak_signal,,,,
lab-cluster-509,simhash_near_duplicate,retain_context_only_event_announcement,,,,
lab-cluster-517,simhash_near_duplicate,retain_context_only_career_job_post,,,,
lab-cluster-520,simhash_near_duplicate,retain_context_only_model_rumor_or_pricing_claim,,,,
lab-cluster-522,simhash_near_duplicate,retain_context_only_career_job_post,,,,
lab-cluster-524,simhash_near_duplicate,retain_context_only_career_job_post,,,,
lab-cluster-526,simhash_near_duplicate,retain_context_only_model_rumor_or_pricing_claim,,,,
lab-cluster-527,simhash_near_duplicate,retain_context_only_career_job_post,,,,
lab-cluster-529,simhash_near_duplicate,retain_context_only_model_rumor_or_pricing_claim,,,,
lab-cluster-59,simhash_near_duplicate,retain_context_only_career_job_post,,,,
lab-cluster-61,simhash_near_duplicate,retain_context_only_career_job_post,,,,
lab-cluster-62,simhash_near_duplicate,retain_context_only_weak_signal,,,,
lab-cluster-65,simhash_near_duplicate,retain_context_only_career_job_post,,,,
lab-cluster-71,simhash_near_duplicate,retain_context_only_weak_signal,,,,
lab-cluster-77,simhash_near_duplicate,retain_context_only_career_job_post,,,,
lab-cluster-91,simhash_near_duplicate,retain_context_only_career_job_post,,,,
lab-cluster-96,simhash_near_duplicate,retain_context_only_career_job_post,,,,
lab-cluster-97,simhash_near_duplicate,retain_context_only_weak_signal,,,,
lab-cluster-98,simhash_near_duplicate,retain_context_only_career_job_post,,,,
lab-cluster-102,simhash_near_duplicate,no_material_low_value_chatter,,,,
lab-cluster-35,simhash_near_duplicate,no_material_low_value_chatter,,,,
lab-cluster-116,simhash_near_duplicate,no_material_low_value_chatter,,,,
lab-cluster-134,simhash_near_duplicate,no_material_low_value_chatter,,,,
lab-cluster-136,simhash_near_duplicate,no_material_low_value_chatter,,,,
lab-cluster-227,simhash_near_duplicate,no_material_low_value_chatter,,,,
lab-cluster-54,simhash_near_duplicate,no_material_low_value_chatter,,,,
lab-cluster-89,simhash_near_duplicate,signal_only_risk_review_risk_promo_referral,,,,
lab-cluster-108,simhash_near_duplicate,signal_only_risk_review_referral_or_invite_link,,,,
lab-cluster-115,simhash_near_duplicate,no_material_low_value_chatter,,,,
lab-cluster-117,simhash_near_duplicate,no_material_low_value_chatter,,,,
lab-cluster-125,simhash_near_duplicate,no_material_low_value_chatter,,,,
lab-cluster-126,simhash_near_duplicate,no_material_low_value_chatter,,,,
lab-cluster-129,simhash_near_duplicate,no_material_low_value_chatter,,,,
lab-cluster-13,simhash_near_duplicate,signal_only_risk_review_risk_promo_referral,,,,
lab-cluster-133,simhash_near_duplicate,no_material_low_value_chatter,,,,
lab-cluster-14,simhash_near_duplicate,signal_only_risk_review_risk_promo_referral,,,,
lab-cluster-140,simhash_near_duplicate,no_material_low_value_chatter,,,,
lab-cluster-149,simhash_near_duplicate,no_material_low_value_chatter,,,,
lab-cluster-150,simhash_near_duplicate,no_material_low_value_chatter,,,,
lab-cluster-154,simhash_near_duplicate,no_material_low_value_chatter,,,,
lab-cluster-169,simhash_near_duplicate,no_material_low_value_chatter,,,,
lab-cluster-171,simhash_near_duplicate,no_material_low_value_chatter,,,,
lab-cluster-175,simhash_near_duplicate,no_material_low_value_chatter,,,,
lab-cluster-181,simhash_near_duplicate,no_material_low_value_chatter,,,,
lab-cluster-183,simhash_near_duplicate,signal_only_risk_review_risk_promo_referral,,,,
lab-cluster-185,simhash_near_duplicate,no_material_low_value_chatter,,,,
lab-cluster-187,simhash_near_duplicate,no_material_low_value_chatter,,,,
lab-cluster-2,simhash_near_duplicate,no_material_low_value_chatter,,,,
lab-cluster-205,simhash_near_duplicate,no_material_low_value_chatter,,,,
lab-cluster-207,simhash_near_duplicate,no_material_low_value_chatter,,,,
lab-cluster-208,simhash_near_duplicate,no_material_low_value_chatter,,,,
lab-cluster-21,simhash_near_duplicate,no_material_low_value_chatter,,,,
lab-cluster-212,simhash_near_duplicate,no_material_low_value_chatter,,,,
lab-cluster-215,simhash_near_duplicate,no_material_low_value_chatter,,,,
lab-cluster-221,simhash_near_duplicate,signal_only_risk_review_risk_promo_referral,,,,
lab-cluster-242,simhash_near_duplicate,no_material_low_value_chatter,,,,
lab-cluster-258,simhash_near_duplicate,signal_only_risk_review_referral_or_invite_link,,,,
lab-cluster-26,simhash_near_duplicate,no_material_low_value_chatter,,,,
lab-cluster-266,simhash_near_duplicate,no_material_low_value_chatter,,,,
lab-cluster-267,simhash_near_duplicate,no_material_low_value_chatter,,,,
lab-cluster-273,simhash_near_duplicate,no_material_low_value_chatter,,,,
lab-cluster-275,simhash_near_duplicate,signal_only_risk_review_risk_promo_referral,,,,
lab-cluster-277,simhash_near_duplicate,no_material_low_value_chatter,,,,
lab-cluster-278,simhash_near_duplicate,no_material_low_value_chatter,,,,
lab-cluster-279,simhash_near_duplicate,no_material_low_value_chatter,,,,
lab-cluster-284,simhash_near_duplicate,no_material_low_value_chatter,,,,
lab-cluster-285,simhash_near_duplicate,no_material_low_value_chatter,,,,
lab-cluster-289,simhash_near_duplicate,no_material_low_value_chatter,,,,
lab-cluster-290,simhash_near_duplicate,no_material_low_value_chatter,,,,
lab-cluster-291,simhash_near_duplicate,no_material_low_value_chatter,,,,
lab-cluster-292,simhash_near_duplicate,no_material_low_value_chatter,,,,
lab-cluster-293,simhash_near_duplicate,no_material_low_value_chatter,,,,
lab-cluster-3,simhash_near_duplicate,no_material_low_value_chatter,,,,
lab-cluster-301,simhash_near_duplicate,no_material_low_value_chatter,,,,
lab-cluster-303,simhash_near_duplicate,no_material_low_value_chatter,,,,
lab-cluster-312,simhash_near_duplicate,no_material_low_value_chatter,,,,
lab-cluster-314,simhash_near_duplicate,no_material_low_value_chatter,,,,
lab-cluster-316,simhash_near_duplicate,no_material_low_value_chatter,,,,
lab-cluster-319,simhash_near_duplicate,no_material_low_value_chatter,,,,
lab-cluster-320,simhash_near_duplicate,no_material_low_value_chatter,,,,
lab-cluster-321,simhash_near_duplicate,no_material_low_value_chatter,,,,
lab-cluster-322,simhash_near_duplicate,no_material_low_value_chatter,,,,
lab-cluster-329,simhash_near_duplicate,no_material_low_value_chatter,,,,
lab-cluster-33,simhash_near_duplicate,no_material_low_value_chatter,,,,
lab-cluster-335,simhash_near_duplicate,no_material_low_value_chatter,,,,
lab-cluster-337,simhash_near_duplicate,no_material_low_value_chatter,,,,
lab-cluster-341,simhash_near_duplicate,no_material_low_value_chatter,,,,
lab-cluster-346,simhash_near_duplicate,no_material_low_value_chatter,,,,
lab-cluster-348,simhash_near_duplicate,no_material_low_value_chatter,,,,
lab-cluster-352,simhash_near_duplicate,no_material_low_value_chatter,,,,
lab-cluster-353,simhash_near_duplicate,no_material_low_value_chatter,,,,
lab-cluster-36,simhash_near_duplicate,no_material_low_value_chatter,,,,
lab-cluster-364,simhash_near_duplicate,no_material_low_value_chatter,,,,
lab-cluster-365,simhash_near_duplicate,no_material_low_value_chatter,,,,
lab-cluster-366,simhash_near_duplicate,no_material_low_value_chatter,,,,
lab-cluster-375,simhash_near_duplicate,no_material_low_value_chatter,,,,
lab-cluster-379,simhash_near_duplicate,no_material_low_value_chatter,,,,
lab-cluster-385,simhash_near_duplicate,no_material_low_value_chatter,,,,
lab-cluster-39,simhash_near_duplicate,no_material_low_value_chatter,,,,
lab-cluster-414,simhash_near_duplicate,no_material_low_value_chatter,,,,
lab-cluster-418,simhash_near_duplicate,no_material_low_value_chatter,,,,
lab-cluster-420,simhash_near_duplicate,no_material_low_value_chatter,,,,
lab-cluster-421,simhash_near_duplicate,no_material_low_value_chatter,,,,
lab-cluster-428,simhash_near_duplicate,no_material_low_value_chatter,,,,
lab-cluster-429,simhash_near_duplicate,no_material_low_value_chatter,,,,
lab-cluster-431,simhash_near_duplicate,no_material_low_value_chatter,,,,
lab-cluster-437,simhash_near_duplicate,no_material_low_value_chatter,,,,
lab-cluster-448,simhash_near_duplicate,no_material_low_value_chatter,,,,
lab-cluster-453,simhash_near_duplicate,no_material_low_value_chatter,,,,
lab-cluster-457,simhash_near_duplicate,no_material_low_value_chatter,,,,
lab-cluster-460,simhash_near_duplicate,no_material_low_value_chatter,,,,
lab-cluster-465,simhash_near_duplicate,no_material_low_value_chatter,,,,
lab-cluster-468,simhash_near_duplicate,no_material_low_value_chatter,,,,
lab-cluster-469,simhash_near_duplicate,no_material_low_value_chatter,,,,
lab-cluster-47,simhash_near_duplicate,signal_only_risk_review_referral_or_invite_link,,,,
lab-cluster-471,simhash_near_duplicate,signal_only_risk_review_referral_or_invite_link,,,,
lab-cluster-472,simhash_near_duplicate,no_material_low_value_chatter,,,,
lab-cluster-475,simhash_near_duplicate,no_material_low_value_chatter,,,,
lab-cluster-477,simhash_near_duplicate,signal_only_risk_review_referral_or_invite_link,,,,
lab-cluster-485,simhash_near_duplicate,no_material_low_value_chatter,,,,
lab-cluster-495,simhash_near_duplicate,no_material_low_value_chatter,,,,
lab-cluster-496,simhash_near_duplicate,no_material_low_value_chatter,,,,
lab-cluster-497,simhash_near_duplicate,no_material_low_value_chatter,,,,
lab-cluster-50,simhash_near_duplicate,signal_only_risk_review_referral_or_invite_link,,,,
lab-cluster-503,simhash_near_duplicate,no_material_low_value_chatter,,,,
lab-cluster-505,simhash_near_duplicate,no_material_low_value_chatter,,,,
lab-cluster-506,simhash_near_duplicate,no_material_low_value_chatter,,,,
lab-cluster-51,simhash_near_duplicate,no_material_low_value_chatter,,,,
lab-cluster-510,simhash_near_duplicate,no_material_low_value_chatter,,,,
lab-cluster-512,simhash_near_duplicate,no_material_low_value_chatter,,,,
lab-cluster-521,simhash_near_duplicate,no_material_low_value_chatter,,,,
lab-cluster-53,simhash_near_duplicate,no_material_low_value_chatter,,,,
lab-cluster-55,simhash_near_duplicate,signal_only_risk_review_referral_or_invite_link,,,,
lab-cluster-57,simhash_near_duplicate,no_material_low_value_chatter,,,,
lab-cluster-6,simhash_near_duplicate,no_material_low_value_chatter,,,,
lab-cluster-60,simhash_near_duplicate,no_material_low_value_chatter,,,,
lab-cluster-66,simhash_near_duplicate,no_material_low_value_chatter,,,,
lab-cluster-67,simhash_near_duplicate,no_material_low_value_chatter,,,,
lab-cluster-7,simhash_near_duplicate,no_material_low_value_chatter,,,,
lab-cluster-76,simhash_near_duplicate,no_material_low_value_chatter,,,,
lab-cluster-83,simhash_near_duplicate,no_material_low_value_chatter,,,,
lab-cluster-87,simhash_near_duplicate,signal_only_risk_review_risk_promo_referral,,,,
lab-cluster-9,simhash_near_duplicate,signal_only_risk_review_risk_promo_referral,,,,
lab-cluster-90,simhash_near_duplicate,signal_only_risk_review_risk_promo_referral,,,,
lab-cluster-95,simhash_near_duplicate,signal_only_risk_review_risk_promo_referral,,,,
lab-cluster-476,simhash_near_duplicate,manual_review_only_abuse_or_circumvention,,,,
lab-cluster-528,simhash_near_duplicate,manual_review_only_abuse_or_circumvention,,,,
lab-cluster-204,tfidf_cosine_baseline,review_signal_or_discussion_tech_signal,,,,
lab-cluster-310,tfidf_cosine_baseline,review_signal_or_discussion_tech_signal,,,,
lab-cluster-20,tfidf_cosine_baseline,review_signal_or_discussion_tech_signal,,,,
lab-cluster-40,tfidf_cosine_baseline,needs_link_enrichment_social_media_link,,,,
lab-cluster-127,tfidf_cosine_baseline,review_signal_or_discussion_tech_signal,,,,
lab-cluster-25,tfidf_cosine_baseline,retain_context_only_career_job_post,,,,
lab-cluster-205,tfidf_cosine_baseline,review_signal_or_discussion_outage_status,,,,
lab-cluster-118,tfidf_cosine_baseline,review_signal_or_discussion_tech_signal,,,,
lab-cluster-180,tfidf_cosine_baseline,review_signal_or_discussion_tech_signal,,,,
lab-cluster-21,tfidf_cosine_baseline,review_signal_or_discussion_tech_signal,,,,
lab-cluster-230,tfidf_cosine_baseline,review_signal_or_discussion_tech_signal,,,,
lab-cluster-382,tfidf_cosine_baseline,review_signal_or_discussion_tech_signal,,,,
lab-cluster-65,tfidf_cosine_baseline,review_signal_or_discussion_tech_signal,,,,
lab-cluster-66,tfidf_cosine_baseline,review_signal_or_discussion_outage_status,,,,
lab-cluster-69,tfidf_cosine_baseline,review_signal_or_discussion_outage_status,,,,
lab-cluster-94,tfidf_cosine_baseline,review_signal_or_discussion_tech_signal,,,,
lab-cluster-79,tfidf_cosine_baseline,needs_link_enrichment_internal_telegram_link,,,,
lab-cluster-78,tfidf_cosine_baseline,needs_link_enrichment_social_media_link,,,,
lab-cluster-16,tfidf_cosine_baseline,retain_context_only_event_announcement,,,,
lab-cluster-74,tfidf_cosine_baseline,needs_link_enrichment_social_media_link,,,,
lab-cluster-82,tfidf_cosine_baseline,needs_link_enrichment_link_share,,,,
lab-cluster-83,tfidf_cosine_baseline,retain_context_only_career_job_post,,,,
lab-cluster-114,tfidf_cosine_baseline,retain_context_only_career_job_post,,,,
lab-cluster-72,tfidf_cosine_baseline,retain_context_only_model_rumor_or_pricing_claim,,,,
lab-cluster-101,tfidf_cosine_baseline,review_signal_or_discussion_tech_signal,,,,
lab-cluster-106,tfidf_cosine_baseline,review_signal_or_discussion_digest_news,,,,
lab-cluster-109,tfidf_cosine_baseline,review_signal_or_discussion_digest_news,,,,
lab-cluster-111,tfidf_cosine_baseline,review_signal_or_discussion_tech_signal,,,,
lab-cluster-113,tfidf_cosine_baseline,review_signal_or_discussion_tech_signal,,,,
lab-cluster-13,tfidf_cosine_baseline,review_signal_or_discussion_tech_signal,,,,
lab-cluster-130,tfidf_cosine_baseline,review_signal_or_discussion_digest_news,,,,
lab-cluster-134,tfidf_cosine_baseline,review_signal_or_discussion_tech_signal,,,,
lab-cluster-137,tfidf_cosine_baseline,review_signal_or_discussion_tech_signal,,,,
lab-cluster-138,tfidf_cosine_baseline,review_signal_or_discussion_tech_signal,,,,
lab-cluster-148,tfidf_cosine_baseline,review_signal_or_discussion_tech_signal,,,,
lab-cluster-154,tfidf_cosine_baseline,review_signal_or_discussion_tech_signal,,,,
lab-cluster-156,tfidf_cosine_baseline,review_signal_or_discussion_tech_signal,,,,
lab-cluster-159,tfidf_cosine_baseline,review_signal_or_discussion_tech_signal,,,,
lab-cluster-161,tfidf_cosine_baseline,review_signal_or_discussion_tech_signal,,,,
lab-cluster-162,tfidf_cosine_baseline,review_signal_or_discussion_tech_signal,,,,
lab-cluster-167,tfidf_cosine_baseline,review_signal_or_discussion_digest_news,,,,
lab-cluster-17,tfidf_cosine_baseline,review_signal_or_discussion_tech_signal,,,,
lab-cluster-175,tfidf_cosine_baseline,review_signal_or_discussion_tech_signal,,,,
lab-cluster-182,tfidf_cosine_baseline,review_signal_or_discussion_tech_signal,,,,
lab-cluster-184,tfidf_cosine_baseline,review_signal_or_discussion_tech_signal,,,,
lab-cluster-187,tfidf_cosine_baseline,review_signal_or_discussion_tech_signal,,,,
lab-cluster-188,tfidf_cosine_baseline,review_signal_or_discussion_tech_signal,,,,
lab-cluster-189,tfidf_cosine_baseline,review_signal_or_discussion_tech_signal,,,,
lab-cluster-193,tfidf_cosine_baseline,review_signal_or_discussion_outage_status,,,,
lab-cluster-194,tfidf_cosine_baseline,review_signal_or_discussion_outage_status,,,,
lab-cluster-195,tfidf_cosine_baseline,review_signal_or_discussion_outage_status,,,,
lab-cluster-197,tfidf_cosine_baseline,review_signal_or_discussion_outage_status,,,,
lab-cluster-198,tfidf_cosine_baseline,review_signal_or_discussion_tech_signal,,,,
lab-cluster-200,tfidf_cosine_baseline,review_signal_or_discussion_tech_signal,,,,
lab-cluster-201,tfidf_cosine_baseline,review_signal_or_discussion_tech_signal,,,,
lab-cluster-202,tfidf_cosine_baseline,review_signal_or_discussion_digest_news,,,,
lab-cluster-206,tfidf_cosine_baseline,review_signal_or_discussion_outage_status,,,,
lab-cluster-212,tfidf_cosine_baseline,review_signal_or_discussion_potential_discussion_signal,,,,
lab-cluster-216,tfidf_cosine_baseline,review_signal_or_discussion_tech_signal,,,,
lab-cluster-217,tfidf_cosine_baseline,review_signal_or_discussion_tech_signal,,,,
lab-cluster-22,tfidf_cosine_baseline,review_signal_or_discussion_tech_signal,,,,
lab-cluster-234,tfidf_cosine_baseline,review_signal_or_discussion_tech_signal,,,,
lab-cluster-242,tfidf_cosine_baseline,review_signal_or_discussion_tech_signal,,,,
lab-cluster-243,tfidf_cosine_baseline,review_signal_or_discussion_tech_signal,,,,
lab-cluster-244,tfidf_cosine_baseline,review_signal_or_discussion_tech_signal,,,,
lab-cluster-245,tfidf_cosine_baseline,review_signal_or_discussion_tech_signal,,,,
lab-cluster-246,tfidf_cosine_baseline,review_signal_or_discussion_tech_signal,,,,
lab-cluster-250,tfidf_cosine_baseline,review_signal_or_discussion_outage_status,,,,
lab-cluster-251,tfidf_cosine_baseline,review_signal_or_discussion_tech_signal,,,,
lab-cluster-254,tfidf_cosine_baseline,review_signal_or_discussion_tech_signal,,,,
lab-cluster-260,tfidf_cosine_baseline,review_signal_or_discussion_tech_signal,,,,
lab-cluster-268,tfidf_cosine_baseline,review_signal_or_discussion_outage_status,,,,
lab-cluster-270,tfidf_cosine_baseline,review_signal_or_discussion_outage_status,,,,
lab-cluster-289,tfidf_cosine_baseline,review_signal_or_discussion_potential_discussion_signal,,,,
lab-cluster-293,tfidf_cosine_baseline,review_signal_or_discussion_tech_signal,,,,
lab-cluster-295,tfidf_cosine_baseline,review_signal_or_discussion_tech_signal,,,,
lab-cluster-30,tfidf_cosine_baseline,review_signal_or_discussion_tech_signal,,,,
lab-cluster-305,tfidf_cosine_baseline,review_signal_or_discussion_outage_status,,,,
lab-cluster-306,tfidf_cosine_baseline,review_signal_or_discussion_tech_signal,,,,
lab-cluster-307,tfidf_cosine_baseline,review_signal_or_discussion_tech_signal,,,,
lab-cluster-339,tfidf_cosine_baseline,review_signal_or_discussion_tech_signal,,,,
lab-cluster-342,tfidf_cosine_baseline,review_signal_or_discussion_tech_signal,,,,
lab-cluster-347,tfidf_cosine_baseline,review_signal_or_discussion_tech_signal,,,,
lab-cluster-350,tfidf_cosine_baseline,review_signal_or_discussion_outage_status,,,,
lab-cluster-363,tfidf_cosine_baseline,review_signal_or_discussion_tech_signal,,,,
lab-cluster-364,tfidf_cosine_baseline,review_signal_or_discussion_tech_signal,,,,
lab-cluster-38,tfidf_cosine_baseline,review_signal_or_discussion_tech_signal,,,,
lab-cluster-383,tfidf_cosine_baseline,review_signal_or_discussion_outage_status,,,,
lab-cluster-386,tfidf_cosine_baseline,review_signal_or_discussion_tech_signal,,,,
lab-cluster-392,tfidf_cosine_baseline,review_signal_or_discussion_tech_signal,,,,
lab-cluster-396,tfidf_cosine_baseline,review_signal_or_discussion_tech_signal,,,,
lab-cluster-399,tfidf_cosine_baseline,review_signal_or_discussion_tech_signal,,,,
lab-cluster-400,tfidf_cosine_baseline,review_signal_or_discussion_outage_status,,,,
lab-cluster-403,tfidf_cosine_baseline,review_signal_or_discussion_outage_status,,,,
lab-cluster-405,tfidf_cosine_baseline,review_signal_or_discussion_potential_discussion_signal,,,,
lab-cluster-5,tfidf_cosine_baseline,review_signal_or_discussion_tech_signal,,,,
lab-cluster-54,tfidf_cosine_baseline,review_signal_or_discussion_tech_signal,,,,
lab-cluster-55,tfidf_cosine_baseline,review_signal_or_discussion_tech_signal,,,,
lab-cluster-58,tfidf_cosine_baseline,review_signal_or_discussion_digest_news,,,,
lab-cluster-59,tfidf_cosine_baseline,review_signal_or_discussion_digest_news,,,,
lab-cluster-64,tfidf_cosine_baseline,review_signal_or_discussion_tech_signal,,,,
lab-cluster-67,tfidf_cosine_baseline,review_signal_or_discussion_tech_signal,,,,
lab-cluster-93,tfidf_cosine_baseline,review_signal_or_discussion_tech_signal,,,,
lab-cluster-95,tfidf_cosine_baseline,review_signal_or_discussion_tech_signal,,,,
lab-cluster-99,tfidf_cosine_baseline,review_signal_or_discussion_tech_signal,,,,
lab-cluster-26,tfidf_cosine_baseline,retain_context_only_career_job_post,,,,
lab-cluster-122,tfidf_cosine_baseline,needs_link_enrichment_social_media_link,,,,
lab-cluster-129,tfidf_cosine_baseline,needs_link_enrichment_link_share,,,,
lab-cluster-142,tfidf_cosine_baseline,needs_link_enrichment_link_share,,,,
lab-cluster-229,tfidf_cosine_baseline,needs_link_enrichment_link_share,,,,
lab-cluster-27,tfidf_cosine_baseline,needs_link_enrichment_link_share,,,,
lab-cluster-291,tfidf_cosine_baseline,needs_link_enrichment_internal_telegram_link,,,,
lab-cluster-346,tfidf_cosine_baseline,needs_link_enrichment_internal_telegram_link,,,,
lab-cluster-70,tfidf_cosine_baseline,needs_link_enrichment_internal_telegram_link,,,,
lab-cluster-149,tfidf_cosine_baseline,retain_context_only_career_job_post,,,,
lab-cluster-36,tfidf_cosine_baseline,retain_context_only_model_rumor_or_pricing_claim,,,,
lab-cluster-10,tfidf_cosine_baseline,needs_link_enrichment_social_media_link,,,,
lab-cluster-11,tfidf_cosine_baseline,needs_link_enrichment_social_media_link,,,,
lab-cluster-110,tfidf_cosine_baseline,needs_link_enrichment_internal_telegram_link,,,,
lab-cluster-112,tfidf_cosine_baseline,needs_link_enrichment_link_share,,,,
lab-cluster-115,tfidf_cosine_baseline,needs_link_enrichment_social_media_link,,,,
lab-cluster-12,tfidf_cosine_baseline,needs_link_enrichment_social_media_link,,,,
lab-cluster-120,tfidf_cosine_baseline,needs_link_enrichment_social_media_link,,,,
lab-cluster-136,tfidf_cosine_baseline,needs_link_enrichment_link_share,,,,
lab-cluster-14,tfidf_cosine_baseline,needs_link_enrichment_social_media_link,,,,
lab-cluster-144,tfidf_cosine_baseline,needs_link_enrichment_internal_telegram_link,,,,
lab-cluster-145,tfidf_cosine_baseline,needs_link_enrichment_social_media_link,,,,
lab-cluster-15,tfidf_cosine_baseline,needs_link_enrichment_resource_link,,,,
lab-cluster-150,tfidf_cosine_baseline,needs_link_enrichment_link_share,,,,
lab-cluster-151,tfidf_cosine_baseline,needs_link_enrichment_internal_telegram_link,,,,
lab-cluster-153,tfidf_cosine_baseline,needs_link_enrichment_link_share,,,,
lab-cluster-155,tfidf_cosine_baseline,needs_link_enrichment_internal_telegram_link,,,,
lab-cluster-157,tfidf_cosine_baseline,needs_link_enrichment_link_share,,,,
lab-cluster-160,tfidf_cosine_baseline,needs_link_enrichment_internal_telegram_link,,,,
lab-cluster-164,tfidf_cosine_baseline,needs_link_enrichment_resource_link,,,,
lab-cluster-176,tfidf_cosine_baseline,needs_link_enrichment_link_share,,,,
lab-cluster-177,tfidf_cosine_baseline,needs_link_enrichment_link_share,,,,
lab-cluster-178,tfidf_cosine_baseline,needs_link_enrichment_link_share,,,,
lab-cluster-186,tfidf_cosine_baseline,needs_link_enrichment_link_share,,,,
lab-cluster-191,tfidf_cosine_baseline,needs_link_enrichment_resource_link,,,,
lab-cluster-192,tfidf_cosine_baseline,needs_link_enrichment_social_media_link,,,,
lab-cluster-199,tfidf_cosine_baseline,needs_link_enrichment_resource_link,,,,
lab-cluster-227,tfidf_cosine_baseline,needs_link_enrichment_link_share,,,,
lab-cluster-231,tfidf_cosine_baseline,needs_link_enrichment_social_media_link,,,,
lab-cluster-24,tfidf_cosine_baseline,needs_link_enrichment_link_share,,,,
lab-cluster-262,tfidf_cosine_baseline,needs_link_enrichment_link_share,,,,
lab-cluster-266,tfidf_cosine_baseline,needs_link_enrichment_link_share,,,,
lab-cluster-267,tfidf_cosine_baseline,needs_link_enrichment_link_share,,,,
lab-cluster-269,tfidf_cosine_baseline,needs_link_enrichment_internal_telegram_link,,,,
lab-cluster-271,tfidf_cosine_baseline,needs_link_enrichment_link_share,,,,
lab-cluster-272,tfidf_cosine_baseline,needs_link_enrichment_internal_telegram_link,,,,
lab-cluster-273,tfidf_cosine_baseline,needs_link_enrichment_internal_telegram_link,,,,
lab-cluster-274,tfidf_cosine_baseline,needs_link_enrichment_link_share,,,,
lab-cluster-275,tfidf_cosine_baseline,needs_link_enrichment_internal_telegram_link,,,,
lab-cluster-276,tfidf_cosine_baseline,needs_link_enrichment_internal_telegram_link,,,,
lab-cluster-277,tfidf_cosine_baseline,needs_link_enrichment_internal_telegram_link,,,,
lab-cluster-278,tfidf_cosine_baseline,needs_link_enrichment_resource_link,,,,
lab-cluster-28,tfidf_cosine_baseline,needs_link_enrichment_social_media_link,,,,
lab-cluster-284,tfidf_cosine_baseline,needs_link_enrichment_internal_telegram_link,,,,
lab-cluster-285,tfidf_cosine_baseline,needs_link_enrichment_internal_telegram_link,,,,
lab-cluster-294,tfidf_cosine_baseline,needs_link_enrichment_link_share,,,,
lab-cluster-299,tfidf_cosine_baseline,needs_link_enrichment_link_share,,,,
lab-cluster-301,tfidf_cosine_baseline,needs_link_enrichment_internal_telegram_link,,,,
lab-cluster-302,tfidf_cosine_baseline,needs_link_enrichment_social_media_link,,,,
lab-cluster-308,tfidf_cosine_baseline,needs_link_enrichment_link_share,,,,
lab-cluster-320,tfidf_cosine_baseline,needs_link_enrichment_link_share,,,,
lab-cluster-330,tfidf_cosine_baseline,needs_link_enrichment_social_media_link,,,,
lab-cluster-340,tfidf_cosine_baseline,needs_link_enrichment_internal_telegram_link,,,,
lab-cluster-341,tfidf_cosine_baseline,needs_link_enrichment_internal_telegram_link,,,,
lab-cluster-35,tfidf_cosine_baseline,needs_link_enrichment_internal_telegram_link,,,,
lab-cluster-352,tfidf_cosine_baseline,needs_link_enrichment_link_share,,,,
lab-cluster-37,tfidf_cosine_baseline,needs_link_enrichment_social_media_link,,,,
lab-cluster-372,tfidf_cosine_baseline,needs_link_enrichment_link_share,,,,
lab-cluster-384,tfidf_cosine_baseline,needs_link_enrichment_link_share,,,,
lab-cluster-390,tfidf_cosine_baseline,needs_link_enrichment_link_share,,,,
lab-cluster-397,tfidf_cosine_baseline,needs_link_enrichment_internal_telegram_link,,,,
lab-cluster-398,tfidf_cosine_baseline,needs_link_enrichment_internal_telegram_link,,,,
lab-cluster-4,tfidf_cosine_baseline,needs_link_enrichment_social_media_link,,,,
lab-cluster-401,tfidf_cosine_baseline,needs_link_enrichment_internal_telegram_link,,,,
lab-cluster-402,tfidf_cosine_baseline,needs_link_enrichment_internal_telegram_link,,,,
lab-cluster-404,tfidf_cosine_baseline,needs_link_enrichment_internal_telegram_link,,,,
lab-cluster-41,tfidf_cosine_baseline,needs_link_enrichment_social_media_link,,,,
lab-cluster-44,tfidf_cosine_baseline,needs_link_enrichment_social_media_link,,,,
lab-cluster-47,tfidf_cosine_baseline,needs_link_enrichment_internal_telegram_link,,,,
lab-cluster-49,tfidf_cosine_baseline,needs_link_enrichment_social_media_link,,,,
lab-cluster-60,tfidf_cosine_baseline,needs_link_enrichment_internal_telegram_link,,,,
lab-cluster-62,tfidf_cosine_baseline,needs_link_enrichment_link_share,,,,
lab-cluster-63,tfidf_cosine_baseline,needs_link_enrichment_resource_link,,,,
lab-cluster-73,tfidf_cosine_baseline,needs_link_enrichment_social_media_link,,,,
lab-cluster-75,tfidf_cosine_baseline,needs_link_enrichment_resource_link,,,,
lab-cluster-8,tfidf_cosine_baseline,needs_link_enrichment_social_media_link,,,,
lab-cluster-85,tfidf_cosine_baseline,needs_link_enrichment_social_media_link,,,,
lab-cluster-86,tfidf_cosine_baseline,needs_link_enrichment_link_share,,,,
lab-cluster-87,tfidf_cosine_baseline,needs_link_enrichment_internal_telegram_link,,,,
lab-cluster-88,tfidf_cosine_baseline,needs_link_enrichment_link_share,,,,
lab-cluster-92,tfidf_cosine_baseline,needs_link_enrichment_social_media_link,,,,
lab-cluster-96,tfidf_cosine_baseline,needs_link_enrichment_link_share,,,,
lab-cluster-98,tfidf_cosine_baseline,needs_link_enrichment_resource_link,,,,
lab-cluster-298,tfidf_cosine_baseline,retain_context_only_model_rumor_or_pricing_claim,,,,
lab-cluster-322,tfidf_cosine_baseline,retain_context_only_career_job_post,,,,
lab-cluster-135,tfidf_cosine_baseline,retain_context_only_model_rumor_or_pricing_claim,,,,
lab-cluster-236,tfidf_cosine_baseline,retain_context_only_model_rumor_or_pricing_claim,,,,
lab-cluster-248,tfidf_cosine_baseline,retain_context_only_weak_signal,,,,
lab-cluster-258,tfidf_cosine_baseline,retain_context_only_weak_signal,,,,
lab-cluster-303,tfidf_cosine_baseline,retain_context_only_career_job_post,,,,
lab-cluster-328,tfidf_cosine_baseline,retain_context_only_career_job_post,,,,
lab-cluster-33,tfidf_cosine_baseline,retain_context_only_model_rumor_or_pricing_claim,,,,
lab-cluster-335,tfidf_cosine_baseline,retain_context_only_weak_signal,,,,
lab-cluster-1,tfidf_cosine_baseline,retain_context_only_career_job_post,,,,
lab-cluster-102,tfidf_cosine_baseline,retain_context_only_career_job_post,,,,
lab-cluster-105,tfidf_cosine_baseline,retain_context_only_weak_signal,,,,
lab-cluster-107,tfidf_cosine_baseline,retain_context_only_weak_signal,,,,
lab-cluster-119,tfidf_cosine_baseline,retain_context_only_weak_signal,,,,
lab-cluster-123,tfidf_cosine_baseline,retain_context_only_weak_signal,,,,
lab-cluster-124,tfidf_cosine_baseline,retain_context_only_career_job_post,,,,
lab-cluster-125,tfidf_cosine_baseline,retain_context_only_career_job_post,,,,
lab-cluster-126,tfidf_cosine_baseline,retain_context_only_career_job_post,,,,
lab-cluster-128,tfidf_cosine_baseline,retain_context_only_weak_signal,,,,
lab-cluster-132,tfidf_cosine_baseline,retain_context_only_weak_signal,,,,
lab-cluster-133,tfidf_cosine_baseline,retain_context_only_career_job_post,,,,
lab-cluster-141,tfidf_cosine_baseline,retain_context_only_model_rumor_or_pricing_claim,,,,
lab-cluster-146,tfidf_cosine_baseline,retain_context_only_model_rumor_or_pricing_claim,,,,
lab-cluster-147,tfidf_cosine_baseline,retain_context_only_weak_signal,,,,
lab-cluster-152,tfidf_cosine_baseline,retain_context_only_model_rumor_or_pricing_claim,,,,
lab-cluster-165,tfidf_cosine_baseline,retain_context_only_model_rumor_or_pricing_claim,,,,
lab-cluster-166,tfidf_cosine_baseline,retain_context_only_career_job_post,,,,
lab-cluster-168,tfidf_cosine_baseline,retain_context_only_model_rumor_or_pricing_claim,,,,
lab-cluster-169,tfidf_cosine_baseline,retain_context_only_model_rumor_or_pricing_claim,,,,
lab-cluster-170,tfidf_cosine_baseline,retain_context_only_model_rumor_or_pricing_claim,,,,
lab-cluster-171,tfidf_cosine_baseline,retain_context_only_model_rumor_or_pricing_claim,,,,
lab-cluster-172,tfidf_cosine_baseline,retain_context_only_model_rumor_or_pricing_claim,,,,
lab-cluster-173,tfidf_cosine_baseline,retain_context_only_model_rumor_or_pricing_claim,,,,
lab-cluster-174,tfidf_cosine_baseline,retain_context_only_model_rumor_or_pricing_claim,,,,
lab-cluster-179,tfidf_cosine_baseline,retain_context_only_career_job_post,,,,
lab-cluster-18,tfidf_cosine_baseline,retain_context_only_weak_signal,,,,
lab-cluster-181,tfidf_cosine_baseline,retain_context_only_model_rumor_or_pricing_claim,,,,
lab-cluster-183,tfidf_cosine_baseline,retain_context_only_weak_signal,,,,
lab-cluster-190,tfidf_cosine_baseline,retain_context_only_career_job_post,,,,
lab-cluster-207,tfidf_cosine_baseline,retain_context_only_model_rumor_or_pricing_claim,,,,
lab-cluster-208,tfidf_cosine_baseline,retain_context_only_weak_signal,,,,
lab-cluster-210,tfidf_cosine_baseline,retain_context_only_weak_signal,,,,
lab-cluster-214,tfidf_cosine_baseline,retain_context_only_model_rumor_or_pricing_claim,,,,
lab-cluster-215,tfidf_cosine_baseline,retain_context_only_model_rumor_or_pricing_claim,,,,
lab-cluster-218,tfidf_cosine_baseline,retain_context_only_weak_signal,,,,
lab-cluster-224,tfidf_cosine_baseline,retain_context_only_weak_signal,,,,
lab-cluster-225,tfidf_cosine_baseline,retain_context_only_model_rumor_or_pricing_claim,,,,
lab-cluster-241,tfidf_cosine_baseline,retain_context_only_model_rumor_or_pricing_claim,,,,
lab-cluster-249,tfidf_cosine_baseline,retain_context_only_model_rumor_or_pricing_claim,,,,
lab-cluster-252,tfidf_cosine_baseline,retain_context_only_weak_signal,,,,
lab-cluster-256,tfidf_cosine_baseline,retain_context_only_model_rumor_or_pricing_claim,,,,
lab-cluster-257,tfidf_cosine_baseline,retain_context_only_model_rumor_or_pricing_claim,,,,
lab-cluster-261,tfidf_cosine_baseline,retain_context_only_weak_signal,,,,
lab-cluster-263,tfidf_cosine_baseline,retain_context_only_weak_signal,,,,
lab-cluster-265,tfidf_cosine_baseline,retain_context_only_event_announcement,,,,
lab-cluster-282,tfidf_cosine_baseline,retain_context_only_model_rumor_or_pricing_claim,,,,
lab-cluster-283,tfidf_cosine_baseline,retain_context_only_weak_signal,,,,
lab-cluster-286,tfidf_cosine_baseline,retain_context_only_model_rumor_or_pricing_claim,,,,
lab-cluster-287,tfidf_cosine_baseline,retain_context_only_weak_signal,,,,
lab-cluster-290,tfidf_cosine_baseline,retain_context_only_career_job_post,,,,
lab-cluster-296,tfidf_cosine_baseline,retain_context_only_career_job_post,,,,
lab-cluster-297,tfidf_cosine_baseline,retain_context_only_model_rumor_or_pricing_claim,,,,
lab-cluster-300,tfidf_cosine_baseline,retain_context_only_model_rumor_or_pricing_claim,,,,
lab-cluster-304,tfidf_cosine_baseline,retain_context_only_weak_signal,,,,
lab-cluster-309,tfidf_cosine_baseline,retain_context_only_model_rumor_or_pricing_claim,,,,
lab-cluster-315,tfidf_cosine_baseline,retain_context_only_career_job_post,,,,
lab-cluster-316,tfidf_cosine_baseline,retain_context_only_career_job_post,,,,
lab-cluster-317,tfidf_cosine_baseline,retain_context_only_career_job_post,,,,
lab-cluster-32,tfidf_cosine_baseline,retain_context_only_model_rumor_or_pricing_claim,,,,
lab-cluster-323,tfidf_cosine_baseline,retain_context_only_model_rumor_or_pricing_claim,,,,
lab-cluster-325,tfidf_cosine_baseline,retain_context_only_model_rumor_or_pricing_claim,,,,
lab-cluster-326,tfidf_cosine_baseline,retain_context_only_model_rumor_or_pricing_claim,,,,
lab-cluster-327,tfidf_cosine_baseline,retain_context_only_career_job_post,,,,
lab-cluster-329,tfidf_cosine_baseline,retain_context_only_model_rumor_or_pricing_claim,,,,
lab-cluster-331,tfidf_cosine_baseline,retain_context_only_model_rumor_or_pricing_claim,,,,
lab-cluster-332,tfidf_cosine_baseline,retain_context_only_model_rumor_or_pricing_claim,,,,
lab-cluster-333,tfidf_cosine_baseline,retain_context_only_career_job_post,,,,
lab-cluster-338,tfidf_cosine_baseline,retain_context_only_model_rumor_or_pricing_claim,,,,
lab-cluster-351,tfidf_cosine_baseline,retain_context_only_model_rumor_or_pricing_claim,,,,
lab-cluster-353,tfidf_cosine_baseline,retain_context_only_weak_signal,,,,
lab-cluster-354,tfidf_cosine_baseline,retain_context_only_weak_signal,,,,
lab-cluster-355,tfidf_cosine_baseline,retain_context_only_weak_signal,,,,
lab-cluster-356,tfidf_cosine_baseline,retain_context_only_career_job_post,,,,
lab-cluster-357,tfidf_cosine_baseline,retain_context_only_career_job_post,,,,
lab-cluster-358,tfidf_cosine_baseline,retain_context_only_model_rumor_or_pricing_claim,,,,
lab-cluster-359,tfidf_cosine_baseline,retain_context_only_model_rumor_or_pricing_claim,,,,
lab-cluster-360,tfidf_cosine_baseline,retain_context_only_weak_signal,,,,
lab-cluster-361,tfidf_cosine_baseline,retain_context_only_model_rumor_or_pricing_claim,,,,
lab-cluster-362,tfidf_cosine_baseline,retain_context_only_model_rumor_or_pricing_claim,,,,
lab-cluster-368,tfidf_cosine_baseline,retain_context_only_model_rumor_or_pricing_claim,,,,
lab-cluster-369,tfidf_cosine_baseline,retain_context_only_model_rumor_or_pricing_claim,,,,
lab-cluster-370,tfidf_cosine_baseline,retain_context_only_model_rumor_or_pricing_claim,,,,
lab-cluster-371,tfidf_cosine_baseline,retain_context_only_model_rumor_or_pricing_claim,,,,
lab-cluster-374,tfidf_cosine_baseline,retain_context_only_career_job_post,,,,
lab-cluster-377,tfidf_cosine_baseline,retain_context_only_weak_signal,,,,
lab-cluster-378,tfidf_cosine_baseline,retain_context_only_weak_signal,,,,
lab-cluster-379,tfidf_cosine_baseline,retain_context_only_event_announcement,,,,
lab-cluster-385,tfidf_cosine_baseline,retain_context_only_career_job_post,,,,
lab-cluster-387,tfidf_cosine_baseline,retain_context_only_model_rumor_or_pricing_claim,,,,
lab-cluster-389,tfidf_cosine_baseline,retain_context_only_career_job_post,,,,
lab-cluster-391,tfidf_cosine_baseline,retain_context_only_career_job_post,,,,
lab-cluster-393,tfidf_cosine_baseline,retain_context_only_model_rumor_or_pricing_claim,,,,
lab-cluster-395,tfidf_cosine_baseline,retain_context_only_model_rumor_or_pricing_claim,,,,
lab-cluster-50,tfidf_cosine_baseline,retain_context_only_career_job_post,,,,
lab-cluster-52,tfidf_cosine_baseline,retain_context_only_career_job_post,,,,
lab-cluster-53,tfidf_cosine_baseline,retain_context_only_weak_signal,,,,
lab-cluster-61,tfidf_cosine_baseline,retain_context_only_weak_signal,,,,
lab-cluster-77,tfidf_cosine_baseline,retain_context_only_weak_signal,,,,
lab-cluster-80,tfidf_cosine_baseline,retain_context_only_weak_signal,,,,
lab-cluster-81,tfidf_cosine_baseline,retain_context_only_weak_signal,,,,
lab-cluster-89,tfidf_cosine_baseline,retain_context_only_weak_signal,,,,
lab-cluster-31,tfidf_cosine_baseline,no_material_low_value_chatter,,,,
lab-cluster-48,tfidf_cosine_baseline,no_material_low_value_chatter,,,,
lab-cluster-43,tfidf_cosine_baseline,no_material_low_value_chatter,,,,
lab-cluster-9,tfidf_cosine_baseline,signal_only_risk_review_risk_promo_referral,,,,
lab-cluster-116,tfidf_cosine_baseline,no_material_low_value_chatter,,,,
lab-cluster-90,tfidf_cosine_baseline,no_material_low_value_chatter,,,,
lab-cluster-104,tfidf_cosine_baseline,no_material_low_value_chatter,,,,
lab-cluster-213,tfidf_cosine_baseline,no_material_low_value_chatter,,,,
lab-cluster-255,tfidf_cosine_baseline,no_material_low_value_chatter,,,,
lab-cluster-29,tfidf_cosine_baseline,no_material_low_value_chatter,,,,
lab-cluster-84,tfidf_cosine_baseline,signal_only_risk_review_referral_or_invite_link,,,,
lab-cluster-100,tfidf_cosine_baseline,no_material_low_value_chatter,,,,
lab-cluster-103,tfidf_cosine_baseline,no_material_low_value_chatter,,,,
lab-cluster-108,tfidf_cosine_baseline,no_material_low_value_chatter,,,,
lab-cluster-117,tfidf_cosine_baseline,no_material_low_value_chatter,,,,
lab-cluster-121,tfidf_cosine_baseline,no_material_low_value_chatter,,,,
lab-cluster-131,tfidf_cosine_baseline,no_material_low_value_chatter,,,,
lab-cluster-139,tfidf_cosine_baseline,no_material_low_value_chatter,,,,
lab-cluster-140,tfidf_cosine_baseline,signal_only_risk_review_risk_promo_referral,,,,
lab-cluster-143,tfidf_cosine_baseline,no_material_low_value_chatter,,,,
lab-cluster-158,tfidf_cosine_baseline,no_material_low_value_chatter,,,,
lab-cluster-163,tfidf_cosine_baseline,no_material_low_value_chatter,,,,
lab-cluster-185,tfidf_cosine_baseline,no_material_low_value_chatter,,,,
lab-cluster-19,tfidf_cosine_baseline,no_material_low_value_chatter,,,,
lab-cluster-196,tfidf_cosine_baseline,signal_only_risk_review_referral_or_invite_link,,,,
lab-cluster-2,tfidf_cosine_baseline,no_material_low_value_chatter,,,,
lab-cluster-203,tfidf_cosine_baseline,no_material_low_value_chatter,,,,
lab-cluster-209,tfidf_cosine_baseline,no_material_low_value_chatter,,,,
lab-cluster-211,tfidf_cosine_baseline,signal_only_risk_review_risk_promo_referral,,,,
lab-cluster-219,tfidf_cosine_baseline,no_material_low_value_chatter,,,,
lab-cluster-220,tfidf_cosine_baseline,no_material_low_value_chatter,,,,
lab-cluster-221,tfidf_cosine_baseline,no_material_low_value_chatter,,,,
lab-cluster-222,tfidf_cosine_baseline,no_material_low_value_chatter,,,,
lab-cluster-223,tfidf_cosine_baseline,no_material_low_value_chatter,,,,
lab-cluster-226,tfidf_cosine_baseline,no_material_low_value_chatter,,,,
lab-cluster-228,tfidf_cosine_baseline,no_material_low_value_chatter,,,,
lab-cluster-23,tfidf_cosine_baseline,no_material_low_value_chatter,,,,
lab-cluster-232,tfidf_cosine_baseline,no_material_low_value_chatter,,,,
lab-cluster-233,tfidf_cosine_baseline,no_material_low_value_chatter,,,,
lab-cluster-235,tfidf_cosine_baseline,no_material_low_value_chatter,,,,
lab-cluster-237,tfidf_cosine_baseline,no_material_low_value_chatter,,,,
lab-cluster-238,tfidf_cosine_baseline,no_material_low_value_chatter,,,,
lab-cluster-239,tfidf_cosine_baseline,no_material_low_value_chatter,,,,
lab-cluster-240,tfidf_cosine_baseline,no_material_low_value_chatter,,,,
lab-cluster-247,tfidf_cosine_baseline,no_material_low_value_chatter,,,,
lab-cluster-253,tfidf_cosine_baseline,no_material_low_value_chatter,,,,
lab-cluster-259,tfidf_cosine_baseline,no_material_low_value_chatter,,,,
lab-cluster-264,tfidf_cosine_baseline,no_material_low_value_chatter,,,,
lab-cluster-279,tfidf_cosine_baseline,no_material_low_value_chatter,,,,
lab-cluster-280,tfidf_cosine_baseline,no_material_low_value_chatter,,,,
lab-cluster-281,tfidf_cosine_baseline,no_material_low_value_chatter,,,,
lab-cluster-288,tfidf_cosine_baseline,no_material_low_value_chatter,,,,
lab-cluster-292,tfidf_cosine_baseline,no_material_low_value_chatter,,,,
lab-cluster-3,tfidf_cosine_baseline,no_material_low_value_chatter,,,,
lab-cluster-311,tfidf_cosine_baseline,no_material_low_value_chatter,,,,
lab-cluster-312,tfidf_cosine_baseline,no_material_low_value_chatter,,,,
lab-cluster-313,tfidf_cosine_baseline,no_material_low_value_chatter,,,,
lab-cluster-314,tfidf_cosine_baseline,no_material_low_value_chatter,,,,
lab-cluster-318,tfidf_cosine_baseline,no_material_low_value_chatter,,,,
lab-cluster-319,tfidf_cosine_baseline,no_material_low_value_chatter,,,,
lab-cluster-321,tfidf_cosine_baseline,no_material_low_value_chatter,,,,
lab-cluster-324,tfidf_cosine_baseline,no_material_low_value_chatter,,,,
lab-cluster-334,tfidf_cosine_baseline,no_material_low_value_chatter,,,,
lab-cluster-336,tfidf_cosine_baseline,no_material_low_value_chatter,,,,
lab-cluster-337,tfidf_cosine_baseline,no_material_low_value_chatter,,,,
lab-cluster-34,tfidf_cosine_baseline,no_material_low_value_chatter,,,,
lab-cluster-343,tfidf_cosine_baseline,no_material_low_value_chatter,,,,
lab-cluster-344,tfidf_cosine_baseline,no_material_low_value_chatter,,,,
lab-cluster-345,tfidf_cosine_baseline,no_material_low_value_chatter,,,,
lab-cluster-349,tfidf_cosine_baseline,signal_only_risk_review_referral_or_invite_link,,,,
lab-cluster-365,tfidf_cosine_baseline,no_material_low_value_chatter,,,,
lab-cluster-366,tfidf_cosine_baseline,no_material_low_value_chatter,,,,
lab-cluster-367,tfidf_cosine_baseline,no_material_low_value_chatter,,,,
lab-cluster-373,tfidf_cosine_baseline,no_material_low_value_chatter,,,,
lab-cluster-375,tfidf_cosine_baseline,no_material_low_value_chatter,,,,
lab-cluster-376,tfidf_cosine_baseline,no_material_low_value_chatter,,,,
lab-cluster-380,tfidf_cosine_baseline,no_material_low_value_chatter,,,,
lab-cluster-381,tfidf_cosine_baseline,no_material_low_value_chatter,,,,
lab-cluster-388,tfidf_cosine_baseline,no_material_low_value_chatter,,,,
lab-cluster-39,tfidf_cosine_baseline,signal_only_risk_review_referral_or_invite_link,,,,
lab-cluster-42,tfidf_cosine_baseline,signal_only_risk_review_referral_or_invite_link,,,,
lab-cluster-45,tfidf_cosine_baseline,no_material_low_value_chatter,,,,
lab-cluster-46,tfidf_cosine_baseline,signal_only_risk_review_referral_or_invite_link,,,,
lab-cluster-51,tfidf_cosine_baseline,no_material_low_value_chatter,,,,
lab-cluster-56,tfidf_cosine_baseline,no_material_low_value_chatter,,,,
lab-cluster-57,tfidf_cosine_baseline,no_material_low_value_chatter,,,,
lab-cluster-6,tfidf_cosine_baseline,no_material_low_value_chatter,,,,
lab-cluster-68,tfidf_cosine_baseline,no_material_low_value_chatter,,,,
lab-cluster-7,tfidf_cosine_baseline,no_material_low_value_chatter,,,,
lab-cluster-71,tfidf_cosine_baseline,signal_only_risk_review_risk_promo_referral,,,,
lab-cluster-76,tfidf_cosine_baseline,signal_only_risk_review_risk_promo_referral,,,,
lab-cluster-91,tfidf_cosine_baseline,no_material_low_value_chatter,,,,
lab-cluster-97,tfidf_cosine_baseline,no_material_low_value_chatter,,,,
lab-cluster-348,tfidf_cosine_baseline,manual_review_only_abuse_or_circumvention,,,,
lab-cluster-394,tfidf_cosine_baseline,manual_review_only_abuse_or_circumvention,,,,
lab-cluster-197,time_thread_entity,review_signal_or_discussion_tech_signal,,,,
lab-cluster-293,time_thread_entity,review_signal_or_discussion_tech_signal,,,,
lab-cluster-189,time_thread_entity,review_signal_or_discussion_outage_status,,,,
lab-cluster-20,time_thread_entity,review_signal_or_discussion_tech_signal,,,,
lab-cluster-64,time_thread_entity,review_signal_or_discussion_tech_signal,,,,
lab-cluster-40,time_thread_entity,needs_link_enrichment_social_media_link,,,,
lab-cluster-109,time_thread_entity,review_signal_or_discussion_tech_signal,,,,
lab-cluster-123,time_thread_entity,review_signal_or_discussion_tech_signal,,,,
lab-cluster-65,time_thread_entity,review_signal_or_discussion_outage_status,,,,
lab-cluster-25,time_thread_entity,retain_context_only_career_job_post,,,,
lab-cluster-204,time_thread_entity,review_signal_or_discussion_potential_discussion_signal,,,,
lab-cluster-114,time_thread_entity,review_signal_or_discussion_tech_signal,,,,
lab-cluster-175,time_thread_entity,review_signal_or_discussion_tech_signal,,,,
lab-cluster-21,time_thread_entity,review_signal_or_discussion_tech_signal,,,,
lab-cluster-222,time_thread_entity,review_signal_or_discussion_tech_signal,,,,
lab-cluster-248,time_thread_entity,review_signal_or_discussion_tech_signal,,,,
lab-cluster-352,time_thread_entity,review_signal_or_discussion_tech_signal,,,,
lab-cluster-91,time_thread_entity,review_signal_or_discussion_tech_signal,,,,
lab-cluster-76,time_thread_entity,needs_link_enrichment_internal_telegram_link,,,,
lab-cluster-75,time_thread_entity,needs_link_enrichment_social_media_link,,,,
lab-cluster-16,time_thread_entity,retain_context_only_event_announcement,,,,
lab-cluster-80,time_thread_entity,retain_context_only_career_job_post,,,,
lab-cluster-71,time_thread_entity,needs_link_enrichment_social_media_link,,,,
lab-cluster-79,time_thread_entity,needs_link_enrichment_link_share,,,,
lab-cluster-69,time_thread_entity,retain_context_only_model_rumor_or_pricing_claim,,,,
lab-cluster-110,time_thread_entity,retain_context_only_career_job_post,,,,
lab-cluster-102,time_thread_entity,review_signal_or_discussion_digest_news,,,,
lab-cluster-105,time_thread_entity,review_signal_or_discussion_digest_news,,,,
lab-cluster-107,time_thread_entity,review_signal_or_discussion_tech_signal,,,,
lab-cluster-126,time_thread_entity,review_signal_or_discussion_digest_news,,,,
lab-cluster-13,time_thread_entity,review_signal_or_discussion_tech_signal,,,,
lab-cluster-130,time_thread_entity,review_signal_or_discussion_tech_signal,,,,
lab-cluster-132,time_thread_entity,review_signal_or_discussion_tech_signal,,,,
lab-cluster-133,time_thread_entity,review_signal_or_discussion_tech_signal,,,,
lab-cluster-143,time_thread_entity,review_signal_or_discussion_tech_signal,,,,
lab-cluster-149,time_thread_entity,review_signal_or_discussion_tech_signal,,,,
lab-cluster-151,time_thread_entity,review_signal_or_discussion_tech_signal,,,,
lab-cluster-154,time_thread_entity,review_signal_or_discussion_tech_signal,,,,
lab-cluster-156,time_thread_entity,review_signal_or_discussion_tech_signal,,,,
lab-cluster-157,time_thread_entity,review_signal_or_discussion_tech_signal,,,,
lab-cluster-162,time_thread_entity,review_signal_or_discussion_digest_news,,,,
lab-cluster-17,time_thread_entity,review_signal_or_discussion_tech_signal,,,,
lab-cluster-170,time_thread_entity,review_signal_or_discussion_tech_signal,,,,
lab-cluster-177,time_thread_entity,review_signal_or_discussion_tech_signal,,,,
lab-cluster-179,time_thread_entity,review_signal_or_discussion_tech_signal,,,,
lab-cluster-182,time_thread_entity,review_signal_or_discussion_tech_signal,,,,
lab-cluster-183,time_thread_entity,review_signal_or_discussion_tech_signal,,,,
lab-cluster-184,time_thread_entity,review_signal_or_discussion_tech_signal,,,,
lab-cluster-188,time_thread_entity,review_signal_or_discussion_outage_status,,,,
lab-cluster-190,time_thread_entity,review_signal_or_discussion_outage_status,,,,
lab-cluster-192,time_thread_entity,review_signal_or_discussion_outage_status,,,,
lab-cluster-194,time_thread_entity,review_signal_or_discussion_tech_signal,,,,
lab-cluster-195,time_thread_entity,review_signal_or_discussion_digest_news,,,,
lab-cluster-198,time_thread_entity,review_signal_or_discussion_outage_status,,,,
lab-cluster-208,time_thread_entity,review_signal_or_discussion_tech_signal,,,,
lab-cluster-209,time_thread_entity,review_signal_or_discussion_tech_signal,,,,
lab-cluster-22,time_thread_entity,review_signal_or_discussion_tech_signal,,,,
lab-cluster-226,time_thread_entity,review_signal_or_discussion_tech_signal,,,,
lab-cluster-233,time_thread_entity,review_signal_or_discussion_tech_signal,,,,
lab-cluster-234,time_thread_entity,review_signal_or_discussion_tech_signal,,,,
lab-cluster-235,time_thread_entity,review_signal_or_discussion_tech_signal,,,,
lab-cluster-239,time_thread_entity,review_signal_or_discussion_outage_status,,,,
lab-cluster-240,time_thread_entity,review_signal_or_discussion_tech_signal,,,,
lab-cluster-242,time_thread_entity,review_signal_or_discussion_tech_signal,,,,
lab-cluster-256,time_thread_entity,review_signal_or_discussion_outage_status,,,,
lab-cluster-258,time_thread_entity,review_signal_or_discussion_outage_status,,,,
lab-cluster-280,time_thread_entity,review_signal_or_discussion_tech_signal,,,,
lab-cluster-282,time_thread_entity,review_signal_or_discussion_tech_signal,,,,
lab-cluster-291,time_thread_entity,review_signal_or_discussion_tech_signal,,,,
lab-cluster-30,time_thread_entity,review_signal_or_discussion_tech_signal,,,,
lab-cluster-316,time_thread_entity,review_signal_or_discussion_tech_signal,,,,
lab-cluster-322,time_thread_entity,review_signal_or_discussion_tech_signal,,,,
lab-cluster-325,time_thread_entity,review_signal_or_discussion_outage_status,,,,
lab-cluster-335,time_thread_entity,review_signal_or_discussion_tech_signal,,,,
lab-cluster-336,time_thread_entity,review_signal_or_discussion_tech_signal,,,,
lab-cluster-353,time_thread_entity,review_signal_or_discussion_outage_status,,,,
lab-cluster-356,time_thread_entity,review_signal_or_discussion_tech_signal,,,,
lab-cluster-361,time_thread_entity,review_signal_or_discussion_tech_signal,,,,
lab-cluster-365,time_thread_entity,review_signal_or_discussion_tech_signal,,,,
lab-cluster-368,time_thread_entity,review_signal_or_discussion_tech_signal,,,,
lab-cluster-369,time_thread_entity,review_signal_or_discussion_outage_status,,,,
lab-cluster-372,time_thread_entity,review_signal_or_discussion_outage_status,,,,
lab-cluster-38,time_thread_entity,review_signal_or_discussion_tech_signal,,,,
lab-cluster-5,time_thread_entity,review_signal_or_discussion_tech_signal,,,,
lab-cluster-53,time_thread_entity,review_signal_or_discussion_tech_signal,,,,
lab-cluster-54,time_thread_entity,review_signal_or_discussion_tech_signal,,,,
lab-cluster-57,time_thread_entity,review_signal_or_discussion_digest_news,,,,
lab-cluster-58,time_thread_entity,review_signal_or_discussion_digest_news,,,,
lab-cluster-63,time_thread_entity,review_signal_or_discussion_tech_signal,,,,
lab-cluster-90,time_thread_entity,review_signal_or_discussion_tech_signal,,,,
lab-cluster-92,time_thread_entity,review_signal_or_discussion_tech_signal,,,,
lab-cluster-96,time_thread_entity,review_signal_or_discussion_tech_signal,,,,
lab-cluster-97,time_thread_entity,review_signal_or_discussion_tech_signal,,,,
lab-cluster-26,time_thread_entity,retain_context_only_career_job_post,,,,
lab-cluster-118,time_thread_entity,needs_link_enrichment_social_media_link,,,,
lab-cluster-125,time_thread_entity,needs_link_enrichment_link_share,,,,
lab-cluster-137,time_thread_entity,needs_link_enrichment_link_share,,,,
lab-cluster-221,time_thread_entity,needs_link_enrichment_link_share,,,,
lab-cluster-27,time_thread_entity,needs_link_enrichment_link_share,,,,
lab-cluster-278,time_thread_entity,needs_link_enrichment_internal_telegram_link,,,,
lab-cluster-321,time_thread_entity,needs_link_enrichment_internal_telegram_link,,,,
lab-cluster-67,time_thread_entity,needs_link_enrichment_internal_telegram_link,,,,
lab-cluster-144,time_thread_entity,retain_context_only_career_job_post,,,,
lab-cluster-36,time_thread_entity,retain_context_only_model_rumor_or_pricing_claim,,,,
lab-cluster-10,time_thread_entity,needs_link_enrichment_social_media_link,,,,
lab-cluster-106,time_thread_entity,needs_link_enrichment_internal_telegram_link,,,,
lab-cluster-108,time_thread_entity,needs_link_enrichment_link_share,,,,
lab-cluster-11,time_thread_entity,needs_link_enrichment_social_media_link,,,,
lab-cluster-111,time_thread_entity,needs_link_enrichment_social_media_link,,,,
lab-cluster-116,time_thread_entity,needs_link_enrichment_social_media_link,,,,
lab-cluster-12,time_thread_entity,needs_link_enrichment_social_media_link,,,,
lab-cluster-131,time_thread_entity,needs_link_enrichment_link_share,,,,
lab-cluster-139,time_thread_entity,needs_link_enrichment_internal_telegram_link,,,,
lab-cluster-14,time_thread_entity,needs_link_enrichment_social_media_link,,,,
lab-cluster-140,time_thread_entity,needs_link_enrichment_social_media_link,,,,
lab-cluster-145,time_thread_entity,needs_link_enrichment_link_share,,,,
lab-cluster-146,time_thread_entity,needs_link_enrichment_internal_telegram_link,,,,
lab-cluster-148,time_thread_entity,needs_link_enrichment_link_share,,,,
lab-cluster-15,time_thread_entity,needs_link_enrichment_resource_link,,,,
lab-cluster-150,time_thread_entity,needs_link_enrichment_internal_telegram_link,,,,
lab-cluster-152,time_thread_entity,needs_link_enrichment_link_share,,,,
lab-cluster-155,time_thread_entity,needs_link_enrichment_internal_telegram_link,,,,
lab-cluster-159,time_thread_entity,needs_link_enrichment_resource_link,,,,
lab-cluster-171,time_thread_entity,needs_link_enrichment_link_share,,,,
lab-cluster-172,time_thread_entity,needs_link_enrichment_link_share,,,,
lab-cluster-173,time_thread_entity,needs_link_enrichment_link_share,,,,
lab-cluster-181,time_thread_entity,needs_link_enrichment_link_share,,,,
lab-cluster-186,time_thread_entity,needs_link_enrichment_resource_link,,,,
lab-cluster-187,time_thread_entity,needs_link_enrichment_social_media_link,,,,
lab-cluster-193,time_thread_entity,needs_link_enrichment_resource_link,,,,
lab-cluster-219,time_thread_entity,needs_link_enrichment_link_share,,,,
lab-cluster-223,time_thread_entity,needs_link_enrichment_social_media_link,,,,
lab-cluster-24,time_thread_entity,needs_link_enrichment_link_share,,,,
lab-cluster-250,time_thread_entity,needs_link_enrichment_link_share,,,,
lab-cluster-254,time_thread_entity,needs_link_enrichment_link_share,,,,
lab-cluster-255,time_thread_entity,needs_link_enrichment_link_share,,,,
lab-cluster-257,time_thread_entity,needs_link_enrichment_internal_telegram_link,,,,
lab-cluster-259,time_thread_entity,needs_link_enrichment_link_share,,,,
lab-cluster-260,time_thread_entity,needs_link_enrichment_internal_telegram_link,,,,
lab-cluster-261,time_thread_entity,needs_link_enrichment_internal_telegram_link,,,,
lab-cluster-262,time_thread_entity,needs_link_enrichment_link_share,,,,
lab-cluster-263,time_thread_entity,needs_link_enrichment_internal_telegram_link,,,,
lab-cluster-264,time_thread_entity,needs_link_enrichment_internal_telegram_link,,,,
lab-cluster-265,time_thread_entity,needs_link_enrichment_internal_telegram_link,,,,
lab-cluster-266,time_thread_entity,needs_link_enrichment_resource_link,,,,
lab-cluster-272,time_thread_entity,needs_link_enrichment_internal_telegram_link,,,,
lab-cluster-273,time_thread_entity,needs_link_enrichment_internal_telegram_link,,,,
lab-cluster-28,time_thread_entity,needs_link_enrichment_social_media_link,,,,
lab-cluster-281,time_thread_entity,needs_link_enrichment_link_share,,,,
lab-cluster-285,time_thread_entity,needs_link_enrichment_link_share,,,,
lab-cluster-287,time_thread_entity,needs_link_enrichment_internal_telegram_link,,,,
lab-cluster-288,time_thread_entity,needs_link_enrichment_social_media_link,,,,
lab-cluster-292,time_thread_entity,needs_link_enrichment_link_share,,,,
lab-cluster-301,time_thread_entity,needs_link_enrichment_link_share,,,,
lab-cluster-308,time_thread_entity,needs_link_enrichment_social_media_link,,,,
lab-cluster-317,time_thread_entity,needs_link_enrichment_internal_telegram_link,,,,
lab-cluster-318,time_thread_entity,needs_link_enrichment_internal_telegram_link,,,,
lab-cluster-327,time_thread_entity,needs_link_enrichment_link_share,,,,
lab-cluster-344,time_thread_entity,needs_link_enrichment_link_share,,,,
lab-cluster-35,time_thread_entity,needs_link_enrichment_internal_telegram_link,,,,
lab-cluster-354,time_thread_entity,needs_link_enrichment_link_share,,,,
lab-cluster-360,time_thread_entity,needs_link_enrichment_link_share,,,,
lab-cluster-366,time_thread_entity,needs_link_enrichment_internal_telegram_link,,,,
lab-cluster-367,time_thread_entity,needs_link_enrichment_internal_telegram_link,,,,
lab-cluster-37,time_thread_entity,needs_link_enrichment_social_media_link,,,,
lab-cluster-370,time_thread_entity,needs_link_enrichment_internal_telegram_link,,,,
lab-cluster-371,time_thread_entity,needs_link_enrichment_internal_telegram_link,,,,
lab-cluster-373,time_thread_entity,needs_link_enrichment_internal_telegram_link,,,,
lab-cluster-4,time_thread_entity,needs_link_enrichment_social_media_link,,,,
lab-cluster-41,time_thread_entity,needs_link_enrichment_social_media_link,,,,
lab-cluster-44,time_thread_entity,needs_link_enrichment_social_media_link,,,,
lab-cluster-47,time_thread_entity,needs_link_enrichment_internal_telegram_link,,,,
lab-cluster-48,time_thread_entity,needs_link_enrichment_social_media_link,,,,
lab-cluster-59,time_thread_entity,needs_link_enrichment_internal_telegram_link,,,,
lab-cluster-61,time_thread_entity,needs_link_enrichment_link_share,,,,
lab-cluster-62,time_thread_entity,needs_link_enrichment_resource_link,,,,
lab-cluster-70,time_thread_entity,needs_link_enrichment_social_media_link,,,,
lab-cluster-72,time_thread_entity,needs_link_enrichment_resource_link,,,,
lab-cluster-8,time_thread_entity,needs_link_enrichment_social_media_link,,,,
lab-cluster-82,time_thread_entity,needs_link_enrichment_social_media_link,,,,
lab-cluster-83,time_thread_entity,needs_link_enrichment_link_share,,,,
lab-cluster-84,time_thread_entity,needs_link_enrichment_internal_telegram_link,,,,
lab-cluster-85,time_thread_entity,needs_link_enrichment_link_share,,,,
lab-cluster-89,time_thread_entity,needs_link_enrichment_social_media_link,,,,
lab-cluster-93,time_thread_entity,needs_link_enrichment_link_share,,,,
lab-cluster-95,time_thread_entity,needs_link_enrichment_resource_link,,,,
lab-cluster-101,time_thread_entity,retain_context_only_weak_signal,,,,
lab-cluster-237,time_thread_entity,retain_context_only_weak_signal,,,,
lab-cluster-284,time_thread_entity,retain_context_only_model_rumor_or_pricing_claim,,,,
lab-cluster-303,time_thread_entity,retain_context_only_career_job_post,,,,
lab-cluster-306,time_thread_entity,retain_context_only_career_job_post,,,,
lab-cluster-33,time_thread_entity,retain_context_only_model_rumor_or_pricing_claim,,,,
lab-cluster-141,time_thread_entity,retain_context_only_model_rumor_or_pricing_claim,,,,
lab-cluster-160,time_thread_entity,retain_context_only_model_rumor_or_pricing_claim,,,,
lab-cluster-228,time_thread_entity,retain_context_only_model_rumor_or_pricing_claim,,,,
lab-cluster-246,time_thread_entity,retain_context_only_weak_signal,,,,
lab-cluster-289,time_thread_entity,retain_context_only_career_job_post,,,,
lab-cluster-305,time_thread_entity,retain_context_only_model_rumor_or_pricing_claim,,,,
lab-cluster-312,time_thread_entity,retain_context_only_weak_signal,,,,
lab-cluster-330,time_thread_entity,retain_context_only_career_job_post,,,,
lab-cluster-1,time_thread_entity,retain_context_only_career_job_post,,,,
lab-cluster-103,time_thread_entity,retain_context_only_weak_signal,,,,
lab-cluster-115,time_thread_entity,retain_context_only_weak_signal,,,,
lab-cluster-119,time_thread_entity,retain_context_only_weak_signal,,,,
lab-cluster-120,time_thread_entity,retain_context_only_career_job_post,,,,
lab-cluster-121,time_thread_entity,retain_context_only_career_job_post,,,,
lab-cluster-122,time_thread_entity,retain_context_only_career_job_post,,,,
lab-cluster-124,time_thread_entity,retain_context_only_weak_signal,,,,
lab-cluster-128,time_thread_entity,retain_context_only_weak_signal,,,,
lab-cluster-129,time_thread_entity,retain_context_only_career_job_post,,,,
lab-cluster-136,time_thread_entity,retain_context_only_model_rumor_or_pricing_claim,,,,
lab-cluster-142,time_thread_entity,retain_context_only_weak_signal,,,,
lab-cluster-147,time_thread_entity,retain_context_only_model_rumor_or_pricing_claim,,,,
lab-cluster-161,time_thread_entity,retain_context_only_career_job_post,,,,
lab-cluster-163,time_thread_entity,retain_context_only_model_rumor_or_pricing_claim,,,,
lab-cluster-164,time_thread_entity,retain_context_only_model_rumor_or_pricing_claim,,,,
lab-cluster-165,time_thread_entity,retain_context_only_model_rumor_or_pricing_claim,,,,
lab-cluster-166,time_thread_entity,retain_context_only_model_rumor_or_pricing_claim,,,,
lab-cluster-167,time_thread_entity,retain_context_only_model_rumor_or_pricing_claim,,,,
lab-cluster-168,time_thread_entity,retain_context_only_model_rumor_or_pricing_claim,,,,
lab-cluster-169,time_thread_entity,retain_context_only_model_rumor_or_pricing_claim,,,,
lab-cluster-174,time_thread_entity,retain_context_only_career_job_post,,,,
lab-cluster-176,time_thread_entity,retain_context_only_model_rumor_or_pricing_claim,,,,
lab-cluster-178,time_thread_entity,retain_context_only_weak_signal,,,,
lab-cluster-18,time_thread_entity,retain_context_only_weak_signal,,,,
lab-cluster-185,time_thread_entity,retain_context_only_career_job_post,,,,
lab-cluster-199,time_thread_entity,retain_context_only_model_rumor_or_pricing_claim,,,,
lab-cluster-200,time_thread_entity,retain_context_only_weak_signal,,,,
lab-cluster-202,time_thread_entity,retain_context_only_weak_signal,,,,
lab-cluster-206,time_thread_entity,retain_context_only_model_rumor_or_pricing_claim,,,,
lab-cluster-207,time_thread_entity,retain_context_only_model_rumor_or_pricing_claim,,,,
lab-cluster-210,time_thread_entity,retain_context_only_weak_signal,,,,
lab-cluster-216,time_thread_entity,retain_context_only_weak_signal,,,,
lab-cluster-217,time_thread_entity,retain_context_only_model_rumor_or_pricing_claim,,,,
lab-cluster-238,time_thread_entity,retain_context_only_model_rumor_or_pricing_claim,,,,
lab-cluster-244,time_thread_entity,retain_context_only_model_rumor_or_pricing_claim,,,,
lab-cluster-245,time_thread_entity,retain_context_only_model_rumor_or_pricing_claim,,,,
lab-cluster-249,time_thread_entity,retain_context_only_weak_signal,,,,
lab-cluster-251,time_thread_entity,retain_context_only_weak_signal,,,,
lab-cluster-253,time_thread_entity,retain_context_only_event_announcement,,,,
lab-cluster-270,time_thread_entity,retain_context_only_model_rumor_or_pricing_claim,,,,
lab-cluster-271,time_thread_entity,retain_context_only_weak_signal,,,,
lab-cluster-274,time_thread_entity,retain_context_only_model_rumor_or_pricing_claim,,,,
lab-cluster-275,time_thread_entity,retain_context_only_weak_signal,,,,
lab-cluster-277,time_thread_entity,retain_context_only_career_job_post,,,,
lab-cluster-283,time_thread_entity,retain_context_only_career_job_post,,,,
lab-cluster-286,time_thread_entity,retain_context_only_model_rumor_or_pricing_claim,,,,
lab-cluster-290,time_thread_entity,retain_context_only_weak_signal,,,,
lab-cluster-296,time_thread_entity,retain_context_only_career_job_post,,,,
lab-cluster-297,time_thread_entity,retain_context_only_career_job_post,,,,
lab-cluster-298,time_thread_entity,retain_context_only_career_job_post,,,,
lab-cluster-304,time_thread_entity,retain_context_only_model_rumor_or_pricing_claim,,,,
lab-cluster-307,time_thread_entity,retain_context_only_model_rumor_or_pricing_claim,,,,
lab-cluster-309,time_thread_entity,retain_context_only_model_rumor_or_pricing_claim,,,,
lab-cluster-310,time_thread_entity,retain_context_only_model_rumor_or_pricing_claim,,,,
lab-cluster-311,time_thread_entity,retain_context_only_career_job_post,,,,
lab-cluster-315,time_thread_entity,retain_context_only_model_rumor_or_pricing_claim,,,,
lab-cluster-32,time_thread_entity,retain_context_only_model_rumor_or_pricing_claim,,,,
lab-cluster-326,time_thread_entity,retain_context_only_model_rumor_or_pricing_claim,,,,
lab-cluster-328,time_thread_entity,retain_context_only_weak_signal,,,,
lab-cluster-329,time_thread_entity,retain_context_only_weak_signal,,,,
lab-cluster-331,time_thread_entity,retain_context_only_model_rumor_or_pricing_claim,,,,
lab-cluster-332,time_thread_entity,retain_context_only_model_rumor_or_pricing_claim,,,,
lab-cluster-333,time_thread_entity,retain_context_only_model_rumor_or_pricing_claim,,,,
lab-cluster-334,time_thread_entity,retain_context_only_model_rumor_or_pricing_claim,,,,
lab-cluster-340,time_thread_entity,retain_context_only_model_rumor_or_pricing_claim,,,,
lab-cluster-341,time_thread_entity,retain_context_only_model_rumor_or_pricing_claim,,,,
lab-cluster-342,time_thread_entity,retain_context_only_model_rumor_or_pricing_claim,,,,
lab-cluster-343,time_thread_entity,retain_context_only_model_rumor_or_pricing_claim,,,,
lab-cluster-346,time_thread_entity,retain_context_only_career_job_post,,,,
lab-cluster-349,time_thread_entity,retain_context_only_weak_signal,,,,
lab-cluster-350,time_thread_entity,retain_context_only_weak_signal,,,,
lab-cluster-351,time_thread_entity,retain_context_only_event_announcement,,,,
lab-cluster-355,time_thread_entity,retain_context_only_career_job_post,,,,
lab-cluster-357,time_thread_entity,retain_context_only_model_rumor_or_pricing_claim,,,,
lab-cluster-359,time_thread_entity,retain_context_only_career_job_post,,,,
lab-cluster-362,time_thread_entity,retain_context_only_model_rumor_or_pricing_claim,,,,
lab-cluster-364,time_thread_entity,retain_context_only_model_rumor_or_pricing_claim,,,,
lab-cluster-49,time_thread_entity,retain_context_only_career_job_post,,,,
lab-cluster-51,time_thread_entity,retain_context_only_career_job_post,,,,
lab-cluster-52,time_thread_entity,retain_context_only_weak_signal,,,,
lab-cluster-60,time_thread_entity,retain_context_only_weak_signal,,,,
lab-cluster-74,time_thread_entity,retain_context_only_weak_signal,,,,
lab-cluster-77,time_thread_entity,retain_context_only_weak_signal,,,,
lab-cluster-78,time_thread_entity,retain_context_only_weak_signal,,,,
lab-cluster-86,time_thread_entity,retain_context_only_weak_signal,,,,
lab-cluster-98,time_thread_entity,retain_context_only_career_job_post,,,,
lab-cluster-31,time_thread_entity,no_material_low_value_chatter,,,,
lab-cluster-7,time_thread_entity,no_material_low_value_chatter,,,,
lab-cluster-43,time_thread_entity,no_material_low_value_chatter,,,,
lab-cluster-9,time_thread_entity,signal_only_risk_review_risk_promo_referral,,,,
lab-cluster-112,time_thread_entity,no_material_low_value_chatter,,,,
lab-cluster-29,time_thread_entity,no_material_low_value_chatter,,,,
lab-cluster-87,time_thread_entity,no_material_low_value_chatter,,,,
lab-cluster-138,time_thread_entity,no_material_low_value_chatter,,,,
lab-cluster-100,time_thread_entity,no_material_low_value_chatter,,,,
lab-cluster-205,time_thread_entity,no_material_low_value_chatter,,,,
lab-cluster-243,time_thread_entity,no_material_low_value_chatter,,,,
lab-cluster-295,time_thread_entity,no_material_low_value_chatter,,,,
lab-cluster-339,time_thread_entity,no_material_low_value_chatter,,,,
lab-cluster-81,time_thread_entity,signal_only_risk_review_referral_or_invite_link,,,,
lab-cluster-104,time_thread_entity,no_material_low_value_chatter,,,,
lab-cluster-113,time_thread_entity,no_material_low_value_chatter,,,,
lab-cluster-117,time_thread_entity,no_material_low_value_chatter,,,,
lab-cluster-127,time_thread_entity,no_material_low_value_chatter,,,,
lab-cluster-134,time_thread_entity,no_material_low_value_chatter,,,,
lab-cluster-135,time_thread_entity,signal_only_risk_review_risk_promo_referral,,,,
lab-cluster-153,time_thread_entity,no_material_low_value_chatter,,,,
lab-cluster-158,time_thread_entity,no_material_low_value_chatter,,,,
lab-cluster-180,time_thread_entity,no_material_low_value_chatter,,,,
lab-cluster-19,time_thread_entity,no_material_low_value_chatter,,,,
lab-cluster-191,time_thread_entity,signal_only_risk_review_referral_or_invite_link,,,,
lab-cluster-196,time_thread_entity,no_material_low_value_chatter,,,,
lab-cluster-2,time_thread_entity,no_material_low_value_chatter,,,,
lab-cluster-201,time_thread_entity,no_material_low_value_chatter,,,,
lab-cluster-203,time_thread_entity,signal_only_risk_review_risk_promo_referral,,,,
lab-cluster-211,time_thread_entity,no_material_low_value_chatter,,,,
lab-cluster-212,time_thread_entity,no_material_low_value_chatter,,,,
lab-cluster-213,time_thread_entity,no_material_low_value_chatter,,,,
lab-cluster-214,time_thread_entity,no_material_low_value_chatter,,,,
lab-cluster-215,time_thread_entity,no_material_low_value_chatter,,,,
lab-cluster-218,time_thread_entity,no_material_low_value_chatter,,,,
lab-cluster-220,time_thread_entity,no_material_low_value_chatter,,,,
lab-cluster-224,time_thread_entity,no_material_low_value_chatter,,,,
lab-cluster-225,time_thread_entity,no_material_low_value_chatter,,,,
lab-cluster-227,time_thread_entity,no_material_low_value_chatter,,,,
lab-cluster-229,time_thread_entity,no_material_low_value_chatter,,,,
lab-cluster-23,time_thread_entity,no_material_low_value_chatter,,,,
lab-cluster-230,time_thread_entity,no_material_low_value_chatter,,,,
lab-cluster-231,time_thread_entity,no_material_low_value_chatter,,,,
lab-cluster-232,time_thread_entity,no_material_low_value_chatter,,,,
lab-cluster-236,time_thread_entity,no_material_low_value_chatter,,,,
lab-cluster-241,time_thread_entity,no_material_low_value_chatter,,,,
lab-cluster-247,time_thread_entity,no_material_low_value_chatter,,,,
lab-cluster-252,time_thread_entity,no_material_low_value_chatter,,,,
lab-cluster-267,time_thread_entity,no_material_low_value_chatter,,,,
lab-cluster-268,time_thread_entity,no_material_low_value_chatter,,,,
lab-cluster-269,time_thread_entity,no_material_low_value_chatter,,,,
lab-cluster-276,time_thread_entity,no_material_low_value_chatter,,,,
lab-cluster-279,time_thread_entity,no_material_low_value_chatter,,,,
lab-cluster-294,time_thread_entity,no_material_low_value_chatter,,,,
lab-cluster-299,time_thread_entity,no_material_low_value_chatter,,,,
lab-cluster-3,time_thread_entity,no_material_low_value_chatter,,,,
lab-cluster-300,time_thread_entity,no_material_low_value_chatter,,,,
lab-cluster-302,time_thread_entity,no_material_low_value_chatter,,,,
lab-cluster-313,time_thread_entity,no_material_low_value_chatter,,,,
lab-cluster-314,time_thread_entity,no_material_low_value_chatter,,,,
lab-cluster-319,time_thread_entity,no_material_low_value_chatter,,,,
lab-cluster-320,time_thread_entity,no_material_low_value_chatter,,,,
lab-cluster-324,time_thread_entity,signal_only_risk_review_referral_or_invite_link,,,,
lab-cluster-337,time_thread_entity,no_material_low_value_chatter,,,,
lab-cluster-338,time_thread_entity,no_material_low_value_chatter,,,,
lab-cluster-34,time_thread_entity,no_material_low_value_chatter,,,,
lab-cluster-345,time_thread_entity,no_material_low_value_chatter,,,,
lab-cluster-347,time_thread_entity,no_material_low_value_chatter,,,,
lab-cluster-348,time_thread_entity,no_material_low_value_chatter,,,,
lab-cluster-358,time_thread_entity,no_material_low_value_chatter,,,,
lab-cluster-39,time_thread_entity,signal_only_risk_review_referral_or_invite_link,,,,
lab-cluster-42,time_thread_entity,signal_only_risk_review_referral_or_invite_link,,,,
lab-cluster-45,time_thread_entity,no_material_low_value_chatter,,,,
lab-cluster-46,time_thread_entity,signal_only_risk_review_referral_or_invite_link,,,,
lab-cluster-50,time_thread_entity,no_material_low_value_chatter,,,,
lab-cluster-55,time_thread_entity,no_material_low_value_chatter,,,,
lab-cluster-56,time_thread_entity,no_material_low_value_chatter,,,,
lab-cluster-6,time_thread_entity,no_material_low_value_chatter,,,,
lab-cluster-66,time_thread_entity,no_material_low_value_chatter,,,,
lab-cluster-68,time_thread_entity,signal_only_risk_review_risk_promo_referral,,,,
lab-cluster-73,time_thread_entity,signal_only_risk_review_risk_promo_referral,,,,
lab-cluster-88,time_thread_entity,no_material_low_value_chatter,,,,
lab-cluster-94,time_thread_entity,no_material_low_value_chatter,,,,
lab-cluster-99,time_thread_entity,no_material_low_value_chatter,,,,
lab-cluster-323,time_thread_entity,manual_review_only_abuse_or_circumvention,,,,
lab-cluster-363,time_thread_entity,manual_review_only_abuse_or_circumvention,,,,
