lab_message_id,snapshot_id,raw_id,dataset_message_id,telegram_chat_id,chat_id,chat_title,topic_id,thread_id,topic_title,reply_to,timestamp,primary_class,classifier_route,route,route_reason,risk,material_type_hint,confidence,marker_id,domains,model_names,error_codes,length_tokens,has_link,has_api_terms,has_code,preview
msg-00104,snapshot-2e5c3804a503,25646,25646,-1001594483330,-1001594483330,,1,1,Флуд,,2026-06-30T11:34:38+00:00,RULES_ONBOARDING,HARD_NO_MATERIAL,REJECT_SAFE,rules_or_onboarding_template;hard_rule_never_material_rules_onboarding_or_moderation,LOW,NONE,0.960,rules_onboarding_marker,,,,49,false,false,false,"Добро пожаловать в стаю, пользователь! Помощник ОМ — это твой путеводитель по сообществу. Внутри ты найдешь: - базу знаний - список всех доступных чатов и ресурсов - контакты поддержки, где всегда можно задать вопрос - карту всего вышедшего контента ❗️Обязательно пройди онбординг"
msg-00108,snapshot-2e5c3804a503,25640,25640,-1002000358371,-1002000358371,,6457131008,6457131008,,,2026-06-30T11:34:08+00:00,RULES_ONBOARDING,HARD_NO_MATERIAL,REJECT_SAFE,rules_or_onboarding_template;hard_rule_never_material_rules_onboarding_or_moderation,LOW,NONE,0.960,rules_onboarding_marker,,,,40,false,false,false,"Добро пожаловать в стаю, пользователь! Помощник ОМ — это твой путеводитель по сообществу. Внутри ты найдешь: - базу знаний - список всех доступных чатов и ресурсов - контакты поддержки, где всегда можно задать вопрос - карту всего вышедшего контента ❗️Обязательно пройди онбординг"
msg-00151,snapshot-2e5c3804a503,25598,25598,-1001204511390,-1001204511390,,1,1,,,2026-06-30T11:30:09+00:00,RULES_ONBOARDING,HARD_NO_MATERIAL,REJECT_SAFE,rules_or_onboarding_template;hard_rule_never_material_rules_onboarding_or_moderation,LOW,NONE,0.960,rules_onboarding_marker,,,,94,false,false,false,"Boris Sorokin, приветствуем вас в группе Russian IT in Dubai, в которой обсуждается всё, что может быть интересно русскоязычным представителям IT-индустрии, уже работающим или планирующим переезд в Объединённые Арабские Эмираты. ВАЖНО: При добавлении в группу напишите о себе / о "
msg-00152,snapshot-2e5c3804a503,25595,25595,-1001750092257,-1001750092257,,32302432256,32302432256,,,2026-06-30T11:29:52+00:00,RULES_ONBOARDING,HARD_NO_MATERIAL,REJECT_SAFE,rules_or_onboarding_template;hard_rule_never_material_rules_onboarding_or_moderation,LOW,NONE,0.960,rules_onboarding_marker,,,,40,false,false,false,"Добро пожаловать в стаю, @viktoriatsygankova! Помощник ОМ — это твой путеводитель по сообществу. Внутри ты найдешь: - базу знаний - список всех доступных чатов и ресурсов - контакты поддержки, где всегда можно задать вопрос - карту всего вышедшего контента ❗️Обязательно пройди он"
msg-00170,snapshot-2e5c3804a503,25574,25574,-1001870785614,-1001870785614,,1,1,,,2026-06-30T11:27:08+00:00,RULES_ONBOARDING,HARD_NO_MATERIAL,REJECT_SAFE,rules_or_onboarding_template;hard_rule_never_material_rules_onboarding_or_moderation,LOW,NONE,0.960,rules_onboarding_marker,,,,40,false,false,false,"Добро пожаловать в стаю, пользователь! Помощник ОМ — это твой путеводитель по сообществу. Внутри ты найдешь: - базу знаний - список всех доступных чатов и ресурсов - контакты поддержки, где всегда можно задать вопрос - карту всего вышедшего контента ❗️Обязательно пройди онбординг"
msg-00198,snapshot-2e5c3804a503,25545,25545,-1001750348316,-1001750348316,,533337210880,533337210880,,,2026-06-30T11:15:48+00:00,RULES_ONBOARDING,HARD_NO_MATERIAL,REJECT_SAFE,rules_or_onboarding_template;hard_rule_never_material_rules_onboarding_or_moderation,LOW,NONE,0.960,rules_onboarding_marker,,,,53,false,false,false,"@Timsisss Добро пожаловать! Этот чат станет для тебя теплой ламповой пещерой, где ты сможешь пообщаться на (почти) любые темы. Не стесняйся задавать вопросы, но возможно стоит сразу пойти в тематический чат. Если что, мы перенаправим тебя в нужную микростаю, где ты получишь необх"
msg-00213,snapshot-2e5c3804a503,25531,25531,-1001204511390,-1001204511390,,1,1,,,2026-06-30T11:14:56+00:00,MODERATION_BOT_EVENT,HARD_NO_MATERIAL,REJECT_SAFE,moderation_or_ban_bot_event;hard_rule_never_material_rules_onboarding_or_moderation,LOW,NONE,0.930,rules_onboarding_marker,,,,21,false,false,false,"⛔ dim 96 a nf, тебя заблокировали (Lols Ban) Пользователь отмечен к глобальной блокировке в боте (Lols ban) — подробнее о том, что делать в таком случае, можно почитать по ссылке."
msg-00228,snapshot-2e5c3804a503,25511,25511,-1001204511390,-1001204511390,,1,1,,,2026-06-30T11:13:12+00:00,MODERATION_BOT_EVENT,HARD_NO_MATERIAL,REJECT_SAFE,moderation_or_ban_bot_event;hard_rule_never_material_rules_onboarding_or_moderation,LOW,NONE,0.930,rules_onboarding_marker,,,,28,false,false,false,"⛔ Александра, тебя заблокировали (antifolder) Пользователь попытался вступить через общую папку с чатами — приём, которым часто пользуются спамеры для массовых входов сразу в несколько сотен чатов. Согласно настройкам группы такой способ вступления заблокирован."
msg-00235,snapshot-2e5c3804a503,25502,25502,-1001204511390,-1001204511390,,1,1,,,2026-06-30T11:11:53+00:00,RULES_ONBOARDING,HARD_NO_MATERIAL,REJECT_SAFE,rules_or_onboarding_template;hard_rule_never_material_rules_onboarding_or_moderation,LOW,NONE,0.960,rules_onboarding_marker,,,,93,false,false,false,"Александра, приветствуем вас в группе Russian IT in Dubai, в которой обсуждается всё, что может быть интересно русскоязычным представителям IT-индустрии, уже работающим или планирующим переезд в Объединённые Арабские Эмираты. ВАЖНО: При добавлении в группу напишите о себе / о ваш"
msg-00291,snapshot-2e5c3804a503,25447,25447,-1001204511390,-1001204511390,,1,1,,,2026-06-30T11:03:36+00:00,MODERATION_BOT_EVENT,HARD_NO_MATERIAL,REJECT_SAFE,moderation_or_ban_bot_event;hard_rule_never_material_rules_onboarding_or_moderation,LOW,NONE,0.930,rules_onboarding_marker,,,,28,false,false,false,"⛔ Маргарита, тебя заблокировали (antifolder) Пользователь попытался вступить через общую папку с чатами — приём, которым часто пользуются спамеры для массовых входов сразу в несколько сотен чатов. Согласно настройкам группы такой способ вступления заблокирован."
msg-00292,snapshot-2e5c3804a503,25446,25446,-1001204511390,-1001204511390,,1,1,,,2026-06-30T11:03:35+00:00,RULES_ONBOARDING,HARD_NO_MATERIAL,REJECT_SAFE,rules_or_onboarding_template;hard_rule_never_material_rules_onboarding_or_moderation,LOW,NONE,0.960,rules_onboarding_marker,,,,93,false,false,false,"Маргарита, приветствуем вас в группе Russian IT in Dubai, в которой обсуждается всё, что может быть интересно русскоязычным представителям IT-индустрии, уже работающим или планирующим переезд в Объединённые Арабские Эмираты. ВАЖНО: При добавлении в группу напишите о себе / о ваше"
msg-00298,snapshot-2e5c3804a503,25439,25439,-1001204511390,-1001204511390,,1,1,,,2026-06-30T11:02:32+00:00,RULES_ONBOARDING,HARD_NO_MATERIAL,REJECT_SAFE,rules_or_onboarding_template;hard_rule_never_material_rules_onboarding_or_moderation,LOW,NONE,0.960,rules_onboarding_marker,,,,93,false,false,false,"Маргарита, приветствуем вас в группе Russian IT in Dubai, в которой обсуждается всё, что может быть интересно русскоязычным представителям IT-индустрии, уже работающим или планирующим переезд в Объединённые Арабские Эмираты. ВАЖНО: При добавлении в группу напишите о себе / о ваше"
msg-00334,snapshot-2e5c3804a503,25400,25400,-1001204511390,-1001204511390,,1,1,,,2026-06-30T10:56:41+00:00,MODERATION_BOT_EVENT,HARD_NO_MATERIAL,REJECT_SAFE,moderation_or_ban_bot_event;hard_rule_never_material_rules_onboarding_or_moderation,LOW,NONE,0.930,rules_onboarding_marker,,,,29,false,false,false,"⛔ Carl Alvarado, тебя заблокировали (antifolder) Пользователь попытался вступить через общую папку с чатами — приём, которым часто пользуются спамеры для массовых входов сразу в несколько сотен чатов. Согласно настройкам группы такой способ вступления заблокирован."
msg-00342,snapshot-2e5c3804a503,25393,25393,-1001204511390,-1001204511390,,1,1,,,2026-06-30T10:55:30+00:00,RULES_ONBOARDING,HARD_NO_MATERIAL,REJECT_SAFE,rules_or_onboarding_template;hard_rule_never_material_rules_onboarding_or_moderation,LOW,NONE,0.960,rules_onboarding_marker,,,,94,false,false,false,"Carl Alvarado, приветствуем вас в группе Russian IT in Dubai, в которой обсуждается всё, что может быть интересно русскоязычным представителям IT-индустрии, уже работающим или планирующим переезд в Объединённые Арабские Эмираты. ВАЖНО: При добавлении в группу напишите о себе / о "
msg-00501,snapshot-2e5c3804a503,25226,25226,-1001204511390,-1001204511390,,1,1,,,2026-06-30T10:14:58+00:00,MODERATION_BOT_EVENT,HARD_NO_MATERIAL,REJECT_SAFE,moderation_or_ban_bot_event;hard_rule_never_material_rules_onboarding_or_moderation,LOW,NONE,0.930,rules_onboarding_marker,,,,29,false,false,false,"⛔ Vhhdf Ccvb, тебя заблокировали (antifolder) Пользователь попытался вступить через общую папку с чатами — приём, которым часто пользуются спамеры для массовых входов сразу в несколько сотен чатов. Согласно настройкам группы такой способ вступления заблокирован."
msg-00502,snapshot-2e5c3804a503,25225,25225,-1001204511390,-1001204511390,,1,1,,,2026-06-30T10:14:29+00:00,RULES_ONBOARDING,HARD_NO_MATERIAL,REJECT_SAFE,rules_or_onboarding_template;hard_rule_never_material_rules_onboarding_or_moderation,LOW,NONE,0.960,rules_onboarding_marker,,,,94,false,false,false,"Vhhdf Ccvb, приветствуем вас в группе Russian IT in Dubai, в которой обсуждается всё, что может быть интересно русскоязычным представителям IT-индустрии, уже работающим или планирующим переезд в Объединённые Арабские Эмираты. ВАЖНО: При добавлении в группу напишите о себе / о ваш"
msg-00503,snapshot-2e5c3804a503,25224,25224,-1001204511390,-1001204511390,,1,1,,,2026-06-30T10:14:19+00:00,RULES_ONBOARDING,HARD_NO_MATERIAL,REJECT_SAFE,rules_or_onboarding_template;hard_rule_never_material_rules_onboarding_or_moderation,LOW,NONE,0.960,rules_onboarding_marker,,,,94,false,false,false,"Vhhdf Ccvb, приветствуем вас в группе Russian IT in Dubai, в которой обсуждается всё, что может быть интересно русскоязычным представителям IT-индустрии, уже работающим или планирующим переезд в Объединённые Арабские Эмираты. ВАЖНО: При добавлении в группу напишите о себе / о ваш"
msg-00527,snapshot-2e5c3804a503,25194,25194,-1002922797592,-1002922797592,,1,1,Основной,,2026-06-30T10:02:36+00:00,RULES_ONBOARDING,HARD_NO_MATERIAL,REJECT_SAFE,rules_or_onboarding_template;hard_rule_never_material_rules_onboarding_or_moderation,LOW,NONE,0.960,rules_onboarding_marker,,,BADSHAH,9,false,false,false,"BADSHAH, прежде чем писать в этом чате, подтвердите, что ознакомились с правилами."
msg-00611,snapshot-2e5c3804a503,25110,25110,-1001204511390,-1001204511390,,1,1,,,2026-06-30T09:49:47+00:00,MODERATION_BOT_EVENT,HARD_NO_MATERIAL,REJECT_SAFE,moderation_or_ban_bot_event;hard_rule_never_material_rules_onboarding_or_moderation,LOW,NONE,0.930,rules_onboarding_marker,,,,41,false,false,false,"⛔ Чеширский Кот, тебя заблокировали (antifolder) Сообщение обещает быстрый доход без объяснений, часто используется в мошеннических схемах. (посмотреть сообщение) Пользователь попытался вступить через общую папку с чатами — приём, которым часто пользуются спамеры для массовых вхо"
msg-00612,snapshot-2e5c3804a503,25109,25109,-1001204511390,-1001204511390,,1,1,,,2026-06-30T09:49:46+00:00,RULES_ONBOARDING,HARD_NO_MATERIAL,REJECT_SAFE,rules_or_onboarding_template;hard_rule_never_material_rules_onboarding_or_moderation,LOW,NONE,0.960,rules_onboarding_marker,,,,94,false,false,false,"Чеширский Кот, приветствуем вас в группе Russian IT in Dubai, в которой обсуждается всё, что может быть интересно русскоязычным представителям IT-индустрии, уже работающим или планирующим переезд в Объединённые Арабские Эмираты. ВАЖНО: При добавлении в группу напишите о себе / о "
msg-00690,snapshot-2e5c3804a503,25030,25030,-1001594483330,-1001594483330,,1,1,Флуд,,2026-06-30T09:40:30+00:00,RULES_ONBOARDING,HARD_NO_MATERIAL,REJECT_SAFE,rules_or_onboarding_template;hard_rule_never_material_rules_onboarding_or_moderation,LOW,NONE,0.960,rules_onboarding_marker,,,,49,false,false,false,"Добро пожаловать в стаю, @meruslano77! Помощник ОМ — это твой путеводитель по сообществу. Внутри ты найдешь: - базу знаний - список всех доступных чатов и ресурсов - контакты поддержки, где всегда можно задать вопрос - карту всего вышедшего контента ❗️Обязательно пройди онбординг"
msg-00692,snapshot-2e5c3804a503,25028,25028,-1001689325273,-1001689325273,,1,1,,,2026-06-30T09:40:09+00:00,RULES_ONBOARDING,HARD_NO_MATERIAL,REJECT_SAFE,rules_or_onboarding_template;hard_rule_never_material_rules_onboarding_or_moderation,LOW,NONE,0.960,rules_onboarding_marker,,,,40,false,false,false,"Добро пожаловать в стаю, @meruslano77! Помощник ОМ — это твой путеводитель по сообществу. Внутри ты найдешь: - базу знаний - список всех доступных чатов и ресурсов - контакты поддержки, где всегда можно задать вопрос - карту всего вышедшего контента ❗️Обязательно пройди онбординг"
msg-00699,snapshot-2e5c3804a503,25020,25020,-1001204511390,-1001204511390,,1,1,,,2026-06-30T09:38:46+00:00,RULES_ONBOARDING,HARD_NO_MATERIAL,REJECT_SAFE,rules_or_onboarding_template;hard_rule_never_material_rules_onboarding_or_moderation,LOW,NONE,0.960,rules_onboarding_marker,,,,94,false,false,false,"Wilfred Bennett, приветствуем вас в группе Russian IT in Dubai, в которой обсуждается всё, что может быть интересно русскоязычным представителям IT-индустрии, уже работающим или планирующим переезд в Объединённые Арабские Эмираты. ВАЖНО: При добавлении в группу напишите о себе / "
msg-00703,snapshot-2e5c3804a503,25016,25016,-1002922797592,-1002922797592,,1,1,Основной,,2026-06-30T09:37:42+00:00,RULES_ONBOARDING,HARD_NO_MATERIAL,REJECT_SAFE,rules_or_onboarding_template;hard_rule_never_material_rules_onboarding_or_moderation,LOW,NONE,0.960,rules_onboarding_marker,,,,9,false,false,false,"Kirill, прежде чем писать в этом чате, подтвердите, что ознакомились с правилами."
msg-00712,snapshot-2e5c3804a503,25004,25004,-1001204511390,-1001204511390,,1,1,,,2026-06-30T09:35:29+00:00,RULES_ONBOARDING,HARD_NO_MATERIAL,REJECT_SAFE,rules_or_onboarding_template;hard_rule_never_material_rules_onboarding_or_moderation,LOW,NONE,0.960,rules_onboarding_marker,,,,93,false,false,false,"Лорка, приветствуем вас в группе Russian IT in Dubai, в которой обсуждается всё, что может быть интересно русскоязычным представителям IT-индустрии, уже работающим или планирующим переезд в Объединённые Арабские Эмираты. ВАЖНО: При добавлении в группу напишите о себе / о вашей ко"
msg-00728,snapshot-2e5c3804a503,24989,24989,-1002165514145,-1002165514145,,771286368256,771286368256,,,2026-06-30T09:18:02+00:00,RULES_ONBOARDING,HARD_NO_MATERIAL,REJECT_SAFE,rules_or_onboarding_template;hard_rule_never_material_rules_onboarding_or_moderation,LOW,NONE,0.960,rules_onboarding_marker,app.prntscr.com,,,65,true,false,false,"R Praveen, перед тем как писать в чат - прочитай правила 1. Запрещено отправлять ФОТО экрана, отправляй только скриншоты. Их можно сделать по кнопке Prtscn или через приложение https://app.prntscr.com 2. Запрещено спамить реф ссылками (нативно, с качественным текстом один раз отп"
msg-00730,snapshot-2e5c3804a503,24986,24986,-1001870785614,-1001870785614,,1,1,,,2026-06-30T09:16:36+00:00,RULES_ONBOARDING,HARD_NO_MATERIAL,REJECT_SAFE,rules_or_onboarding_template;hard_rule_never_material_rules_onboarding_or_moderation,LOW,NONE,0.960,rules_onboarding_marker,,,,40,false,false,false,"Добро пожаловать в стаю, @pUUNBZ! Помощник ОМ — это твой путеводитель по сообществу. Внутри ты найдешь: - базу знаний - список всех доступных чатов и ресурсов - контакты поддержки, где всегда можно задать вопрос - карту всего вышедшего контента ❗️Обязательно пройди онбординг по с"
msg-00734,snapshot-2e5c3804a503,24982,24982,-1002165514145,-1002165514145,,771285319680,771285319680,,,2026-06-30T09:13:58+00:00,RULES_ONBOARDING,HARD_NO_MATERIAL,REJECT_SAFE,rules_or_onboarding_template;hard_rule_never_material_rules_onboarding_or_moderation,LOW,NONE,0.960,rules_onboarding_marker,app.prntscr.com,,,65,true,false,false,"Nelaveni, перед тем как писать в чат - прочитай правила 1. Запрещено отправлять ФОТО экрана, отправляй только скриншоты. Их можно сделать по кнопке Prtscn или через приложение https://app.prntscr.com 2. Запрещено спамить реф ссылками (нативно, с качественным текстом один раз отпр"
msg-00870,snapshot-2e5c3804a503,24839,24839,-1002165514145,-1002165514145,,771201433600,771201433600,,,2026-06-30T08:46:51+00:00,MODERATION_BOT_EVENT,HARD_NO_MATERIAL,REJECT_SAFE,moderation_or_ban_bot_event;hard_rule_never_material_rules_onboarding_or_moderation,LOW,NONE,0.930,rules_onboarding_marker,,,,6,false,false,false,да так похуй на бан этот будто
msg-00888,snapshot-2e5c3804a503,24820,24820,-1002165514145,-1002165514145,,771201433600,771201433600,,,2026-06-30T08:44:24+00:00,MODERATION_BOT_EVENT,HARD_NO_MATERIAL,REJECT_SAFE,moderation_or_ban_bot_event;hard_rule_never_material_rules_onboarding_or_moderation,LOW,NONE,0.930,rules_onboarding_marker,,,,8,false,false,false,"залетел сразу покидал, ибо мне похуй на бан"
msg-00902,snapshot-2e5c3804a503,24807,24807,-1001204511390,-1001204511390,,1,1,,,2026-06-30T08:43:08+00:00,MODERATION_BOT_EVENT,HARD_NO_MATERIAL,REJECT_SAFE,moderation_or_ban_bot_event;hard_rule_never_material_rules_onboarding_or_moderation,LOW,NONE,0.930,rules_onboarding_marker,,,,29,false,false,false,"⛔ Чеширский Кот, тебя заблокировали (antifolder) Пользователь попытался вступить через общую папку с чатами — приём, которым часто пользуются спамеры для массовых входов сразу в несколько сотен чатов. Согласно настройкам группы такой способ вступления заблокирован."
msg-00936,snapshot-2e5c3804a503,24772,24772,-1001750092257,-1001750092257,,32300335104,32300335104,,,2026-06-30T08:39:51+00:00,RULES_ONBOARDING,HARD_NO_MATERIAL,REJECT_SAFE,rules_or_onboarding_template;hard_rule_never_material_rules_onboarding_or_moderation,LOW,NONE,0.960,rules_onboarding_marker,,,,40,false,false,false,"Добро пожаловать в стаю, пользователь! Помощник ОМ — это твой путеводитель по сообществу. Внутри ты найдешь: - базу знаний - список всех доступных чатов и ресурсов - контакты поддержки, где всегда можно задать вопрос - карту всего вышедшего контента ❗️Обязательно пройди онбординг"
msg-00987,snapshot-2e5c3804a503,24715,24715,-1001204511390,-1001204511390,,1,1,,,2026-06-30T08:34:34+00:00,RULES_ONBOARDING,HARD_NO_MATERIAL,REJECT_SAFE,rules_or_onboarding_template;hard_rule_never_material_rules_onboarding_or_moderation,LOW,NONE,0.960,rules_onboarding_marker,,,,93,false,false,false,"Арина, приветствуем вас в группе Russian IT in Dubai, в которой обсуждается всё, что может быть интересно русскоязычным представителям IT-индустрии, уже работающим или планирующим переезд в Объединённые Арабские Эмираты. ВАЖНО: При добавлении в группу напишите о себе / о вашей ко"
msg-01013,snapshot-2e5c3804a503,24687,24687,-1001780920546,-1001780920546,,1,1,,,2026-06-30T08:30:48+00:00,RULES_ONBOARDING,HARD_NO_MATERIAL,REJECT_SAFE,rules_or_onboarding_template;hard_rule_never_material_rules_onboarding_or_moderation,LOW,NONE,0.960,rules_onboarding_marker,,,,40,false,false,false,"Добро пожаловать в стаю, пользователь! Помощник ОМ — это твой путеводитель по сообществу. Внутри ты найдешь: - базу знаний - список всех доступных чатов и ресурсов - контакты поддержки, где всегда можно задать вопрос - карту всего вышедшего контента ❗️Обязательно пройди онбординг"
msg-01053,snapshot-2e5c3804a503,24637,24637,-1001689325273,-1001689325273,,1,1,,,2026-06-30T08:16:45+00:00,RULES_ONBOARDING,HARD_NO_MATERIAL,REJECT_SAFE,rules_or_onboarding_template;hard_rule_never_material_rules_onboarding_or_moderation,LOW,NONE,0.960,rules_onboarding_marker,,,,40,false,false,false,"Добро пожаловать в стаю, @boosty_support_1! Помощник ОМ — это твой путеводитель по сообществу. Внутри ты найдешь: - базу знаний - список всех доступных чатов и ресурсов - контакты поддержки, где всегда можно задать вопрос - карту всего вышедшего контента ❗️Обязательно пройди онбо"
msg-01065,snapshot-2e5c3804a503,24625,24625,-1001204511390,-1001204511390,,1,1,,,2026-06-30T08:13:40+00:00,RULES_ONBOARDING,HARD_NO_MATERIAL,REJECT_SAFE,rules_or_onboarding_template;hard_rule_never_material_rules_onboarding_or_moderation,LOW,NONE,0.960,rules_onboarding_marker,,,,96,false,false,false,"José Luis Nuñez, приветствуем вас в группе Russian IT in Dubai, в которой обсуждается всё, что может быть интересно русскоязычным представителям IT-индустрии, уже работающим или планирующим переезд в Объединённые Арабские Эмираты. ВАЖНО: При добавлении в группу напишите о себе / "
msg-01070,snapshot-2e5c3804a503,24619,24619,-1001204511390,-1001204511390,,1,1,,,2026-06-30T08:12:11+00:00,MODERATION_BOT_EVENT,HARD_NO_MATERIAL,REJECT_SAFE,moderation_or_ban_bot_event;hard_rule_never_material_rules_onboarding_or_moderation,LOW,NONE,0.930,rules_onboarding_marker,,,,29,false,false,false,"⛔ Чеширский Кот, тебя заблокировали (antifolder) Пользователь попытался вступить через общую папку с чатами — приём, которым часто пользуются спамеры для массовых входов сразу в несколько сотен чатов. Согласно настройкам группы такой способ вступления заблокирован."
msg-01131,snapshot-2e5c3804a503,24553,24553,-1001204511390,-1001204511390,,1,1,,,2026-06-30T07:53:04+00:00,RULES_ONBOARDING,HARD_NO_MATERIAL,REJECT_SAFE,rules_or_onboarding_template;hard_rule_never_material_rules_onboarding_or_moderation,LOW,NONE,0.960,rules_onboarding_marker,,,,93,false,false,false,"Ева, приветствуем вас в группе Russian IT in Dubai, в которой обсуждается всё, что может быть интересно русскоязычным представителям IT-индустрии, уже работающим или планирующим переезд в Объединённые Арабские Эмираты. ВАЖНО: При добавлении в группу напишите о себе / о вашей комп"
msg-01142,snapshot-2e5c3804a503,24544,24544,-1001494296252,-1001494296252,,1,1,,,2026-06-30T07:50:51+00:00,RULES_ONBOARDING,HARD_NO_MATERIAL,REJECT_SAFE,rules_or_onboarding_template;hard_rule_never_material_rules_onboarding_or_moderation,LOW,NONE,0.960,rules_onboarding_marker,,,,45,false,false,false,"Добро пожаловать в стаю, пользователь! Помощник ОМ — это твой путеводитель по сообществу. Внутри ты найдешь: - базу знаний - список всех доступных чатов и ресурсов - контакты поддержки, где всегда можно задать вопрос - карту всего вышедшего контента ❗️Обязательно пройди онбординг"
msg-01344,snapshot-2e5c3804a503,24332,24332,-1001204511390,-1001204511390,,1,1,,,2026-06-30T07:24:30+00:00,RULES_ONBOARDING,HARD_NO_MATERIAL,REJECT_SAFE,rules_or_onboarding_template;hard_rule_never_material_rules_onboarding_or_moderation,LOW,NONE,0.960,rules_onboarding_marker,,,,94,false,false,false,"Чеширский Кот, приветствуем вас в группе Russian IT in Dubai, в которой обсуждается всё, что может быть интересно русскоязычным представителям IT-индустрии, уже работающим или планирующим переезд в Объединённые Арабские Эмираты. ВАЖНО: При добавлении в группу напишите о себе / о "
msg-01705,snapshot-2e5c3804a503,23964,23964,-1002000358371,-1002000358371,,6455033856,6455033856,,,2026-06-30T07:06:48+00:00,RULES_ONBOARDING,HARD_NO_MATERIAL,REJECT_SAFE,rules_or_onboarding_template;hard_rule_never_material_rules_onboarding_or_moderation,LOW,NONE,0.960,rules_onboarding_marker,,,,40,false,false,false,"Добро пожаловать в стаю, пользователь! Помощник ОМ — это твой путеводитель по сообществу. Внутри ты найдешь: - базу знаний - список всех доступных чатов и ресурсов - контакты поддержки, где всегда можно задать вопрос - карту всего вышедшего контента ❗️Обязательно пройди онбординг"
msg-01707,snapshot-2e5c3804a503,23961,23961,-1001843792932,-1001843792932,,1,1,,,2026-06-30T07:06:45+00:00,RULES_ONBOARDING,HARD_NO_MATERIAL,REJECT_SAFE,rules_or_onboarding_template;hard_rule_never_material_rules_onboarding_or_moderation,LOW,NONE,0.960,rules_onboarding_marker,,,,40,false,false,false,"Добро пожаловать в стаю, @boosty_support_1! Помощник ОМ — это твой путеводитель по сообществу. Внутри ты найдешь: - базу знаний - список всех доступных чатов и ресурсов - контакты поддержки, где всегда можно задать вопрос - карту всего вышедшего контента ❗️Обязательно пройди онбо"
msg-01794,snapshot-2e5c3804a503,23869,23869,-1001879618621,-1001879618621,,10157555712,10157555712,,,2026-06-30T07:03:18+00:00,RULES_ONBOARDING,HARD_NO_MATERIAL,REJECT_SAFE,rules_or_onboarding_template;hard_rule_never_material_rules_onboarding_or_moderation,LOW,NONE,0.960,rules_onboarding_marker,,,,40,false,false,false,"Добро пожаловать в стаю, пользователь! Помощник ОМ — это твой путеводитель по сообществу. Внутри ты найдешь: - базу знаний - список всех доступных чатов и ресурсов - контакты поддержки, где всегда можно задать вопрос - карту всего вышедшего контента ❗️Обязательно пройди онбординг"
msg-01891,snapshot-2e5c3804a503,23768,23768,-1001750348316,-1001750348316,,533308899328,533308899328,,,2026-06-30T06:54:51+00:00,RULES_ONBOARDING,HARD_NO_MATERIAL,REJECT_SAFE,rules_or_onboarding_template;hard_rule_never_material_rules_onboarding_or_moderation,LOW,NONE,0.960,rules_onboarding_marker,,,,53,false,false,false,"пользователь Добро пожаловать! Этот чат станет для тебя теплой ламповой пещерой, где ты сможешь пообщаться на (почти) любые темы. Не стесняйся задавать вопросы, но возможно стоит сразу пойти в тематический чат. Если что, мы перенаправим тебя в нужную микростаю, где ты получишь не"
msg-01908,snapshot-2e5c3804a503,23749,23749,-1001204511390,-1001204511390,,1,1,,,2026-06-30T06:44:29+00:00,MODERATION_BOT_EVENT,HARD_NO_MATERIAL,REJECT_SAFE,moderation_or_ban_bot_event;hard_rule_never_material_rules_onboarding_or_moderation,LOW,NONE,0.930,rules_onboarding_marker,,,,29,false,false,false,"⛔ Чеширский Кот, тебя заблокировали (antifolder) Пользователь попытался вступить через общую папку с чатами — приём, которым часто пользуются спамеры для массовых входов сразу в несколько сотен чатов. Согласно настройкам группы такой способ вступления заблокирован."
msg-01909,snapshot-2e5c3804a503,23747,23747,-1001865343531,-1001865343531,,4677697536,4677697536,,,2026-06-30T06:44:21+00:00,RULES_ONBOARDING,HARD_NO_MATERIAL,REJECT_SAFE,rules_or_onboarding_template;hard_rule_never_material_rules_onboarding_or_moderation,LOW,NONE,0.960,rules_onboarding_marker,,,,40,false,false,false,"Добро пожаловать в стаю, пользователь! Помощник ОМ — это твой путеводитель по сообществу. Внутри ты найдешь: - базу знаний - список всех доступных чатов и ресурсов - контакты поддержки, где всегда можно задать вопрос - карту всего вышедшего контента ❗️Обязательно пройди онбординг"
msg-01921,snapshot-2e5c3804a503,23734,23734,-1001594483330,-1001594483330,,1,1,Флуд,,2026-06-30T06:42:01+00:00,RULES_ONBOARDING,HARD_NO_MATERIAL,REJECT_SAFE,rules_or_onboarding_template;hard_rule_never_material_rules_onboarding_or_moderation,LOW,NONE,0.960,rules_onboarding_marker,,,,49,false,false,false,"Добро пожаловать в стаю, @nttcvr! Помощник ОМ — это твой путеводитель по сообществу. Внутри ты найдешь: - базу знаний - список всех доступных чатов и ресурсов - контакты поддержки, где всегда можно задать вопрос - карту всего вышедшего контента ❗️Обязательно пройди онбординг по с"
msg-01979,snapshot-2e5c3804a503,23670,23670,-1001204511390,-1001204511390,,1,1,,,2026-06-30T06:20:45+00:00,RULES_ONBOARDING,HARD_NO_MATERIAL,REJECT_SAFE,rules_or_onboarding_template;hard_rule_never_material_rules_onboarding_or_moderation,LOW,NONE,0.960,rules_onboarding_marker,,,,94,false,false,false,"Чеширский Кот, приветствуем вас в группе Russian IT in Dubai, в которой обсуждается всё, что может быть интересно русскоязычным представителям IT-индустрии, уже работающим или планирующим переезд в Объединённые Арабские Эмираты. ВАЖНО: При добавлении в группу напишите о себе / о "
msg-02023,snapshot-2e5c3804a503,23625,23625,-1002165514145,-1002165514145,,770833383424,770833383424,,,2026-06-30T06:10:06+00:00,RULES_ONBOARDING,HARD_NO_MATERIAL,REJECT_SAFE,rules_or_onboarding_template;hard_rule_never_material_rules_onboarding_or_moderation,LOW,NONE,0.960,rules_onboarding_marker,app.prntscr.com,,,65,true,false,false,"Julia, перед тем как писать в чат - прочитай правила 1. Запрещено отправлять ФОТО экрана, отправляй только скриншоты. Их можно сделать по кнопке Prtscn или через приложение https://app.prntscr.com 2. Запрещено спамить реф ссылками (нативно, с качественным текстом один раз отправи"
msg-02032,snapshot-2e5c3804a503,23614,23614,-1001204511390,-1001204511390,,1,1,,,2026-06-30T06:06:29+00:00,RULES_ONBOARDING,HARD_NO_MATERIAL,REJECT_SAFE,rules_or_onboarding_template;hard_rule_never_material_rules_onboarding_or_moderation,LOW,NONE,0.960,rules_onboarding_marker,,,,94,false,false,false,"Иван Иванов, приветствуем вас в группе Russian IT in Dubai, в которой обсуждается всё, что может быть интересно русскоязычным представителям IT-индустрии, уже работающим или планирующим переезд в Объединённые Арабские Эмираты. ВАЖНО: При добавлении в группу напишите о себе / о ва"
msg-02040,snapshot-2e5c3804a503,23605,23605,-1001204511390,-1001204511390,,1,1,,,2026-06-30T05:52:45+00:00,RULES_ONBOARDING,HARD_NO_MATERIAL,REJECT_SAFE,rules_or_onboarding_template;hard_rule_never_material_rules_onboarding_or_moderation,LOW,NONE,0.960,rules_onboarding_marker,,,,93,false,false,false,"Zafarkhan, приветствуем вас в группе Russian IT in Dubai, в которой обсуждается всё, что может быть интересно русскоязычным представителям IT-индустрии, уже работающим или планирующим переезд в Объединённые Арабские Эмираты. ВАЖНО: При добавлении в группу напишите о себе / о ваше"
msg-02052,snapshot-2e5c3804a503,23590,23590,-1001494296252,-1001494296252,,1,1,,,2026-06-30T05:34:01+00:00,RULES_ONBOARDING,HARD_NO_MATERIAL,REJECT_SAFE,rules_or_onboarding_template;hard_rule_never_material_rules_onboarding_or_moderation,LOW,NONE,0.960,rules_onboarding_marker,,,,45,false,false,false,"Добро пожаловать в стаю, @x_yaroslav! Помощник ОМ — это твой путеводитель по сообществу. Внутри ты найдешь: - базу знаний - список всех доступных чатов и ресурсов - контакты поддержки, где всегда можно задать вопрос - карту всего вышедшего контента ❗️Обязательно пройди онбординг "
msg-02060,snapshot-2e5c3804a503,23581,23581,-1001780920546,-1001780920546,,1,1,,,2026-06-30T05:23:22+00:00,RULES_ONBOARDING,HARD_NO_MATERIAL,REJECT_SAFE,rules_or_onboarding_template;hard_rule_never_material_rules_onboarding_or_moderation,LOW,NONE,0.960,rules_onboarding_marker,,,,40,false,false,false,"Добро пожаловать в стаю, @x_yaroslav! Помощник ОМ — это твой путеводитель по сообществу. Внутри ты найдешь: - базу знаний - список всех доступных чатов и ресурсов - контакты поддержки, где всегда можно задать вопрос - карту всего вышедшего контента ❗️Обязательно пройди онбординг "
msg-02063,snapshot-2e5c3804a503,23576,23576,-1001594483330,-1001594483330,,1,1,Флуд,,2026-06-30T05:00:25+00:00,RULES_ONBOARDING,HARD_NO_MATERIAL,REJECT_SAFE,rules_or_onboarding_template;hard_rule_never_material_rules_onboarding_or_moderation,LOW,NONE,0.960,rules_onboarding_marker,,,,49,false,false,false,"Добро пожаловать в стаю, @yypddd! Помощник ОМ — это твой путеводитель по сообществу. Внутри ты найдешь: - базу знаний - список всех доступных чатов и ресурсов - контакты поддержки, где всегда можно задать вопрос - карту всего вышедшего контента ❗️Обязательно пройди онбординг по с"
msg-02120,snapshot-2e5c3804a503,23515,23515,-1001865343531,-1001865343531,,4675600384,4675600384,,,2026-06-30T04:05:22+00:00,RULES_ONBOARDING,HARD_NO_MATERIAL,REJECT_SAFE,rules_or_onboarding_template;hard_rule_never_material_rules_onboarding_or_moderation,LOW,NONE,0.960,rules_onboarding_marker,,,,40,false,false,false,"Добро пожаловать в стаю, @x_yaroslav! Помощник ОМ — это твой путеводитель по сообществу. Внутри ты найдешь: - базу знаний - список всех доступных чатов и ресурсов - контакты поддержки, где всегда можно задать вопрос - карту всего вышедшего контента ❗️Обязательно пройди онбординг "
msg-02163,snapshot-2e5c3804a503,23466,23466,-1001600514961,-1001600514961,,23145218048,23145218048,,,2026-06-30T01:10:39+00:00,MODERATION_BOT_EVENT,HARD_NO_MATERIAL,REJECT_SAFE,moderation_or_ban_bot_event;hard_rule_never_material_rules_onboarding_or_moderation,LOW,NONE,0.930,rules_onboarding_marker,,,,20,false,false,false,"⛔ danily shtuka, тебя заблокировали (Lols Ban) Пользователь отмечен к глобальной блокировке в боте (Lols ban) — подробнее о том, что делать в таком случае, можно почитать по ссылке."
msg-02174,snapshot-2e5c3804a503,23455,23455,-1002922797592,-1002922797592,,1,1,Основной,,2026-06-30T00:28:15+00:00,RULES_ONBOARDING,HARD_NO_MATERIAL,REJECT_SAFE,rules_or_onboarding_template;hard_rule_never_material_rules_onboarding_or_moderation,LOW,NONE,0.960,rules_onboarding_marker,,,,9,false,false,false,"dn, прежде чем писать в этом чате, подтвердите, что ознакомились с правилами."
msg-02292,snapshot-2e5c3804a503,23322,23322,-1001112986405,-1001112986405,,17687379968,17687379968,,,2026-06-29T23:18:04+00:00,RULES_ONBOARDING,HARD_NO_MATERIAL,REJECT_SAFE,rules_or_onboarding_template;hard_rule_never_material_rules_onboarding_or_moderation,LOW,NONE,0.960,rules_onboarding_marker,,,,31,false,false,false,"Привет, Ольга! Добро пожаловать в чат «AI | Data Science | Machine learning»! Обязательно нажмите на кнопку иначе бот удалит вас из чата! Соблюдайте Правила группы. Любое нарушение наказуемо баном. И так же прочитайте закреп полностью."
msg-02574,snapshot-2e5c3804a503,23025,23025,-1001204511390,-1001204511390,,1,1,,,2026-06-29T22:32:17+00:00,RULES_ONBOARDING,HARD_NO_MATERIAL,REJECT_SAFE,rules_or_onboarding_template;hard_rule_never_material_rules_onboarding_or_moderation,LOW,NONE,0.960,rules_onboarding_marker,,,,94,false,false,false,"Jenny baby 💞💃💞💞, приветствуем вас в группе Russian IT in Dubai, в которой обсуждается всё, что может быть интересно русскоязычным представителям IT-индустрии, уже работающим или планирующим переезд в Объединённые Арабские Эмираты. ВАЖНО: При добавлении в группу напишите о себе / "
msg-02638,snapshot-2e5c3804a503,22957,22957,-1001843792932,-1001843792932,,1,1,,,2026-06-29T22:05:05+00:00,RULES_ONBOARDING,HARD_NO_MATERIAL,REJECT_SAFE,rules_or_onboarding_template;hard_rule_never_material_rules_onboarding_or_moderation,LOW,NONE,0.960,rules_onboarding_marker,,,,40,false,false,false,"Добро пожаловать в стаю, @i4lina! Помощник ОМ — это твой путеводитель по сообществу. Внутри ты найдешь: - базу знаний - список всех доступных чатов и ресурсов - контакты поддержки, где всегда можно задать вопрос - карту всего вышедшего контента ❗️Обязательно пройди онбординг по с"
msg-02679,snapshot-2e5c3804a503,22914,22914,-1001689325273,-1001689325273,,1,1,,,2026-06-29T21:46:10+00:00,RULES_ONBOARDING,HARD_NO_MATERIAL,REJECT_SAFE,rules_or_onboarding_template;hard_rule_never_material_rules_onboarding_or_moderation,LOW,NONE,0.960,rules_onboarding_marker,,,,40,false,false,false,"Добро пожаловать в стаю, @tsknv! Помощник ОМ — это твой путеводитель по сообществу. Внутри ты найдешь: - базу знаний - список всех доступных чатов и ресурсов - контакты поддержки, где всегда можно задать вопрос - карту всего вышедшего контента ❗️Обязательно пройди онбординг по со"
msg-02741,snapshot-2e5c3804a503,22850,22850,-1002165514145,-1002165514145,,770815557632,770815557632,,,2026-06-29T21:22:49+00:00,RULES_ONBOARDING,HARD_NO_MATERIAL,REJECT_SAFE,rules_or_onboarding_template;hard_rule_never_material_rules_onboarding_or_moderation,LOW,NONE,0.960,rules_onboarding_marker,app.prntscr.com,,,66,true,false,false,"Ilya Moskalenko, перед тем как писать в чат - прочитай правила 1. Запрещено отправлять ФОТО экрана, отправляй только скриншоты. Их можно сделать по кнопке Prtscn или через приложение https://app.prntscr.com 2. Запрещено спамить реф ссылками (нативно, с качественным текстом один р"
msg-02921,snapshot-2e5c3804a503,22659,22659,-1001750348316,-1001750348316,,533300510720,533300510720,,,2026-06-29T20:47:07+00:00,RULES_ONBOARDING,HARD_NO_MATERIAL,REJECT_SAFE,rules_or_onboarding_template;hard_rule_never_material_rules_onboarding_or_moderation,LOW,NONE,0.960,rules_onboarding_marker,,,,53,false,false,false,"пользователь Добро пожаловать! Этот чат станет для тебя теплой ламповой пещерой, где ты сможешь пообщаться на (почти) любые темы. Не стесняйся задавать вопросы, но возможно стоит сразу пойти в тематический чат. Если что, мы перенаправим тебя в нужную микростаю, где ты получишь не"
msg-02926,snapshot-2e5c3804a503,22653,22653,-1001689325273,-1001689325273,,1,1,,,2026-06-29T20:46:47+00:00,RULES_ONBOARDING,HARD_NO_MATERIAL,REJECT_SAFE,rules_or_onboarding_template;hard_rule_never_material_rules_onboarding_or_moderation,LOW,NONE,0.960,rules_onboarding_marker,,,,40,false,false,false,"Добро пожаловать в стаю, @mister_aq2k1s98! Помощник ОМ — это твой путеводитель по сообществу. Внутри ты найдешь: - базу знаний - список всех доступных чатов и ресурсов - контакты поддержки, где всегда можно задать вопрос - карту всего вышедшего контента ❗️Обязательно пройди онбор"
msg-02966,snapshot-2e5c3804a503,22599,22599,-1001112986405,-1001112986405,,17686331392,17686331392,,,2026-06-29T20:43:01+00:00,RULES_ONBOARDING,HARD_NO_MATERIAL,REJECT_SAFE,rules_or_onboarding_template;hard_rule_never_material_rules_onboarding_or_moderation,LOW,NONE,0.960,rules_onboarding_marker,,,,31,false,false,false,"Привет, Алёна! Добро пожаловать в чат «AI | Data Science | Machine learning»! Обязательно нажмите на кнопку иначе бот удалит вас из чата! Соблюдайте Правила группы. Любое нарушение наказуемо баном. И так же прочитайте закреп полностью."
msg-03023,snapshot-2e5c3804a503,22535,22535,-1001870785614,-1001870785614,,1,1,,,2026-06-29T20:36:52+00:00,RULES_ONBOARDING,HARD_NO_MATERIAL,REJECT_SAFE,rules_or_onboarding_template;hard_rule_never_material_rules_onboarding_or_moderation,LOW,NONE,0.960,rules_onboarding_marker,,,,40,false,false,false,"Добро пожаловать в стаю, @isunrnked! Помощник ОМ — это твой путеводитель по сообществу. Внутри ты найдешь: - базу знаний - список всех доступных чатов и ресурсов - контакты поддержки, где всегда можно задать вопрос - карту всего вышедшего контента ❗️Обязательно пройди онбординг п"
msg-03081,snapshot-2e5c3804a503,22469,22469,-1001594483330,-1001594483330,,1,1,Флуд,,2026-06-29T20:22:15+00:00,RULES_ONBOARDING,HARD_NO_MATERIAL,REJECT_SAFE,rules_or_onboarding_template;hard_rule_never_material_rules_onboarding_or_moderation,LOW,NONE,0.960,rules_onboarding_marker,,,,49,false,false,false,"Добро пожаловать в стаю, @johnsmith_it2026! Помощник ОМ — это твой путеводитель по сообществу. Внутри ты найдешь: - базу знаний - список всех доступных чатов и ресурсов - контакты поддержки, где всегда можно задать вопрос - карту всего вышедшего контента ❗️Обязательно пройди онбо"
msg-03089,snapshot-2e5c3804a503,22456,22456,-1001750092257,-1001750092257,,32296140800,32296140800,,,2026-06-29T20:21:12+00:00,RULES_ONBOARDING,HARD_NO_MATERIAL,REJECT_SAFE,rules_or_onboarding_template;hard_rule_never_material_rules_onboarding_or_moderation,LOW,NONE,0.960,rules_onboarding_marker,,,,40,false,false,false,"Добро пожаловать в стаю, @johnsmith_it2026! Помощник ОМ — это твой путеводитель по сообществу. Внутри ты найдешь: - базу знаний - список всех доступных чатов и ресурсов - контакты поддержки, где всегда можно задать вопрос - карту всего вышедшего контента ❗️Обязательно пройди онбо"
msg-03342,snapshot-2e5c3804a503,22174,22174,-1001204511390,-1001204511390,,1,1,,,2026-06-29T19:47:46+00:00,MODERATION_BOT_EVENT,HARD_NO_MATERIAL,REJECT_SAFE,moderation_or_ban_bot_event;hard_rule_never_material_rules_onboarding_or_moderation,LOW,NONE,0.930,rules_onboarding_marker,,,,20,false,false,false,"⛔ roman quest91, тебя заблокировали (Lols Ban) Пользователь отмечен к глобальной блокировке в боте (Lols ban) — подробнее о том, что делать в таком случае, можно почитать по ссылке."
msg-03348,snapshot-2e5c3804a503,22167,22167,-1001780920546,-1001780920546,,1,1,,,2026-06-29T19:47:00+00:00,RULES_ONBOARDING,HARD_NO_MATERIAL,REJECT_SAFE,rules_or_onboarding_template;hard_rule_never_material_rules_onboarding_or_moderation,LOW,NONE,0.960,rules_onboarding_marker,,,,40,false,false,false,"Добро пожаловать в стаю, @PropaneAccessories! Помощник ОМ — это твой путеводитель по сообществу. Внутри ты найдешь: - базу знаний - список всех доступных чатов и ресурсов - контакты поддержки, где всегда можно задать вопрос - карту всего вышедшего контента ❗️Обязательно пройди он"
msg-03361,snapshot-2e5c3804a503,22151,22151,-1001750092257,-1001750092257,,32294043648,32294043648,,,2026-06-29T19:45:44+00:00,RULES_ONBOARDING,HARD_NO_MATERIAL,REJECT_SAFE,rules_or_onboarding_template;hard_rule_never_material_rules_onboarding_or_moderation,LOW,NONE,0.960,rules_onboarding_marker,,,,40,false,false,false,"Добро пожаловать в стаю, @SergBakh! Помощник ОМ — это твой путеводитель по сообществу. Внутри ты найдешь: - базу знаний - список всех доступных чатов и ресурсов - контакты поддержки, где всегда можно задать вопрос - карту всего вышедшего контента ❗️Обязательно пройди онбординг по"
msg-03455,snapshot-2e5c3804a503,22051,22051,-1001843792932,-1001843792932,,1,1,,,2026-06-29T19:36:06+00:00,RULES_ONBOARDING,HARD_NO_MATERIAL,REJECT_SAFE,rules_or_onboarding_template;hard_rule_never_material_rules_onboarding_or_moderation,LOW,NONE,0.960,rules_onboarding_marker,,,,40,false,false,false,"Добро пожаловать в стаю, @ZergEmpire! Помощник ОМ — это твой путеводитель по сообществу. Внутри ты найдешь: - базу знаний - список всех доступных чатов и ресурсов - контакты поддержки, где всегда можно задать вопрос - карту всего вышедшего контента ❗️Обязательно пройди онбординг "
msg-03457,snapshot-2e5c3804a503,22047,22047,-1001494296252,-1001494296252,,1,1,,,2026-06-29T19:35:54+00:00,RULES_ONBOARDING,HARD_NO_MATERIAL,REJECT_SAFE,rules_or_onboarding_template;hard_rule_never_material_rules_onboarding_or_moderation,LOW,NONE,0.960,rules_onboarding_marker,,,,45,false,false,false,"Добро пожаловать в стаю, @ZergEmpire! Помощник ОМ — это твой путеводитель по сообществу. Внутри ты найдешь: - базу знаний - список всех доступных чатов и ресурсов - контакты поддержки, где всегда можно задать вопрос - карту всего вышедшего контента ❗️Обязательно пройди онбординг "
msg-03507,snapshot-2e5c3804a503,21995,21995,-1002165514145,-1002165514145,,770612133888,770612133888,,,2026-06-29T19:30:57+00:00,RULES_ONBOARDING,HARD_NO_MATERIAL,REJECT_SAFE,rules_or_onboarding_template;hard_rule_never_material_rules_onboarding_or_moderation,LOW,NONE,0.960,rules_onboarding_marker,app.prntscr.com,,,66,true,false,false,"1515, перед тем как писать в чат - прочитай правила 1. Запрещено отправлять ФОТО экрана, отправляй только скриншоты. Их можно сделать по кнопке Prtscn или через приложение https://app.prntscr.com 2. Запрещено спамить реф ссылками (нативно, с качественным текстом один раз отправит"
msg-03586,snapshot-2e5c3804a503,21912,21912,-1001750348316,-1001750348316,,533295267840,533295267840,,,2026-06-29T19:18:06+00:00,RULES_ONBOARDING,HARD_NO_MATERIAL,REJECT_SAFE,rules_or_onboarding_template;hard_rule_never_material_rules_onboarding_or_moderation,LOW,NONE,0.960,rules_onboarding_marker,,,,53,false,false,false,"@divanlitva Добро пожаловать! Этот чат станет для тебя теплой ламповой пещерой, где ты сможешь пообщаться на (почти) любые темы. Не стесняйся задавать вопросы, но возможно стоит сразу пойти в тематический чат. Если что, мы перенаправим тебя в нужную микростаю, где ты получишь нео"
msg-03618,snapshot-2e5c3804a503,21875,21875,-1001780920546,-1001780920546,,1,1,,,2026-06-29T19:14:12+00:00,RULES_ONBOARDING,HARD_NO_MATERIAL,REJECT_SAFE,rules_or_onboarding_template;hard_rule_never_material_rules_onboarding_or_moderation,LOW,NONE,0.960,rules_onboarding_marker,,,,40,false,false,false,"Добро пожаловать в стаю, @lololozhkin! Помощник ОМ — это твой путеводитель по сообществу. Внутри ты найдешь: - базу знаний - список всех доступных чатов и ресурсов - контакты поддержки, где всегда можно задать вопрос - карту всего вышедшего контента ❗️Обязательно пройди онбординг"
msg-03753,snapshot-2e5c3804a503,21734,21734,-1001204511390,-1001204511390,,1,1,,,2026-06-29T18:50:42+00:00,RULES_ONBOARDING,HARD_NO_MATERIAL,REJECT_SAFE,rules_or_onboarding_template;hard_rule_never_material_rules_onboarding_or_moderation,LOW,NONE,0.960,rules_onboarding_marker,,,,93,false,false,false,"Лукьян, приветствуем вас в группе Russian IT in Dubai, в которой обсуждается всё, что может быть интересно русскоязычным представителям IT-индустрии, уже работающим или планирующим переезд в Объединённые Арабские Эмираты. ВАЖНО: При добавлении в группу напишите о себе / о вашей к"
msg-03774,snapshot-2e5c3804a503,21712,21712,-1001870785614,-1001870785614,,1,1,,,2026-06-29T18:44:37+00:00,RULES_ONBOARDING,HARD_NO_MATERIAL,REJECT_SAFE,rules_or_onboarding_template;hard_rule_never_material_rules_onboarding_or_moderation,LOW,NONE,0.960,rules_onboarding_marker,,,,40,false,false,false,"Добро пожаловать в стаю, @Da_Rome! Помощник ОМ — это твой путеводитель по сообществу. Внутри ты найдешь: - базу знаний - список всех доступных чатов и ресурсов - контакты поддержки, где всегда можно задать вопрос - карту всего вышедшего контента ❗️Обязательно пройди онбординг по "
msg-03798,snapshot-2e5c3804a503,21682,21682,-1001204511390,-1001204511390,,1,1,,,2026-06-29T18:32:15+00:00,RULES_ONBOARDING,HARD_NO_MATERIAL,REJECT_SAFE,rules_or_onboarding_template;hard_rule_never_material_rules_onboarding_or_moderation,LOW,NONE,0.960,rules_onboarding_marker,,,,92,false,false,false,"Q Q, приветствуем вас в группе Russian IT in Dubai, в которой обсуждается всё, что может быть интересно русскоязычным представителям IT-индустрии, уже работающим или планирующим переезд в Объединённые Арабские Эмираты. ВАЖНО: При добавлении в группу напишите о себе / о вашей комп"
msg-03801,snapshot-2e5c3804a503,21681,21681,-1001204511390,-1001204511390,,1,1,,,2026-06-29T18:30:33+00:00,RULES_ONBOARDING,HARD_NO_MATERIAL,REJECT_SAFE,rules_or_onboarding_template;hard_rule_never_material_rules_onboarding_or_moderation,LOW,NONE,0.960,rules_onboarding_marker,,,,92,false,false,false,"Q Q, приветствуем вас в группе Russian IT in Dubai, в которой обсуждается всё, что может быть интересно русскоязычным представителям IT-индустрии, уже работающим или планирующим переезд в Объединённые Арабские Эмираты. ВАЖНО: При добавлении в группу напишите о себе / о вашей комп"
msg-03820,snapshot-2e5c3804a503,21661,21661,-1001204511390,-1001204511390,,1,1,,,2026-06-29T18:22:18+00:00,RULES_ONBOARDING,HARD_NO_MATERIAL,REJECT_SAFE,rules_or_onboarding_template;hard_rule_never_material_rules_onboarding_or_moderation,LOW,NONE,0.960,rules_onboarding_marker,,,,92,false,false,false,"𝘚𝘦𝘳𝘫, приветствуем вас в группе Russian IT in Dubai, в которой обсуждается всё, что может быть интересно русскоязычным представителям IT-индустрии, уже работающим или планирующим переезд в Объединённые Арабские Эмираты. ВАЖНО: При добавлении в группу напишите о себе / о вашей ком"
msg-03879,snapshot-2e5c3804a503,21597,21597,-1001204511390,-1001204511390,,1,1,,,2026-06-29T18:14:38+00:00,MODERATION_BOT_EVENT,HARD_NO_MATERIAL,REJECT_SAFE,moderation_or_ban_bot_event;hard_rule_never_material_rules_onboarding_or_moderation,LOW,NONE,0.930,rules_onboarding_marker,,,,39,false,false,false,"⛔ Неля Калинина, тебя заблокировали (antifolder) Сообщение содержит бессмысленные символы и подозрительную ссылку, что характерно для спама. (посмотреть сообщение) Пользователь попытался вступить через общую папку с чатами — приём, которым часто пользуются спамеры для массовых вх"
msg-03931,snapshot-2e5c3804a503,21540,21540,-1001204511390,-1001204511390,,1,1,,,2026-06-29T17:59:34+00:00,RULES_ONBOARDING,HARD_NO_MATERIAL,REJECT_SAFE,rules_or_onboarding_template;hard_rule_never_material_rules_onboarding_or_moderation,LOW,NONE,0.960,rules_onboarding_marker,,,,94,false,false,false,"Мила Алимкина, приветствуем вас в группе Russian IT in Dubai, в которой обсуждается всё, что может быть интересно русскоязычным представителям IT-индустрии, уже работающим или планирующим переезд в Объединённые Арабские Эмираты. ВАЖНО: При добавлении в группу напишите о себе / о "
msg-04129,snapshot-2e5c3804a503,21310,21310,-1002165514145,-1002165514145,,770475819008,770475819008,,,2026-06-29T17:23:55+00:00,RULES_ONBOARDING,HARD_NO_MATERIAL,REJECT_SAFE,rules_or_onboarding_template;hard_rule_never_material_rules_onboarding_or_moderation,LOW,NONE,0.960,rules_onboarding_marker,app.prntscr.com,,,66,true,false,false,"Kirill, перед тем как писать в чат - прочитай правила 1. Запрещено отправлять ФОТО экрана, отправляй только скриншоты. Их можно сделать по кнопке Prtscn или через приложение https://app.prntscr.com 2. Запрещено спамить реф ссылками (нативно, с качественным текстом один раз отправ"
msg-04196,snapshot-2e5c3804a503,21239,21239,-1002165514145,-1002165514145,,770441216000,770441216000,,,2026-06-29T17:17:36+00:00,RULES_ONBOARDING,HARD_NO_MATERIAL,REJECT_SAFE,rules_or_onboarding_template;hard_rule_never_material_rules_onboarding_or_moderation,LOW,NONE,0.960,rules_onboarding_marker,app.prntscr.com,,,66,true,false,false,"Роман, перед тем как писать в чат - прочитай правила 1. Запрещено отправлять ФОТО экрана, отправляй только скриншоты. Их можно сделать по кнопке Prtscn или через приложение https://app.prntscr.com 2. Запрещено спамить реф ссылками (нативно, с качественным текстом один раз отправи"
msg-04202,snapshot-2e5c3804a503,21233,21233,-1001594483330,-1001594483330,,1,1,Флуд,,2026-06-29T17:17:10+00:00,RULES_ONBOARDING,HARD_NO_MATERIAL,REJECT_SAFE,rules_or_onboarding_template;hard_rule_never_material_rules_onboarding_or_moderation,LOW,NONE,0.960,rules_onboarding_marker,,,,49,false,false,false,"Добро пожаловать в стаю, @Da_Rome! Помощник ОМ — это твой путеводитель по сообществу. Внутри ты найдешь: - базу знаний - список всех доступных чатов и ресурсов - контакты поддержки, где всегда можно задать вопрос - карту всего вышедшего контента ❗️Обязательно пройди онбординг по "
msg-04268,snapshot-2e5c3804a503,21158,21158,-1001870785614,-1001870785614,,1,1,,,2026-06-29T17:07:15+00:00,RULES_ONBOARDING,HARD_NO_MATERIAL,REJECT_SAFE,rules_or_onboarding_template;hard_rule_never_material_rules_onboarding_or_moderation,LOW,NONE,0.960,rules_onboarding_marker,,,,40,false,false,false,"Добро пожаловать в стаю, @MaMoHT88! Помощник ОМ — это твой путеводитель по сообществу. Внутри ты найдешь: - базу знаний - список всех доступных чатов и ресурсов - контакты поддержки, где всегда можно задать вопрос - карту всего вышедшего контента ❗️Обязательно пройди онбординг по"
msg-04270,snapshot-2e5c3804a503,21155,21155,-1002165514145,-1002165514145,,770437021696,770437021696,,,2026-06-29T17:06:54+00:00,RULES_ONBOARDING,HARD_NO_MATERIAL,REJECT_SAFE,rules_or_onboarding_template;hard_rule_never_material_rules_onboarding_or_moderation,LOW,NONE,0.960,rules_onboarding_marker,app.prntscr.com,,,68,true,false,false,"GS Alpha Chat, перед тем как писать в чат - прочитай правила 1. Запрещено отправлять ФОТО экрана, отправляй только скриншоты. Их можно сделать по кнопке Prtscn или через приложение https://app.prntscr.com 2. Запрещено спамить реф ссылками (нативно, с качественным текстом один раз"
msg-04314,snapshot-2e5c3804a503,21109,21109,-1001600514961,-1001600514961,,23143120896,23143120896,,,2026-06-29T16:57:17+00:00,MODERATION_BOT_EVENT,HARD_NO_MATERIAL,REJECT_SAFE,moderation_or_ban_bot_event;hard_rule_never_material_rules_onboarding_or_moderation,LOW,NONE,0.930,rules_onboarding_marker,,,,19,false,false,false,"⛔ id8688769513, тебя заблокировали (Lols Ban) Пользователь отмечен к глобальной блокировке в боте (Lols ban) — подробнее о том, что делать в таком случае, можно почитать по ссылке."
msg-04449,snapshot-2e5c3804a503,20967,20967,-1001750092257,-1001750092257,,32291946496,32291946496,,,2026-06-29T16:28:58+00:00,RULES_ONBOARDING,HARD_NO_MATERIAL,REJECT_SAFE,rules_or_onboarding_template;hard_rule_never_material_rules_onboarding_or_moderation,LOW,NONE,0.960,rules_onboarding_marker,,,,40,false,false,false,"Добро пожаловать в стаю, @akcionr! Помощник ОМ — это твой путеводитель по сообществу. Внутри ты найдешь: - базу знаний - список всех доступных чатов и ресурсов - контакты поддержки, где всегда можно задать вопрос - карту всего вышедшего контента ❗️Обязательно пройди онбординг по "
msg-04561,snapshot-2e5c3804a503,20848,20848,-1002922797592,-1002922797592,,1,1,Основной,,2026-06-29T16:16:52+00:00,RULES_ONBOARDING,HARD_NO_MATERIAL,REJECT_SAFE,rules_or_onboarding_template;hard_rule_never_material_rules_onboarding_or_moderation,LOW,NONE,0.960,rules_onboarding_marker,,,,9,false,false,false,"Даня, прежде чем писать в этом чате, подтвердите, что ознакомились с правилами."
msg-04563,snapshot-2e5c3804a503,20846,20846,-1001204511390,-1001204511390,,1,1,,,2026-06-29T16:16:04+00:00,RULES_ONBOARDING,HARD_NO_MATERIAL,REJECT_SAFE,rules_or_onboarding_template;hard_rule_never_material_rules_onboarding_or_moderation,LOW,NONE,0.960,rules_onboarding_marker,,,,94,false,false,false,"Ария Устинова, приветствуем вас в группе Russian IT in Dubai, в которой обсуждается всё, что может быть интересно русскоязычным представителям IT-индустрии, уже работающим или планирующим переезд в Объединённые Арабские Эмираты. ВАЖНО: При добавлении в группу напишите о себе / о "
msg-04591,snapshot-2e5c3804a503,20817,20817,-1002922797592,-1002922797592,,1,1,Основной,,2026-06-29T16:08:41+00:00,RULES_ONBOARDING,HARD_NO_MATERIAL,REJECT_SAFE,rules_or_onboarding_template;hard_rule_never_material_rules_onboarding_or_moderation,LOW,NONE,0.960,rules_onboarding_marker,,,,5,false,false,false,"­ ­­, сначала ознакомьтесь с правилами и нажмите ""Я соглашаюсь""."
msg-04617,snapshot-2e5c3804a503,20787,20787,-1002165514145,-1002165514145,,770405564416,770405564416,,,2026-06-29T15:58:16+00:00,RULES_ONBOARDING,HARD_NO_MATERIAL,REJECT_SAFE,rules_or_onboarding_template;hard_rule_never_material_rules_onboarding_or_moderation,LOW,NONE,0.960,rules_onboarding_marker,app.prntscr.com,,,65,true,false,false,"@, перед тем как писать в чат - прочитай правила 1. Запрещено отправлять ФОТО экрана, отправляй только скриншоты. Их можно сделать по кнопке Prtscn или через приложение https://app.prntscr.com 2. Запрещено спамить реф ссылками (нативно, с качественным текстом один раз отправить м"
msg-04629,snapshot-2e5c3804a503,20770,20770,-1001112986405,-1001112986405,,17684234240,17684234240,,,2026-06-29T15:54:55+00:00,RULES_ONBOARDING,HARD_NO_MATERIAL,REJECT_SAFE,rules_or_onboarding_template;hard_rule_never_material_rules_onboarding_or_moderation,LOW,NONE,0.960,rules_onboarding_marker,,,,31,false,false,false,"Привет, Катя! Добро пожаловать в чат «AI | Data Science | Machine learning»! Обязательно нажмите на кнопку иначе бот удалит вас из чата! Соблюдайте Правила группы. Любое нарушение наказуемо баном. И так же прочитайте закреп полностью."
msg-04638,snapshot-2e5c3804a503,20761,20761,-1001204511390,-1001204511390,,259184,259184,,,2026-06-29T15:53:33+00:00,MODERATION_BOT_EVENT,HARD_NO_MATERIAL,REJECT_SAFE,moderation_or_ban_bot_event;hard_rule_never_material_rules_onboarding_or_moderation,LOW,NONE,0.930,rules_onboarding_marker,,,,7,false,false,false,Пишите с анонимного аккаунта лучше. Спасибо за предупреждение
msg-04646,snapshot-2e5c3804a503,20751,20751,-1001600514961,-1001600514961,,23139975168,23139975168,,,2026-06-29T15:50:30+00:00,MODERATION_BOT_EVENT,HARD_NO_MATERIAL,REJECT_SAFE,moderation_or_ban_bot_event;hard_rule_never_material_rules_onboarding_or_moderation,LOW,NONE,0.930,rules_onboarding_marker,,,,20,false,false,false,"⛔ denis qx1, тебя заблокировали (Lols Ban) Пользователь отмечен к глобальной блокировке в боте (Lols ban) — подробнее о том, что делать в таком случае, можно почитать по ссылке."
msg-04733,snapshot-2e5c3804a503,20656,20656,-1001750348316,-1001750348316,,533286879232,533286879232,,,2026-06-29T15:34:08+00:00,RULES_ONBOARDING,HARD_NO_MATERIAL,REJECT_SAFE,rules_or_onboarding_template;hard_rule_never_material_rules_onboarding_or_moderation,LOW,NONE,0.960,rules_onboarding_marker,,,,53,false,false,false,"@rapido180 Добро пожаловать! Этот чат станет для тебя теплой ламповой пещерой, где ты сможешь пообщаться на (почти) любые темы. Не стесняйся задавать вопросы, но возможно стоит сразу пойти в тематический чат. Если что, мы перенаправим тебя в нужную микростаю, где ты получишь необ"
msg-04753,snapshot-2e5c3804a503,20633,20633,-1001689325273,-1001689325273,,1,1,,,2026-06-29T15:32:24+00:00,RULES_ONBOARDING,HARD_NO_MATERIAL,REJECT_SAFE,rules_or_onboarding_template;hard_rule_never_material_rules_onboarding_or_moderation,LOW,NONE,0.960,rules_onboarding_marker,,,,40,false,false,false,"Добро пожаловать в стаю, @etozhemaximka! Помощник ОМ — это твой путеводитель по сообществу. Внутри ты найдешь: - базу знаний - список всех доступных чатов и ресурсов - контакты поддержки, где всегда можно задать вопрос - карту всего вышедшего контента ❗️Обязательно пройди онборди"
msg-04903,snapshot-2e5c3804a503,20472,20472,-1001879618621,-1001879618621,,10154409984,10154409984,,,2026-06-29T15:16:22+00:00,RULES_ONBOARDING,HARD_NO_MATERIAL,REJECT_SAFE,rules_or_onboarding_template;hard_rule_never_material_rules_onboarding_or_moderation,LOW,NONE,0.960,rules_onboarding_marker,,,,40,false,false,false,"Добро пожаловать в стаю, @aasadullin_web! Помощник ОМ — это твой путеводитель по сообществу. Внутри ты найдешь: - базу знаний - список всех доступных чатов и ресурсов - контакты поддержки, где всегда можно задать вопрос - карту всего вышедшего контента ❗️Обязательно пройди онборд"
msg-04946,snapshot-2e5c3804a503,20428,20428,-1001689325273,-1001689325273,,1,1,,,2026-06-29T15:11:25+00:00,RULES_ONBOARDING,HARD_NO_MATERIAL,REJECT_SAFE,rules_or_onboarding_template;hard_rule_never_material_rules_onboarding_or_moderation,LOW,NONE,0.960,rules_onboarding_marker,,,,40,false,false,false,"Добро пожаловать в стаю, @aaaaaaaarrrrrrrttt! Помощник ОМ — это твой путеводитель по сообществу. Внутри ты найдешь: - базу знаний - список всех доступных чатов и ресурсов - контакты поддержки, где всегда можно задать вопрос - карту всего вышедшего контента ❗️Обязательно пройди он"
msg-05000,snapshot-2e5c3804a503,20371,20371,-1003922856266,-1003922856266,,41263,41263,,,2026-06-29T15:07:46+00:00,MODERATION_BOT_EVENT,HARD_NO_MATERIAL,REJECT_SAFE,moderation_or_ban_bot_event;hard_rule_never_material_rules_onboarding_or_moderation,LOW,NONE,0.930,rules_onboarding_marker,,,,14,false,false,false,бочка плова это конечно жирно✅ но я не такой тупой чтобы за еду в бан улететь👍 da.✅
msg-05219,snapshot-2e5c3804a503,20114,20114,-1001594483330,-1001594483330,,1,1,Флуд,,2026-06-29T14:41:39+00:00,RULES_ONBOARDING,HARD_NO_MATERIAL,REJECT_SAFE,rules_or_onboarding_template;hard_rule_never_material_rules_onboarding_or_moderation,LOW,NONE,0.960,rules_onboarding_marker,,,,49,false,false,false,"Добро пожаловать в стаю, @dereksifono! Помощник ОМ — это твой путеводитель по сообществу. Внутри ты найдешь: - базу знаний - список всех доступных чатов и ресурсов - контакты поддержки, где всегда можно задать вопрос - карту всего вышедшего контента ❗️Обязательно пройди онбординг"
msg-05294,snapshot-2e5c3804a503,20034,20034,-1002165514145,-1002165514145,,770392981504,770392981504,,,2026-06-29T14:35:54+00:00,RULES_ONBOARDING,HARD_NO_MATERIAL,REJECT_SAFE,rules_or_onboarding_template;hard_rule_never_material_rules_onboarding_or_moderation,LOW,NONE,0.960,rules_onboarding_marker,app.prntscr.com,,,67,true,false,false,"Shanmugapriya Veeramani, перед тем как писать в чат - прочитай правила 1. Запрещено отправлять ФОТО экрана, отправляй только скриншоты. Их можно сделать по кнопке Prtscn или через приложение https://app.prntscr.com 2. Запрещено спамить реф ссылками (нативно, с качественным тексто"
msg-05335,snapshot-2e5c3804a503,19994,19994,-1001870785614,-1001870785614,,1,1,,,2026-06-29T14:30:47+00:00,RULES_ONBOARDING,HARD_NO_MATERIAL,REJECT_SAFE,rules_or_onboarding_template;hard_rule_never_material_rules_onboarding_or_moderation,LOW,NONE,0.960,rules_onboarding_marker,,,,40,false,false,false,"Добро пожаловать в стаю, @whisperwa! Помощник ОМ — это твой путеводитель по сообществу. Внутри ты найдешь: - базу знаний - список всех доступных чатов и ресурсов - контакты поддержки, где всегда можно задать вопрос - карту всего вышедшего контента ❗️Обязательно пройди онбординг п"
msg-05340,snapshot-2e5c3804a503,19988,19988,-1001204511390,-1001204511390,,1,1,,,2026-06-29T14:30:21+00:00,RULES_ONBOARDING,HARD_NO_MATERIAL,REJECT_SAFE,rules_or_onboarding_template;hard_rule_never_material_rules_onboarding_or_moderation,LOW,NONE,0.960,rules_onboarding_marker,,,,93,false,false,false,"Амелия, приветствуем вас в группе Russian IT in Dubai, в которой обсуждается всё, что может быть интересно русскоязычным представителям IT-индустрии, уже работающим или планирующим переезд в Объединённые Арабские Эмираты. ВАЖНО: При добавлении в группу напишите о себе / о вашей к"
msg-05386,snapshot-2e5c3804a503,19938,19938,-1001494296252,-1001494296252,,1,1,,,2026-06-29T14:23:30+00:00,RULES_ONBOARDING,HARD_NO_MATERIAL,REJECT_SAFE,rules_or_onboarding_template;hard_rule_never_material_rules_onboarding_or_moderation,LOW,NONE,0.960,rules_onboarding_marker,,,,45,false,false,false,"Добро пожаловать в стаю, @a_Randir! Помощник ОМ — это твой путеводитель по сообществу. Внутри ты найдешь: - базу знаний - список всех доступных чатов и ресурсов - контакты поддержки, где всегда можно задать вопрос - карту всего вышедшего контента ❗️Обязательно пройди онбординг по"
msg-05576,snapshot-2e5c3804a503,19739,19739,-1003380703217,-1003380703217,,14826864640,14826864640,,,2026-06-29T13:50:51+00:00,MODERATION_BOT_EVENT,HARD_NO_MATERIAL,REJECT_SAFE,moderation_or_ban_bot_event;hard_rule_never_material_rules_onboarding_or_moderation,LOW,NONE,0.930,rules_onboarding_marker,,,,19,false,false,false,"⛔ Марина, тебя заблокировали (Lols Ban) Пользователь отмечен к глобальной блокировке в боте (Lols ban) — подробнее о том, что делать в таком случае, можно почитать по ссылке."
msg-05644,snapshot-2e5c3804a503,19670,19670,-1002922797592,-1002922797592,,1,1,Основной,,2026-06-29T13:42:40+00:00,RULES_ONBOARDING,HARD_NO_MATERIAL,REJECT_SAFE,rules_or_onboarding_template;hard_rule_never_material_rules_onboarding_or_moderation,LOW,NONE,0.960,rules_onboarding_marker,,,,9,false,false,false,"wannacry, прежде чем писать в этом чате, подтвердите, что ознакомились с правилами."
msg-05673,snapshot-2e5c3804a503,19641,19641,-1001879618621,-1001879618621,,10144972800,10144972800,,,2026-06-29T13:37:36+00:00,RULES_ONBOARDING,HARD_NO_MATERIAL,REJECT_SAFE,rules_or_onboarding_template;hard_rule_never_material_rules_onboarding_or_moderation,LOW,NONE,0.960,rules_onboarding_marker,,,,40,false,false,false,"Добро пожаловать в стаю, @muzhikovm! Помощник ОМ — это твой путеводитель по сообществу. Внутри ты найдешь: - базу знаний - список всех доступных чатов и ресурсов - контакты поддержки, где всегда можно задать вопрос - карту всего вышедшего контента ❗️Обязательно пройди онбординг п"
msg-05796,snapshot-2e5c3804a503,19507,19507,-1001204511390,-1001204511390,,1,1,,,2026-06-29T13:01:18+00:00,RULES_ONBOARDING,HARD_NO_MATERIAL,REJECT_SAFE,rules_or_onboarding_template;hard_rule_never_material_rules_onboarding_or_moderation,LOW,NONE,0.960,rules_onboarding_marker,,,,93,false,false,false,"Юлия, приветствуем вас в группе Russian IT in Dubai, в которой обсуждается всё, что может быть интересно русскоязычным представителям IT-индустрии, уже работающим или планирующим переезд в Объединённые Арабские Эмираты. ВАЖНО: При добавлении в группу напишите о себе / о вашей ком"
msg-05797,snapshot-2e5c3804a503,19506,19506,-1001204511390,-1001204511390,,1,1,,,2026-06-29T13:01:14+00:00,MODERATION_BOT_EVENT,HARD_NO_MATERIAL,REJECT_SAFE,moderation_or_ban_bot_event;hard_rule_never_material_rules_onboarding_or_moderation,LOW,NONE,0.930,rules_onboarding_marker,,,,28,false,false,false,"⛔ Юлия, тебя заблокировали (antifolder) Пользователь попытался вступить через общую папку с чатами — приём, которым часто пользуются спамеры для массовых входов сразу в несколько сотен чатов. Согласно настройкам группы такой способ вступления заблокирован."
msg-05812,snapshot-2e5c3804a503,19492,19492,-1001594483330,-1001594483330,,1,1,Флуд,,2026-06-29T12:59:41+00:00,RULES_ONBOARDING,HARD_NO_MATERIAL,REJECT_SAFE,rules_or_onboarding_template;hard_rule_never_material_rules_onboarding_or_moderation,LOW,NONE,0.960,rules_onboarding_marker,,,,49,false,false,false,"Добро пожаловать в стаю, @annabondarfan! Помощник ОМ — это твой путеводитель по сообществу. Внутри ты найдешь: - базу знаний - список всех доступных чатов и ресурсов - контакты поддержки, где всегда можно задать вопрос - карту всего вышедшего контента ❗️Обязательно пройди онборди"
msg-05993,snapshot-2e5c3804a503,19295,19295,-1001750348316,-1001750348316,,533284782080,533284782080,,,2026-06-29T12:38:46+00:00,RULES_ONBOARDING,HARD_NO_MATERIAL,REJECT_SAFE,rules_or_onboarding_template;hard_rule_never_material_rules_onboarding_or_moderation,LOW,NONE,0.960,rules_onboarding_marker,,,,53,false,false,false,"@amirmknv Добро пожаловать! Этот чат станет для тебя теплой ламповой пещерой, где ты сможешь пообщаться на (почти) любые темы. Не стесняйся задавать вопросы, но возможно стоит сразу пойти в тематический чат. Если что, мы перенаправим тебя в нужную микростаю, где ты получишь необх"
msg-05994,snapshot-2e5c3804a503,19294,19294,-1001204511390,-1001204511390,,1,1,,,2026-06-29T12:38:35+00:00,RULES_ONBOARDING,HARD_NO_MATERIAL,REJECT_SAFE,rules_or_onboarding_template;hard_rule_never_material_rules_onboarding_or_moderation,LOW,NONE,0.960,rules_onboarding_marker,,,,93,false,false,false,"Филипп, приветствуем вас в группе Russian IT in Dubai, в которой обсуждается всё, что может быть интересно русскоязычным представителям IT-индустрии, уже работающим или планирующим переезд в Объединённые Арабские Эмираты. ВАЖНО: При добавлении в группу напишите о себе / о вашей к"
msg-06025,snapshot-2e5c3804a503,19260,19260,-1001594483330,-1001594483330,,1,1,Флуд,,2026-06-29T12:31:43+00:00,RULES_ONBOARDING,HARD_NO_MATERIAL,REJECT_SAFE,rules_or_onboarding_template;hard_rule_never_material_rules_onboarding_or_moderation,LOW,NONE,0.960,rules_onboarding_marker,,,,49,false,false,false,"Добро пожаловать в стаю, @LongBarrelSawedOffShotgun! Помощник ОМ — это твой путеводитель по сообществу. Внутри ты найдешь: - базу знаний - список всех доступных чатов и ресурсов - контакты поддержки, где всегда можно задать вопрос - карту всего вышедшего контента ❗️Обязательно пр"
msg-06026,snapshot-2e5c3804a503,19258,19258,-1001870785614,-1001870785614,,1,1,,,2026-06-29T12:31:29+00:00,RULES_ONBOARDING,HARD_NO_MATERIAL,REJECT_SAFE,rules_or_onboarding_template;hard_rule_never_material_rules_onboarding_or_moderation,LOW,NONE,0.960,rules_onboarding_marker,,,,40,false,false,false,"Добро пожаловать в стаю, @LongBarrelSawedOffShotgun! Помощник ОМ — это твой путеводитель по сообществу. Внутри ты найдешь: - базу знаний - список всех доступных чатов и ресурсов - контакты поддержки, где всегда можно задать вопрос - карту всего вышедшего контента ❗️Обязательно пр"
msg-06136,snapshot-2e5c3804a503,19134,19134,-1001204511390,-1001204511390,,1,1,,,2026-06-29T12:12:30+00:00,RULES_ONBOARDING,HARD_NO_MATERIAL,REJECT_SAFE,rules_or_onboarding_template;hard_rule_never_material_rules_onboarding_or_moderation,LOW,NONE,0.960,rules_onboarding_marker,,,,93,false,false,false,"Алиса, приветствуем вас в группе Russian IT in Dubai, в которой обсуждается всё, что может быть интересно русскоязычным представителям IT-индустрии, уже работающим или планирующим переезд в Объединённые Арабские Эмираты. ВАЖНО: При добавлении в группу напишите о себе / о вашей ко"
msg-06176,snapshot-2e5c3804a503,19095,19095,-1001750348316,-1001750348316,,533282684928,533282684928,,,2026-06-29T12:02:32+00:00,RULES_ONBOARDING,HARD_NO_MATERIAL,REJECT_SAFE,rules_or_onboarding_template;hard_rule_never_material_rules_onboarding_or_moderation,LOW,NONE,0.960,rules_onboarding_marker,,,,53,false,false,false,"@LongBarrelSawedOffShotgun Добро пожаловать! Этот чат станет для тебя теплой ламповой пещерой, где ты сможешь пообщаться на (почти) любые темы. Не стесняйся задавать вопросы, но возможно стоит сразу пойти в тематический чат. Если что, мы перенаправим тебя в нужную микростаю, где "
msg-06218,snapshot-2e5c3804a503,19049,19049,-1001780920546,-1001780920546,,1,1,,,2026-06-29T11:50:39+00:00,RULES_ONBOARDING,HARD_NO_MATERIAL,REJECT_SAFE,rules_or_onboarding_template;hard_rule_never_material_rules_onboarding_or_moderation,LOW,NONE,0.960,rules_onboarding_marker,,,,40,false,false,false,"Добро пожаловать в стаю, @latadamok! Помощник ОМ — это твой путеводитель по сообществу. Внутри ты найдешь: - базу знаний - список всех доступных чатов и ресурсов - контакты поддержки, где всегда можно задать вопрос - карту всего вышедшего контента ❗️Обязательно пройди онбординг п"
msg-06221,snapshot-2e5c3804a503,19043,19043,-1001750092257,-1001750092257,,32281460736,32281460736,,,2026-06-29T11:49:49+00:00,RULES_ONBOARDING,HARD_NO_MATERIAL,REJECT_SAFE,rules_or_onboarding_template;hard_rule_never_material_rules_onboarding_or_moderation,LOW,NONE,0.960,rules_onboarding_marker,,,,40,false,false,false,"Добро пожаловать в стаю, @latadamok! Помощник ОМ — это твой путеводитель по сообществу. Внутри ты найдешь: - базу знаний - список всех доступных чатов и ресурсов - контакты поддержки, где всегда можно задать вопрос - карту всего вышедшего контента ❗️Обязательно пройди онбординг п"
msg-06243,snapshot-2e5c3804a503,19018,19018,-1001204511390,-1001204511390,,1,1,,,2026-06-29T11:46:56+00:00,RULES_ONBOARDING,HARD_NO_MATERIAL,REJECT_SAFE,rules_or_onboarding_template;hard_rule_never_material_rules_onboarding_or_moderation,LOW,NONE,0.960,rules_onboarding_marker,,,,95,false,false,false,"able zar ali, приветствуем вас в группе Russian IT in Dubai, в которой обсуждается всё, что может быть интересно русскоязычным представителям IT-индустрии, уже работающим или планирующим переезд в Объединённые Арабские Эмираты. ВАЖНО: При добавлении в группу напишите о себе / о в"
msg-06303,snapshot-2e5c3804a503,18952,18952,-1001204511390,-1001204511390,,1,1,,,2026-06-29T11:35:58+00:00,MODERATION_BOT_EVENT,HARD_NO_MATERIAL,REJECT_SAFE,moderation_or_ban_bot_event;hard_rule_never_material_rules_onboarding_or_moderation,LOW,NONE,0.930,rules_onboarding_marker,,,,28,false,false,false,"⛔ id5154935645, тебя заблокировали (antifolder) Пользователь попытался вступить через общую папку с чатами — приём, которым часто пользуются спамеры для массовых входов сразу в несколько сотен чатов. Согласно настройкам группы такой способ вступления заблокирован."
msg-06311,snapshot-2e5c3804a503,18944,18944,-1001204511390,-1001204511390,,1,1,,,2026-06-29T11:34:41+00:00,RULES_ONBOARDING,HARD_NO_MATERIAL,REJECT_SAFE,rules_or_onboarding_template;hard_rule_never_material_rules_onboarding_or_moderation,LOW,NONE,0.960,rules_onboarding_marker,,,,92,false,false,false,"N🤫💸, приветствуем вас в группе Russian IT in Dubai, в которой обсуждается всё, что может быть интересно русскоязычным представителям IT-индустрии, уже работающим или планирующим переезд в Объединённые Арабские Эмираты. ВАЖНО: При добавлении в группу напишите о себе / о вашей комп"
msg-06331,snapshot-2e5c3804a503,18924,18924,-1001204511390,-1001204511390,,1,1,,,2026-06-29T11:29:04+00:00,RULES_ONBOARDING,HARD_NO_MATERIAL,REJECT_SAFE,rules_or_onboarding_template;hard_rule_never_material_rules_onboarding_or_moderation,LOW,NONE,0.960,rules_onboarding_marker,,,,93,false,false,false,"Маша, приветствуем вас в группе Russian IT in Dubai, в которой обсуждается всё, что может быть интересно русскоязычным представителям IT-индустрии, уже работающим или планирующим переезд в Объединённые Арабские Эмираты. ВАЖНО: При добавлении в группу напишите о себе / о вашей ком"
msg-06424,snapshot-2e5c3804a503,18830,18830,-1002165514145,-1002165514145,,770321678336,770321678336,,,2026-06-29T11:13:35+00:00,RULES_ONBOARDING,HARD_NO_MATERIAL,REJECT_SAFE,rules_or_onboarding_template;hard_rule_never_material_rules_onboarding_or_moderation,LOW,NONE,0.960,rules_onboarding_marker,app.prntscr.com,,,66,true,false,false,"Vitok, перед тем как писать в чат - прочитай правила 1. Запрещено отправлять ФОТО экрана, отправляй только скриншоты. Их можно сделать по кнопке Prtscn или через приложение https://app.prntscr.com 2. Запрещено спамить реф ссылками (нативно, с качественным текстом один раз отправи"
msg-06499,snapshot-2e5c3804a503,18752,18752,-1001594483330,-1001594483330,,1,1,Флуд,,2026-06-29T10:53:43+00:00,RULES_ONBOARDING,HARD_NO_MATERIAL,REJECT_SAFE,rules_or_onboarding_template;hard_rule_never_material_rules_onboarding_or_moderation,LOW,NONE,0.960,rules_onboarding_marker,,,,49,false,false,false,"Добро пожаловать в стаю, @kenort999! Помощник ОМ — это твой путеводитель по сообществу. Внутри ты найдешь: - базу знаний - список всех доступных чатов и ресурсов - контакты поддержки, где всегда можно задать вопрос - карту всего вышедшего контента ❗️Обязательно пройди онбординг п"
msg-06506,snapshot-2e5c3804a503,18744,18744,-1001843792932,-1001843792932,,1,1,,,2026-06-29T10:51:43+00:00,RULES_ONBOARDING,HARD_NO_MATERIAL,REJECT_SAFE,rules_or_onboarding_template;hard_rule_never_material_rules_onboarding_or_moderation,LOW,NONE,0.960,rules_onboarding_marker,,,,40,false,false,false,"Добро пожаловать в стаю, @perfect_dev! Помощник ОМ — это твой путеводитель по сообществу. Внутри ты найдешь: - базу знаний - список всех доступных чатов и ресурсов - контакты поддержки, где всегда можно задать вопрос - карту всего вышедшего контента ❗️Обязательно пройди онбординг"
msg-06593,snapshot-2e5c3804a503,18650,18650,-1001204511390,-1001204511390,,1,1,,,2026-06-29T10:29:32+00:00,MODERATION_BOT_EVENT,HARD_NO_MATERIAL,REJECT_SAFE,moderation_or_ban_bot_event;hard_rule_never_material_rules_onboarding_or_moderation,LOW,NONE,0.930,rules_onboarding_marker,,,,19,false,false,false,"⛔ Archangel, тебя заблокировали (Lols Ban) Пользователь отмечен к глобальной блокировке в боте (Lols ban) — подробнее о том, что делать в таком случае, можно почитать по ссылке."
msg-06682,snapshot-2e5c3804a503,18557,18557,-1001689325273,-1001689325273,,1,1,,,2026-06-29T10:12:23+00:00,RULES_ONBOARDING,HARD_NO_MATERIAL,REJECT_SAFE,rules_or_onboarding_template;hard_rule_never_material_rules_onboarding_or_moderation,LOW,NONE,0.960,rules_onboarding_marker,,,,40,false,false,false,"Добро пожаловать в стаю, @lipless_aleksey! Помощник ОМ — это твой путеводитель по сообществу. Внутри ты найдешь: - базу знаний - список всех доступных чатов и ресурсов - контакты поддержки, где всегда можно задать вопрос - карту всего вышедшего контента ❗️Обязательно пройди онбор"
msg-06834,snapshot-2e5c3804a503,18403,18403,-1003695549430,-1003695549430,,13375635456,13375635456,,,2026-06-29T09:52:17+00:00,RULES_ONBOARDING,HARD_NO_MATERIAL,REJECT_SAFE,rules_or_onboarding_template;hard_rule_never_material_rules_onboarding_or_moderation,LOW,NONE,0.960,rules_onboarding_marker,,,,7,false,false,false,как интересно ты связал квантовый мир и житейские правила
msg-06893,snapshot-2e5c3804a503,18344,18344,-1001204511390,-1001204511390,,1,1,,,2026-06-29T09:44:15+00:00,RULES_ONBOARDING,HARD_NO_MATERIAL,REJECT_SAFE,rules_or_onboarding_template;hard_rule_never_material_rules_onboarding_or_moderation,LOW,NONE,0.960,rules_onboarding_marker,,,,93,false,false,false,"Елена, приветствуем вас в группе Russian IT in Dubai, в которой обсуждается всё, что может быть интересно русскоязычным представителям IT-индустрии, уже работающим или планирующим переезд в Объединённые Арабские Эмираты. ВАЖНО: При добавлении в группу напишите о себе / о вашей ко"
msg-06959,snapshot-2e5c3804a503,18279,18279,-1001204511390,-1001204511390,,1,1,,,2026-06-29T09:37:10+00:00,MODERATION_BOT_EVENT,HARD_NO_MATERIAL,REJECT_SAFE,moderation_or_ban_bot_event;hard_rule_never_material_rules_onboarding_or_moderation,LOW,NONE,0.930,rules_onboarding_marker,,,,18,false,false,false,"⛔ 1 2, тебя заблокировали (Lols Ban) Пользователь отмечен к глобальной блокировке в боте (Lols ban) — подробнее о том, что делать в таком случае, можно почитать по ссылке."
msg-06960,snapshot-2e5c3804a503,18278,18278,-1001204511390,-1001204511390,,1,1,,,2026-06-29T09:37:09+00:00,RULES_ONBOARDING,HARD_NO_MATERIAL,REJECT_SAFE,rules_or_onboarding_template;hard_rule_never_material_rules_onboarding_or_moderation,LOW,NONE,0.960,rules_onboarding_marker,,,,92,false,false,false,"1 2, приветствуем вас в группе Russian IT in Dubai, в которой обсуждается всё, что может быть интересно русскоязычным представителям IT-индустрии, уже работающим или планирующим переезд в Объединённые Арабские Эмираты. ВАЖНО: При добавлении в группу напишите о себе / о вашей комп"
msg-07420,snapshot-2e5c3804a503,17792,17792,-1001204511390,-1001204511390,,1,1,,,2026-06-29T08:48:38+00:00,RULES_ONBOARDING,HARD_NO_MATERIAL,REJECT_SAFE,rules_or_onboarding_template;hard_rule_never_material_rules_onboarding_or_moderation,LOW,NONE,0.960,rules_onboarding_marker,,,,93,false,false,false,"Вероника, приветствуем вас в группе Russian IT in Dubai, в которой обсуждается всё, что может быть интересно русскоязычным представителям IT-индустрии, уже работающим или планирующим переезд в Объединённые Арабские Эмираты. ВАЖНО: При добавлении в группу напишите о себе / о вашей"
msg-07636,snapshot-2e5c3804a503,17562,17562,-1001204511390,-1001204511390,,1,1,,,2026-06-29T08:23:24+00:00,RULES_ONBOARDING,HARD_NO_MATERIAL,REJECT_SAFE,rules_or_onboarding_template;hard_rule_never_material_rules_onboarding_or_moderation,LOW,NONE,0.960,rules_onboarding_marker,,,,93,false,false,false,"Адам, приветствуем вас в группе Russian IT in Dubai, в которой обсуждается всё, что может быть интересно русскоязычным представителям IT-индустрии, уже работающим или планирующим переезд в Объединённые Арабские Эмираты. ВАЖНО: При добавлении в группу напишите о себе / о вашей ком"
msg-07657,snapshot-2e5c3804a503,17541,17541,-1002165514145,-1002165514145,,770192703488,770192703488,,,2026-06-29T08:17:23+00:00,RULES_ONBOARDING,HARD_NO_MATERIAL,REJECT_SAFE,rules_or_onboarding_template;hard_rule_never_material_rules_onboarding_or_moderation,LOW,NONE,0.960,rules_onboarding_marker,app.prntscr.com,,,67,true,false,false,"Carlos Buitrago, перед тем как писать в чат - прочитай правила 1. Запрещено отправлять ФОТО экрана, отправляй только скриншоты. Их можно сделать по кнопке Prtscn или через приложение https://app.prntscr.com 2. Запрещено спамить реф ссылками (нативно, с качественным текстом один р"
msg-07838,snapshot-2e5c3804a503,17354,17354,-1001594483330,-1001594483330,,1,1,Флуд,,2026-06-29T07:39:34+00:00,RULES_ONBOARDING,HARD_NO_MATERIAL,REJECT_SAFE,rules_or_onboarding_template;hard_rule_never_material_rules_onboarding_or_moderation,LOW,NONE,0.960,rules_onboarding_marker,,,,49,false,false,false,"Добро пожаловать в стаю, пользователь! Помощник ОМ — это твой путеводитель по сообществу. Внутри ты найдешь: - базу знаний - список всех доступных чатов и ресурсов - контакты поддержки, где всегда можно задать вопрос - карту всего вышедшего контента ❗️Обязательно пройди онбординг"
msg-07843,snapshot-2e5c3804a503,17349,17349,-1002165514145,-1002165514145,,770179072000,770179072000,,,2026-06-29T07:36:16+00:00,RULES_ONBOARDING,HARD_NO_MATERIAL,REJECT_SAFE,rules_or_onboarding_template;hard_rule_never_material_rules_onboarding_or_moderation,LOW,NONE,0.960,rules_onboarding_marker,app.prntscr.com,,,67,true,false,false,"Gabriel Hernandez, перед тем как писать в чат - прочитай правила 1. Запрещено отправлять ФОТО экрана, отправляй только скриншоты. Их можно сделать по кнопке Prtscn или через приложение https://app.prntscr.com 2. Запрещено спамить реф ссылками (нативно, с качественным текстом один"
msg-07997,snapshot-2e5c3804a503,17182,17182,-1002165514145,-1002165514145,,770169634816,770169634816,,,2026-06-29T06:21:22+00:00,RULES_ONBOARDING,HARD_NO_MATERIAL,REJECT_SAFE,rules_or_onboarding_template;hard_rule_never_material_rules_onboarding_or_moderation,LOW,NONE,0.960,rules_onboarding_marker,app.prntscr.com,,,66,true,false,false,"nelissdark, перед тем как писать в чат - прочитай правила 1. Запрещено отправлять ФОТО экрана, отправляй только скриншоты. Их можно сделать по кнопке Prtscn или через приложение https://app.prntscr.com 2. Запрещено спамить реф ссылками (нативно, с качественным текстом один раз от"
msg-08154,snapshot-2e5c3804a503,16978,16978,-1002922797592,-1002922797592,,1,1,Основной,,2026-06-28T23:20:55+00:00,RULES_ONBOARDING,HARD_NO_MATERIAL,REJECT_SAFE,rules_or_onboarding_template;hard_rule_never_material_rules_onboarding_or_moderation,LOW,NONE,0.960,rules_onboarding_marker,,,,10,false,false,false,"Alaina Stey, прежде чем писать в этом чате, подтвердите, что ознакомились с правилами."
msg-08367,snapshot-2e5c3804a503,16873,16873,-1001492409072,-1001492409072,,,,,,2026-06-28T20:36:31+00:00,MODERATION_BOT_EVENT,HARD_NO_MATERIAL,REJECT_SAFE,moderation_or_ban_bot_event;hard_rule_never_material_rules_onboarding_or_moderation,LOW,NONE,0.930,rules_onboarding_marker,,,,53,false,false,false,"Службы безопасности сообщают о планах взорвать в ближайшие часы огромную подземную инфраструктуру, построенную Ираном в Южном Ливане: “В ближайшие часы в районе Западной Галилеи произойдет мощный взрыв. Речь идет о действиях наших сил в рамках завершения уничтожения вражеской инф"
msg-08891,snapshot-2e5c3804a503,16222,16222,-1001750348316,-1001750348316,,533250179072,533250179072,,,2026-06-28T11:53:39+00:00,RULES_ONBOARDING,HARD_NO_MATERIAL,REJECT_SAFE,rules_or_onboarding_template;hard_rule_never_material_rules_onboarding_or_moderation,LOW,NONE,0.960,rules_onboarding_marker,,,,53,false,false,false,"@Balmontr Добро пожаловать! Этот чат станет для тебя теплой ламповой пещерой, где ты сможешь пообщаться на (почти) любые темы. Не стесняйся задавать вопросы, но возможно стоит сразу пойти в тематический чат. Если что, мы перенаправим тебя в нужную микростаю, где ты получишь необх"
msg-09167,snapshot-2e5c3804a503,15912,15912,-1001750348316,-1001750348316,,533247033344,533247033344,,,2026-06-28T09:31:06+00:00,RULES_ONBOARDING,HARD_NO_MATERIAL,REJECT_SAFE,rules_or_onboarding_template;hard_rule_never_material_rules_onboarding_or_moderation,LOW,NONE,0.960,rules_onboarding_marker,,,,53,false,false,false,"@leonraz58 Добро пожаловать! Этот чат станет для тебя теплой ламповой пещерой, где ты сможешь пообщаться на (почти) любые темы. Не стесняйся задавать вопросы, но возможно стоит сразу пойти в тематический чат. Если что, мы перенаправим тебя в нужную микростаю, где ты получишь необ"
msg-09175,snapshot-2e5c3804a503,15904,15904,-1002165514145,-1002165514145,,769814167552,769814167552,,,2026-06-28T09:28:18+00:00,RULES_ONBOARDING,HARD_NO_MATERIAL,REJECT_SAFE,rules_or_onboarding_template;hard_rule_never_material_rules_onboarding_or_moderation,LOW,NONE,0.960,rules_onboarding_marker,app.prntscr.com,,,66,true,false,false,"P1nk_, перед тем как писать в чат - прочитай правила 1. Запрещено отправлять ФОТО экрана, отправляй только скриншоты. Их можно сделать по кнопке Prtscn или через приложение https://app.prntscr.com 2. Запрещено спамить реф ссылками (нативно, с качественным текстом один раз отправи"
msg-09204,snapshot-2e5c3804a503,15874,15874,-1001689325273,-1001689325273,,1,1,,,2026-06-28T09:22:09+00:00,RULES_ONBOARDING,HARD_NO_MATERIAL,REJECT_SAFE,rules_or_onboarding_template;hard_rule_never_material_rules_onboarding_or_moderation,LOW,NONE,0.960,rules_onboarding_marker,,,,40,false,false,false,"Добро пожаловать в стаю, @imNickolai! Помощник ОМ — это твой путеводитель по сообществу. Внутри ты найдешь: - базу знаний - список всех доступных чатов и ресурсов - контакты поддержки, где всегда можно задать вопрос - карту всего вышедшего контента ❗️Обязательно пройди онбординг "
msg-09267,snapshot-2e5c3804a503,15806,15806,-1001750348316,-1001750348316,,533242839040,533242839040,,,2026-06-28T08:50:10+00:00,RULES_ONBOARDING,HARD_NO_MATERIAL,REJECT_SAFE,rules_or_onboarding_template;hard_rule_never_material_rules_onboarding_or_moderation,LOW,NONE,0.960,rules_onboarding_marker,,,,53,false,false,false,"@negotinam_r Добро пожаловать! Этот чат станет для тебя теплой ламповой пещерой, где ты сможешь пообщаться на (почти) любые темы. Не стесняйся задавать вопросы, но возможно стоит сразу пойти в тематический чат. Если что, мы перенаправим тебя в нужную микростаю, где ты получишь не"
msg-09358,snapshot-2e5c3804a503,15709,15709,-1001594483330,-1001594483330,,1,1,Флуд,,2026-06-28T07:55:25+00:00,RULES_ONBOARDING,HARD_NO_MATERIAL,REJECT_SAFE,rules_or_onboarding_template;hard_rule_never_material_rules_onboarding_or_moderation,LOW,NONE,0.960,rules_onboarding_marker,,,,49,false,false,false,"Добро пожаловать в стаю, @suddenbl! Помощник ОМ — это твой путеводитель по сообществу. Внутри ты найдешь: - базу знаний - список всех доступных чатов и ресурсов - контакты поддержки, где всегда можно задать вопрос - карту всего вышедшего контента ❗️Обязательно пройди онбординг по"
msg-09548,snapshot-2e5c3804a503,15448,15448,-1001689325273,-1001689325273,,1,1,,,2026-06-28T04:41:35+00:00,RULES_ONBOARDING,HARD_NO_MATERIAL,REJECT_SAFE,rules_or_onboarding_template;hard_rule_never_material_rules_onboarding_or_moderation,LOW,NONE,0.960,rules_onboarding_marker,,,,40,false,false,false,"Добро пожаловать в стаю, @N_a_i_t! Помощник ОМ — это твой путеводитель по сообществу. Внутри ты найдешь: - базу знаний - список всех доступных чатов и ресурсов - контакты поддержки, где всегда можно задать вопрос - карту всего вышедшего контента ❗️Обязательно пройди онбординг по "
msg-10385,snapshot-2e5c3804a503,14396,14396,-1002922797592,-1002922797592,,1,1,Основной,,2026-06-27T20:17:35+00:00,RULES_ONBOARDING,HARD_NO_MATERIAL,REJECT_SAFE,rules_or_onboarding_template;hard_rule_never_material_rules_onboarding_or_moderation,LOW,NONE,0.960,rules_onboarding_marker,,,,5,false,false,false,"𝗦𝘂𝗿𝘁𝘂𝗿𝗲𝘃, сначала ознакомьтесь с правилами и нажмите ""Я соглашаюсь""."
msg-10441,snapshot-2e5c3804a503,14339,14339,-1002165514145,-1002165514145,,769485963264,769485963264,,,2026-06-27T20:14:20+00:00,RULES_ONBOARDING,HARD_NO_MATERIAL,REJECT_SAFE,rules_or_onboarding_template;hard_rule_never_material_rules_onboarding_or_moderation,LOW,NONE,0.960,rules_onboarding_marker,app.prntscr.com,,OZON,76,true,false,false,"jean, перед тем как писать в чат - прочитай правила 1. Запрещено отправлять ФОТО экрана, отправляй только скриншоты. Их можно сделать по кнопке Prtscn или через приложение https://app.prntscr.com 2. Запрещено спамить реф ссылками (нативно, с качественным текстом один раз отправит"
msg-10730,snapshot-2e5c3804a503,14030,14030,-1001843792932,-1001843792932,,1,1,,,2026-06-27T19:55:22+00:00,RULES_ONBOARDING,HARD_NO_MATERIAL,REJECT_SAFE,rules_or_onboarding_template;hard_rule_never_material_rules_onboarding_or_moderation,LOW,NONE,0.960,rules_onboarding_marker,,,,40,false,false,false,"Добро пожаловать в стаю, @t4ndm! Помощник ОМ — это твой путеводитель по сообществу. Внутри ты найдешь: - базу знаний - список всех доступных чатов и ресурсов - контакты поддержки, где всегда можно задать вопрос - карту всего вышедшего контента ❗️Обязательно пройди онбординг по со"
msg-10903,snapshot-2e5c3804a503,13845,13845,-1002922797592,-1002922797592,,1,1,Основной,,2026-06-27T19:27:36+00:00,RULES_ONBOARDING,HARD_NO_MATERIAL,REJECT_SAFE,rules_or_onboarding_template;hard_rule_never_material_rules_onboarding_or_moderation,LOW,NONE,0.960,rules_onboarding_marker,,,,8,false,false,false,"𝗦𝘂𝗿𝘁𝘂𝗿𝗲𝘃, прежде чем писать в этом чате, подтвердите, что ознакомились с правилами."
msg-10983,snapshot-2e5c3804a503,13761,13761,-1002922797592,-1002922797592,,179,179,Codex,,2026-06-27T19:07:33+00:00,MODERATION_BOT_EVENT,HARD_NO_MATERIAL,REJECT_SAFE,moderation_or_ban_bot_event;hard_rule_never_material_rules_onboarding_or_moderation,LOW,NONE,0.930,rules_onboarding_marker,,,,23,false,false,false,"У меня не спрашивает номер вообще, один раз было, когда бан прилетел и потом восстановили, но как только подписку вернули - все на круги своя встало. Так и не привязывал номер."
msg-10990,snapshot-2e5c3804a503,13753,13753,-1003380703217,-1003380703217,,14823718912,14823718912,,,2026-06-27T19:04:23+00:00,MODERATION_BOT_EVENT,HARD_NO_MATERIAL,REJECT_SAFE,moderation_or_ban_bot_event;hard_rule_never_material_rules_onboarding_or_moderation,LOW,NONE,0.930,rules_onboarding_marker,,,,21,false,false,false,"⛔ di aann kka, тебя заблокировали (Lols Ban) Пользователь отмечен к глобальной блокировке в боте (Lols ban) — подробнее о том, что делать в таком случае, можно почитать по ссылке."
msg-11443,snapshot-2e5c3804a503,13274,13274,-1002922797592,-1002922797592,,1,1,Основной,,2026-06-27T10:52:34+00:00,RULES_ONBOARDING,HARD_NO_MATERIAL,REJECT_SAFE,rules_or_onboarding_template;hard_rule_never_material_rules_onboarding_or_moderation,LOW,NONE,0.960,rules_onboarding_marker,,,,11,false,false,false,"低价官key，各类Ai产品，主页进群 Judson, прежде чем писать в этом чате, подтвердите, что ознакомились с правилами."
msg-11461,snapshot-2e5c3804a503,13255,13255,-1002922797592,-1002922797592,,1,1,Основной,,2026-06-27T10:48:40+00:00,RULES_ONBOARDING,HARD_NO_MATERIAL,REJECT_SAFE,rules_or_onboarding_template;hard_rule_never_material_rules_onboarding_or_moderation,LOW,NONE,0.960,rules_onboarding_marker,,,,14,false,false,false,"低价官key，各类Ai产品，主页进群 >Berrylium/Moonstone/Joyuse/Ingres, прежде чем писать в этом чате, подтвердите, что ознакомились с правилами."
msg-11468,snapshot-2e5c3804a503,13248,13248,-1002922797592,-1002922797592,,1,1,Основной,,2026-06-27T10:46:54+00:00,RULES_ONBOARDING,HARD_NO_MATERIAL,REJECT_SAFE,rules_or_onboarding_template;hard_rule_never_material_rules_onboarding_or_moderation,LOW,NONE,0.960,rules_onboarding_marker,,,,11,false,false,false,"低价官key，各类Ai产品，主页进群 Sahani, прежде чем писать в этом чате, подтвердите, что ознакомились с правилами."
msg-11472,snapshot-2e5c3804a503,13244,13244,-1002922797592,-1002922797592,,1,1,Основной,,2026-06-27T10:46:17+00:00,RULES_ONBOARDING,HARD_NO_MATERIAL,REJECT_SAFE,rules_or_onboarding_template;hard_rule_never_material_rules_onboarding_or_moderation,LOW,NONE,0.960,rules_onboarding_marker,,,,11,false,false,false,"低价官key，各类Ai产品，主页进群 aajaa, прежде чем писать в этом чате, подтвердите, что ознакомились с правилами."
msg-11481,snapshot-2e5c3804a503,13233,13233,-1002922797592,-1002922797592,,1,1,Основной,,2026-06-27T10:45:51+00:00,RULES_ONBOARDING,HARD_NO_MATERIAL,REJECT_SAFE,rules_or_onboarding_template;hard_rule_never_material_rules_onboarding_or_moderation,LOW,NONE,0.960,rules_onboarding_marker,,,,12,false,false,false,"低价官key，各类Ai产品，主页进群 Guj Vxf, прежде чем писать в этом чате, подтвердите, что ознакомились с правилами."
msg-11483,snapshot-2e5c3804a503,13231,13231,-1002922797592,-1002922797592,,1,1,Основной,,2026-06-27T10:45:27+00:00,RULES_ONBOARDING,HARD_NO_MATERIAL,REJECT_SAFE,rules_or_onboarding_template;hard_rule_never_material_rules_onboarding_or_moderation,LOW,NONE,0.960,rules_onboarding_marker,,,,11,false,false,false,"低价官key，各类Ai产品，主页进群 Kadam, прежде чем писать в этом чате, подтвердите, что ознакомились с правилами."
msg-11486,snapshot-2e5c3804a503,13228,13228,-1002922797592,-1002922797592,,1,1,Основной,,2026-06-27T10:45:12+00:00,RULES_ONBOARDING,HARD_NO_MATERIAL,REJECT_SAFE,rules_or_onboarding_template;hard_rule_never_material_rules_onboarding_or_moderation,LOW,NONE,0.960,rules_onboarding_marker,,,,11,false,false,false,"低价官key，各类Ai产品，主页进群 Kumar, прежде чем писать в этом чате, подтвердите, что ознакомились с правилами."
msg-11494,snapshot-2e5c3804a503,13218,13218,-1002922797592,-1002922797592,,106,106,Claude Code,,2026-06-27T10:44:29+00:00,MODERATION_BOT_EVENT,HARD_NO_MATERIAL,REJECT_SAFE,moderation_or_ban_bot_event;hard_rule_never_material_rules_onboarding_or_moderation,LOW,NONE,0.930,rules_onboarding_marker,,,,26,false,false,false,"Я не исключаю таких случаев, но предполагаю, что если ты будешь использовать с родного ip без всяких технических ухищрений, будет совпадать гео платежей, нахождения и т.п., то шанс получить получить бан в разы меньше."
msg-11637,snapshot-2e5c3804a503,13011,13011,-1002165514145,-1002165514145,,767270322176,767270322176,,,2026-06-27T10:20:31+00:00,RULES_ONBOARDING,HARD_NO_MATERIAL,REJECT_SAFE,rules_or_onboarding_template;hard_rule_never_material_rules_onboarding_or_moderation,LOW,NONE,0.960,rules_onboarding_marker,,,,143,false,false,false,"🥳 GLM 5.2 от z.ai — подписка за $16, которая может изменить правила игры Сабка на GLM 5.2 за $16/мес — и вот что я понял после нескольких дней использования. Что дают 👍 - Создаёшь ключ → кормишься лимитами - 5-часовой / недельный / лимит на инструменты (как я понял) Ключевой нюан"
msg-11646,snapshot-2e5c3804a503,12999,12999,-1003922856266,-1003922856266,,30,30,Verified guide,,2026-06-27T10:19:19+00:00,RULES_ONBOARDING,HARD_NO_MATERIAL,REJECT_SAFE,rules_or_onboarding_template;hard_rule_never_material_rules_onboarding_or_moderation,LOW,NONE,0.960,rules_onboarding_marker,,,,151,false,false,false,"🥳 GLM 5.2 от z.ai — подписка за $16, которая может изменить правила игры Сабка на GLM 5.2 за $16/мес — и вот что я понял после нескольких дней использования. Что дают 👍 - Создаёшь ключ → кормишься лимитами - 5-часовой / недельный / лимит на инструменты (как я понял) Ключевой нюан"
msg-11651,snapshot-2e5c3804a503,12993,12993,-1001843792932,-1001843792932,,1,1,,,2026-06-27T10:18:20+00:00,RULES_ONBOARDING,HARD_NO_MATERIAL,REJECT_SAFE,rules_or_onboarding_template;hard_rule_never_material_rules_onboarding_or_moderation,LOW,NONE,0.960,rules_onboarding_marker,,,,40,false,false,false,"Добро пожаловать в стаю, @vov4ishka88general! Помощник ОМ — это твой путеводитель по сообществу. Внутри ты найдешь: - базу знаний - список всех доступных чатов и ресурсов - контакты поддержки, где всегда можно задать вопрос - карту всего вышедшего контента ❗️Обязательно пройди он"
msg-11661,snapshot-2e5c3804a503,12987,12987,-1001689325273,-1001689325273,,1,1,,,2026-06-27T10:16:26+00:00,RULES_ONBOARDING,HARD_NO_MATERIAL,REJECT_SAFE,rules_or_onboarding_template;hard_rule_never_material_rules_onboarding_or_moderation,LOW,NONE,0.960,rules_onboarding_marker,,,,40,false,false,false,"Добро пожаловать в стаю, @vov4ishka88general! Помощник ОМ — это твой путеводитель по сообществу. Внутри ты найдешь: - базу знаний - список всех доступных чатов и ресурсов - контакты поддержки, где всегда можно задать вопрос - карту всего вышедшего контента ❗️Обязательно пройди он"
msg-11668,snapshot-2e5c3804a503,12977,12977,-1001689325273,-1001689325273,,1,1,,,2026-06-27T10:15:17+00:00,RULES_ONBOARDING,HARD_NO_MATERIAL,REJECT_SAFE,rules_or_onboarding_template;hard_rule_never_material_rules_onboarding_or_moderation,LOW,NONE,0.960,rules_onboarding_marker,,,,40,false,false,false,"Добро пожаловать в стаю, @LanguidBasil! Помощник ОМ — это твой путеводитель по сообществу. Внутри ты найдешь: - базу знаний - список всех доступных чатов и ресурсов - контакты поддержки, где всегда можно задать вопрос - карту всего вышедшего контента ❗️Обязательно пройди онбордин"
msg-11679,snapshot-2e5c3804a503,12964,12964,-1001594483330,-1001594483330,,1,1,Флуд,,2026-06-27T10:10:37+00:00,RULES_ONBOARDING,HARD_NO_MATERIAL,REJECT_SAFE,rules_or_onboarding_template;hard_rule_never_material_rules_onboarding_or_moderation,LOW,NONE,0.960,rules_onboarding_marker,,,,49,false,false,false,"Добро пожаловать в стаю, пользователь! Помощник ОМ — это твой путеводитель по сообществу. Внутри ты найдешь: - базу знаний - список всех доступных чатов и ресурсов - контакты поддержки, где всегда можно задать вопрос - карту всего вышедшего контента ❗️Обязательно пройди онбординг"
msg-11700,snapshot-2e5c3804a503,12943,12943,-1002922797592,-1002922797592,,106,106,Claude Code,,2026-06-27T10:04:52+00:00,MODERATION_BOT_EVENT,HARD_NO_MATERIAL,REJECT_SAFE,moderation_or_ban_bot_event;hard_rule_never_material_rules_onboarding_or_moderation,LOW,NONE,0.930,rules_onboarding_marker,,,,20,false,false,false,"безопаснее всего этих пиперастов вообще не использовать. Только что кристальный аккаунт в бан отправили,потому что ""причин не обьявляют идите лесом мы так считаем"""
msg-11964,snapshot-2e5c3804a503,12651,12651,-1002922797592,-1002922797592,,1,1,Основной,,2026-06-27T09:00:20+00:00,RULES_ONBOARDING,HARD_NO_MATERIAL,REJECT_SAFE,rules_or_onboarding_template;hard_rule_never_material_rules_onboarding_or_moderation,LOW,NONE,0.960,rules_onboarding_marker,,,,11,false,false,false,"低价官key，各类Ai产品，主页进群 Vaid, прежде чем писать в этом чате, подтвердите, что ознакомились с правилами."
msg-12164,snapshot-2e5c3804a503,12435,12435,-1002922797592,-1002922797592,,1,1,Основной,,2026-06-27T08:47:28+00:00,RULES_ONBOARDING,HARD_NO_MATERIAL,REJECT_SAFE,rules_or_onboarding_template;hard_rule_never_material_rules_onboarding_or_moderation,LOW,NONE,0.960,rules_onboarding_marker,,,,11,false,false,false,"低价官key，各类Ai产品，主页进群 Pawar, прежде чем писать в этом чате, подтвердите, что ознакомились с правилами."
msg-12279,snapshot-2e5c3804a503,12313,12313,-1001758943128,-1001758943128,,1374479712256,1374479712256,,,2026-06-27T08:42:57+00:00,MODERATION_BOT_EVENT,HARD_NO_MATERIAL,REJECT_SAFE,moderation_or_ban_bot_event;hard_rule_never_material_rules_onboarding_or_moderation,LOW,NONE,0.930,rules_onboarding_marker,,,,5,false,false,false,в 24 году вроде бан сняли
msg-12431,snapshot-2e5c3804a503,12162,12162,-1002922797592,-1002922797592,,1,1,Основной,,2026-06-27T08:36:28+00:00,RULES_ONBOARDING,HARD_NO_MATERIAL,REJECT_SAFE,rules_or_onboarding_template;hard_rule_never_material_rules_onboarding_or_moderation,LOW,NONE,0.960,rules_onboarding_marker,,,,10,false,false,false,"大量官key 各类ai技术产品, прежде чем писать в этом чате, подтвердите, что ознакомились с правилами."
msg-12698,snapshot-2e5c3804a503,11882,11882,-1002165514145,-1002165514145,,766972526592,766972526592,,,2026-06-27T07:54:00+00:00,RULES_ONBOARDING,HARD_NO_MATERIAL,REJECT_SAFE,rules_or_onboarding_template;hard_rule_never_material_rules_onboarding_or_moderation,LOW,NONE,0.960,rules_onboarding_marker,app.prntscr.com,,OZON,78,true,false,false,"Elys#snr#ml, перед тем как писать в чат - прочитай правила 1. Запрещено отправлять ФОТО экрана, отправляй только скриншоты. Их можно сделать по кнопке Prtscn или через приложение https://app.prntscr.com 2. Запрещено спамить реф ссылками (нативно, с качественным текстом один раз о"
msg-12946,snapshot-2e5c3804a503,11610,11610,-1002165514145,-1002165514145,,766712479744,766712479744,,,2026-06-27T07:21:09+00:00,RULES_ONBOARDING,HARD_NO_MATERIAL,REJECT_SAFE,rules_or_onboarding_template;hard_rule_never_material_rules_onboarding_or_moderation,LOW,NONE,0.960,rules_onboarding_marker,app.prntscr.com,,OZON,77,true,false,false,"Влада Яшина, перед тем как писать в чат - прочитай правила 1. Запрещено отправлять ФОТО экрана, отправляй только скриншоты. Их можно сделать по кнопке Prtscn или через приложение https://app.prntscr.com 2. Запрещено спамить реф ссылками (нативно, с качественным текстом один раз о"
msg-13017,snapshot-2e5c3804a503,11534,11534,-1001594483330,-1001594483330,,1,1,Флуд,,2026-06-27T06:54:57+00:00,RULES_ONBOARDING,HARD_NO_MATERIAL,REJECT_SAFE,rules_or_onboarding_template;hard_rule_never_material_rules_onboarding_or_moderation,LOW,NONE,0.960,rules_onboarding_marker,,,,49,false,false,false,"Добро пожаловать в стаю, @McSwagger228! Помощник ОМ — это твой путеводитель по сообществу. Внутри ты найдешь: - базу знаний - список всех доступных чатов и ресурсов - контакты поддержки, где всегда можно задать вопрос - карту всего вышедшего контента ❗️Обязательно пройди онбордин"
msg-13038,snapshot-2e5c3804a503,11512,11512,-1001750348316,-1001750348316,,533217673216,533217673216,,,2026-06-27T06:24:14+00:00,RULES_ONBOARDING,HARD_NO_MATERIAL,REJECT_SAFE,rules_or_onboarding_template;hard_rule_never_material_rules_onboarding_or_moderation,LOW,NONE,0.960,rules_onboarding_marker,,,,53,false,false,false,"@alex_kapin Добро пожаловать! Этот чат станет для тебя теплой ламповой пещерой, где ты сможешь пообщаться на (почти) любые темы. Не стесняйся задавать вопросы, но возможно стоит сразу пойти в тематический чат. Если что, мы перенаправим тебя в нужную микростаю, где ты получишь нео"
msg-13204,snapshot-2e5c3804a503,11326,11326,-1003380703217,-1003380703217,,14815330304,14815330304,,,2026-06-27T01:56:32+00:00,MODERATION_BOT_EVENT,HARD_NO_MATERIAL,REJECT_SAFE,moderation_or_ban_bot_event;hard_rule_never_material_rules_onboarding_or_moderation,LOW,NONE,0.930,rules_onboarding_marker,,,,21,false,false,false,"⛔ pavel nsk yb, тебя заблокировали (Lols Ban) Пользователь отмечен к глобальной блокировке в боте (Lols ban) — подробнее о том, что делать в таком случае, можно почитать по ссылке."
msg-13209,snapshot-2e5c3804a503,11321,11321,-1003380703217,-1003380703217,,14812184576,14812184576,,,2026-06-27T01:42:36+00:00,MODERATION_BOT_EVENT,HARD_NO_MATERIAL,REJECT_SAFE,moderation_or_ban_bot_event;hard_rule_never_material_rules_onboarding_or_moderation,LOW,NONE,0.930,rules_onboarding_marker,,,,19,false,false,false,"⛔ andrey, тебя заблокировали (Lols Ban) Пользователь отмечен к глобальной блокировке в боте (Lols ban) — подробнее о том, что делать в таком случае, можно почитать по ссылке."
msg-13213,snapshot-2e5c3804a503,11317,11317,-1003380703217,-1003380703217,,14810087424,14810087424,,,2026-06-27T01:34:24+00:00,MODERATION_BOT_EVENT,HARD_NO_MATERIAL,REJECT_SAFE,moderation_or_ban_bot_event;hard_rule_never_material_rules_onboarding_or_moderation,LOW,NONE,0.930,rules_onboarding_marker,,,,21,false,false,false,"⛔ mrk kzlv l3, тебя заблокировали (Lols Ban) Пользователь отмечен к глобальной блокировке в боте (Lols ban) — подробнее о том, что делать в таком случае, можно почитать по ссылке."
msg-13214,snapshot-2e5c3804a503,11316,11316,-1003380703217,-1003380703217,,14809038848,14809038848,,,2026-06-27T01:28:49+00:00,MODERATION_BOT_EVENT,HARD_NO_MATERIAL,REJECT_SAFE,moderation_or_ban_bot_event;hard_rule_never_material_rules_onboarding_or_moderation,LOW,NONE,0.930,rules_onboarding_marker,,,,20,false,false,false,"⛔ alex k devoe, тебя заблокировали (Lols Ban) Пользователь отмечен к глобальной блокировке в боте (Lols ban) — подробнее о том, что делать в таком случае, можно почитать по ссылке."
msg-13215,snapshot-2e5c3804a503,11315,11315,-1003380703217,-1003380703217,,14807990272,14807990272,,,2026-06-27T01:25:55+00:00,MODERATION_BOT_EVENT,HARD_NO_MATERIAL,REJECT_SAFE,moderation_or_ban_bot_event;hard_rule_never_material_rules_onboarding_or_moderation,LOW,NONE,0.930,rules_onboarding_marker,,,,20,false,false,false,"⛔ mark kznvvok, тебя заблокировали (Lols Ban) Пользователь отмечен к глобальной блокировке в боте (Lols ban) — подробнее о том, что делать в таком случае, можно почитать по ссылке."
msg-13243,snapshot-2e5c3804a503,11263,11263,8739875482,8739875482,,,,,,2026-06-27T00:51:47+00:00,RULES_ONBOARDING,HARD_NO_MATERIAL,REJECT_SAFE,rules_or_onboarding_template;hard_rule_never_material_rules_onboarding_or_moderation,LOW,NONE,0.960,rules_onboarding_marker,,,,9,false,false,false,Добро пожаловать в LunacyBreaker! Следите за актуальными зеркалами. Скидки активны.
msg-13249,snapshot-2e5c3804a503,11200,11200,-1001879618621,-1001879618621,,10138681344,10138681344,,,2026-06-27T00:33:24+00:00,RULES_ONBOARDING,HARD_NO_MATERIAL,REJECT_SAFE,rules_or_onboarding_template;hard_rule_never_material_rules_onboarding_or_moderation,LOW,NONE,0.960,rules_onboarding_marker,,,,40,false,false,false,"Добро пожаловать в стаю, @Zabavnuy_Tip! Помощник ОМ — это твой путеводитель по сообществу. Внутри ты найдешь: - базу знаний - список всех доступных чатов и ресурсов - контакты поддержки, где всегда можно задать вопрос - карту всего вышедшего контента ❗️Обязательно пройди онбордин"
msg-13250,snapshot-2e5c3804a503,11198,11198,-1001594483330,-1001594483330,,1,1,Флуд,,2026-06-27T00:33:14+00:00,RULES_ONBOARDING,HARD_NO_MATERIAL,REJECT_SAFE,rules_or_onboarding_template;hard_rule_never_material_rules_onboarding_or_moderation,LOW,NONE,0.960,rules_onboarding_marker,,,,49,false,false,false,"Добро пожаловать в стаю, @Zabavnuy_Tip! Помощник ОМ — это твой путеводитель по сообществу. Внутри ты найдешь: - базу знаний - список всех доступных чатов и ресурсов - контакты поддержки, где всегда можно задать вопрос - карту всего вышедшего контента ❗️Обязательно пройди онбордин"
msg-13401,snapshot-2e5c3804a503,11034,11034,-1003980547389,-1003980547389,,3780116480,3780116480,,,2026-06-26T22:54:07+00:00,MODERATION_BOT_EVENT,HARD_NO_MATERIAL,REJECT_SAFE,moderation_or_ban_bot_event;hard_rule_never_material_rules_onboarding_or_moderation,LOW,NONE,0.930,rules_onboarding_marker,,,,12,false,false,false,"Не пойду бро, как минимум Кик/бан нужно было согласовать хоть с кем то"
msg-13521,snapshot-2e5c3804a503,10910,10910,-1001750348316,-1001750348316,,533211381760,533211381760,,,2026-06-26T22:34:37+00:00,RULES_ONBOARDING,HARD_NO_MATERIAL,REJECT_SAFE,rules_or_onboarding_template;hard_rule_never_material_rules_onboarding_or_moderation,LOW,NONE,0.960,rules_onboarding_marker,,,,53,false,false,false,"@Dsrrru Добро пожаловать! Этот чат станет для тебя теплой ламповой пещерой, где ты сможешь пообщаться на (почти) любые темы. Не стесняйся задавать вопросы, но возможно стоит сразу пойти в тематический чат. Если что, мы перенаправим тебя в нужную микростаю, где ты получишь необход"
msg-13550,snapshot-2e5c3804a503,10881,10881,-1001689325273,-1001689325273,,1,1,,,2026-06-26T22:29:03+00:00,RULES_ONBOARDING,HARD_NO_MATERIAL,REJECT_SAFE,rules_or_onboarding_template;hard_rule_never_material_rules_onboarding_or_moderation,LOW,NONE,0.960,rules_onboarding_marker,,,,40,false,false,false,"Добро пожаловать в стаю, @NetoriVEVO! Помощник ОМ — это твой путеводитель по сообществу. Внутри ты найдешь: - базу знаний - список всех доступных чатов и ресурсов - контакты поддержки, где всегда можно задать вопрос - карту всего вышедшего контента ❗️Обязательно пройди онбординг "
msg-14169,snapshot-2e5c3804a503,10233,10233,-1001750348316,-1001750348316,,533209284608,533209284608,,,2026-06-26T21:21:13+00:00,RULES_ONBOARDING,HARD_NO_MATERIAL,REJECT_SAFE,rules_or_onboarding_template;hard_rule_never_material_rules_onboarding_or_moderation,LOW,NONE,0.960,rules_onboarding_marker,,,,53,false,false,false,"@Bee_bobs Добро пожаловать! Этот чат станет для тебя теплой ламповой пещерой, где ты сможешь пообщаться на (почти) любые темы. Не стесняйся задавать вопросы, но возможно стоит сразу пойти в тематический чат. Если что, мы перенаправим тебя в нужную микростаю, где ты получишь необх"
msg-14217,snapshot-2e5c3804a503,10184,10184,-1001600514961,-1001600514961,,23125295104,23125295104,,,2026-06-26T21:10:49+00:00,MODERATION_BOT_EVENT,HARD_NO_MATERIAL,REJECT_SAFE,moderation_or_ban_bot_event;hard_rule_never_material_rules_onboarding_or_moderation,LOW,NONE,0.930,rules_onboarding_marker,,,,19,false,false,false,"⛔ Виктор, тебя заблокировали (Lols Ban) Пользователь отмечен к глобальной блокировке в боте (Lols ban) — подробнее о том, что делать в таком случае, можно почитать по ссылке."
msg-14279,snapshot-2e5c3804a503,10114,10114,-1001750348316,-1001750348316,,533207187456,533207187456,,,2026-06-26T20:55:08+00:00,RULES_ONBOARDING,HARD_NO_MATERIAL,REJECT_SAFE,rules_or_onboarding_template;hard_rule_never_material_rules_onboarding_or_moderation,LOW,NONE,0.960,rules_onboarding_marker,,,,53,false,false,false,"@Yashkevichuss Добро пожаловать! Этот чат станет для тебя теплой ламповой пещерой, где ты сможешь пообщаться на (почти) любые темы. Не стесняйся задавать вопросы, но возможно стоит сразу пойти в тематический чат. Если что, мы перенаправим тебя в нужную микростаю, где ты получишь "
msg-14280,snapshot-2e5c3804a503,10113,10113,-1001689325273,-1001689325273,,1,1,,,2026-06-26T20:54:57+00:00,RULES_ONBOARDING,HARD_NO_MATERIAL,REJECT_SAFE,rules_or_onboarding_template;hard_rule_never_material_rules_onboarding_or_moderation,LOW,NONE,0.960,rules_onboarding_marker,,,,40,false,false,false,"Добро пожаловать в стаю, @Yashkevichuss! Помощник ОМ — это твой путеводитель по сообществу. Внутри ты найдешь: - базу знаний - список всех доступных чатов и ресурсов - контакты поддержки, где всегда можно задать вопрос - карту всего вышедшего контента ❗️Обязательно пройди онборди"
msg-14572,snapshot-2e5c3804a503,9815,9815,-1002165514145,-1002165514145,,766564630528,766564630528,,,2026-06-26T20:33:15+00:00,RULES_ONBOARDING,HARD_NO_MATERIAL,REJECT_SAFE,rules_or_onboarding_template;hard_rule_never_material_rules_onboarding_or_moderation,LOW,NONE,0.960,rules_onboarding_marker,app.prntscr.com,,,65,true,false,false,"👌, перед тем как писать в чат - прочитай правила 1. Запрещено отправлять ФОТО экрана, отправляй только скриншоты. Их можно сделать по кнопке Prtscn или через приложение https://app.prntscr.com 2. Запрещено спамить реф ссылками (нативно, с качественным текстом один раз отправить м"
msg-14686,snapshot-2e5c3804a503,9697,9697,-1002922797592,-1002922797592,,1,1,Основной,,2026-06-26T20:25:04+00:00,RULES_ONBOARDING,HARD_NO_MATERIAL,REJECT_SAFE,rules_or_onboarding_template;hard_rule_never_material_rules_onboarding_or_moderation,LOW,NONE,0.960,rules_onboarding_marker,,,,9,false,false,false,"xxx, прежде чем писать в этом чате, подтвердите, что ознакомились с правилами."
msg-15190,snapshot-2e5c3804a503,9163,9163,-1003804059227,-1003804059227,,890241024,890241024,,,2026-06-26T19:55:23+00:00,RULES_ONBOARDING,HARD_NO_MATERIAL,REJECT_SAFE,rules_or_onboarding_template;hard_rule_never_material_rules_onboarding_or_moderation,LOW,NONE,0.960,rules_onboarding_marker,,,,19,false,false,false,"., добро пожаловать в группу howmadeit Chat. Не нужно быть гением, чтобы много зарабатывать. Вокруг полно небольших бизнес-идей, а лучшие из них в @biz_idea"
msg-15406,snapshot-2e5c3804a503,8936,8936,-1003980547389,-1003980547389,,2573205504,2573205504,,,2026-06-26T19:45:56+00:00,MODERATION_BOT_EVENT,HARD_NO_MATERIAL,REJECT_SAFE,moderation_or_ban_bot_event;hard_rule_never_material_rules_onboarding_or_moderation,LOW,NONE,0.930,rules_onboarding_marker,,,,304,false,false,false,"Детальный разбор разговора между пострадавшим клиентом и представителем мошеннического проекта: Масштаб ущерба и причина диалога: Пострадавший (представляющий интересы потерпевших) сообщает, что в результате остановки проекта пострадало 20 человек, а общая сумма убытков оценивает"
msg-15853,snapshot-2e5c3804a503,8448,8448,-1002165514145,-1002165514145,,766543659008,766543659008,,,2026-06-26T19:16:36+00:00,RULES_ONBOARDING,HARD_NO_MATERIAL,REJECT_SAFE,rules_or_onboarding_template;hard_rule_never_material_rules_onboarding_or_moderation,LOW,NONE,0.960,rules_onboarding_marker,app.prntscr.com,,,67,true,false,false,"Chingis Shumerov, перед тем как писать в чат - прочитай правила 1. Запрещено отправлять ФОТО экрана, отправляй только скриншоты. Их можно сделать по кнопке Prtscn или через приложение https://app.prntscr.com 2. Запрещено спамить реф ссылками (нативно, с качественным текстом один "
msg-15896,snapshot-2e5c3804a503,8406,8406,-1003380703217,-1003380703217,,14805893120,14805893120,,,2026-06-26T14:52:30+00:00,RULES_ONBOARDING,HARD_NO_MATERIAL,REJECT_SAFE,rules_or_onboarding_template;hard_rule_never_material_rules_onboarding_or_moderation,LOW,NONE,0.960,rules_onboarding_marker,,,,62,false,false,false,"Могу рассказать за свой опыт работы в российском медицинском стартапе. 5 лет пытались пройти сертификацию, слили кучу денег. Правила меняются быстрее чем удается что то делать. Все структуры за это отвечающие корумпированы и работают через взятки. Периодически всех сажают и тогда"
msg-16025,snapshot-2e5c3804a503,8256,8256,-1002165514145,-1002165514145,,766098014208,766098014208,,,2026-06-26T13:00:27+00:00,RULES_ONBOARDING,HARD_NO_MATERIAL,REJECT_SAFE,rules_or_onboarding_template;hard_rule_never_material_rules_onboarding_or_moderation,LOW,NONE,0.960,rules_onboarding_marker,app.prntscr.com,,,67,true,false,false,"Santiago Pimentel, перед тем как писать в чат - прочитай правила 1. Запрещено отправлять ФОТО экрана, отправляй только скриншоты. Их можно сделать по кнопке Prtscn или через приложение https://app.prntscr.com 2. Запрещено спамить реф ссылками (нативно, с качественным текстом один"
msg-16162,snapshot-2e5c3804a503,8120,8120,-1001594483330,-1001594483330,,1,1,Флуд,,2026-06-26T12:45:54+00:00,RULES_ONBOARDING,HARD_NO_MATERIAL,REJECT_SAFE,rules_or_onboarding_template;hard_rule_never_material_rules_onboarding_or_moderation,LOW,NONE,0.960,rules_onboarding_marker,,,,49,false,false,false,"Добро пожаловать в стаю, @Zapanki_14! Помощник ОМ — это твой путеводитель по сообществу. Внутри ты найдешь: - базу знаний - список всех доступных чатов и ресурсов - контакты поддержки, где всегда можно задать вопрос - карту всего вышедшего контента ❗️Обязательно пройди онбординг "
msg-16273,snapshot-2e5c3804a503,8003,8003,-1002922797592,-1002922797592,,1,1,Основной,,2026-06-26T12:39:09+00:00,RULES_ONBOARDING,HARD_NO_MATERIAL,REJECT_SAFE,rules_or_onboarding_template;hard_rule_never_material_rules_onboarding_or_moderation,LOW,NONE,0.960,rules_onboarding_marker,,,,9,false,false,false,"Nick, прежде чем писать в этом чате, подтвердите, что ознакомились с правилами."
msg-16304,snapshot-2e5c3804a503,7814,7814,-1002165514145,-1002165514145,,766094868480,766094868480,,,2026-06-26T12:13:00+00:00,RULES_ONBOARDING,HARD_NO_MATERIAL,REJECT_SAFE,rules_or_onboarding_template;hard_rule_never_material_rules_onboarding_or_moderation,LOW,NONE,0.960,rules_onboarding_marker,app.prntscr.com,,,67,true,false,false,"Татьяна Бычкова, перед тем как писать в чат - прочитай правила 1. Запрещено отправлять ФОТО экрана, отправляй только скриншоты. Их можно сделать по кнопке Prtscn или через приложение https://app.prntscr.com 2. Запрещено спамить реф ссылками (нативно, с качественным текстом один р"
msg-16423,snapshot-2e5c3804a503,7946,7946,-1002922797592,-1002922797592,,106,106,Claude Code,,2026-06-26T09:41:11+00:00,RULES_ONBOARDING,HARD_NO_MATERIAL,REJECT_SAFE,rules_or_onboarding_template;hard_rule_never_material_rules_onboarding_or_moderation,LOW,NONE,0.960,rules_onboarding_marker,,,,48,false,true,false,"да. но я к тому, что внутри под капотом те же правила оптимизации нагрузки, что и у api, То же кеширование, те же слеты. Если уметь работать с кешем по api, будем уметь работать с лимитами подписки лучше Нельзя сказать, что панацея, но 3-4 правила запомнить стоит, про покурить и "
msg-16529,snapshot-2e5c3804a503,7732,7732,-1001750348316,-1001750348316,,533168390144,533168390144,,,2026-06-26T09:06:43+00:00,RULES_ONBOARDING,HARD_NO_MATERIAL,REJECT_SAFE,rules_or_onboarding_template;hard_rule_never_material_rules_onboarding_or_moderation,LOW,NONE,0.960,rules_onboarding_marker,,,,53,false,false,false,"@densheih Добро пожаловать! Этот чат станет для тебя теплой ламповой пещерой, где ты сможешь пообщаться на (почти) любые темы. Не стесняйся задавать вопросы, но возможно стоит сразу пойти в тематический чат. Если что, мы перенаправим тебя в нужную микростаю, где ты получишь необх"
msg-16635,snapshot-2e5c3804a503,7617,7617,-1003854867646,-1003854867646,,4,4,Codex,,2026-06-26T08:56:24+00:00,MODERATION_BOT_EVENT,HARD_NO_MATERIAL,REJECT_SAFE,moderation_or_ban_bot_event;hard_rule_never_material_rules_onboarding_or_moderation,LOW,NONE,0.930,rules_onboarding_marker,,,,6,false,false,false,тогда тебе могут дать бан очевидно
msg-16692,snapshot-2e5c3804a503,7559,7559,-1001594483330,-1001594483330,,1,1,Флуд,,2026-06-26T08:53:31+00:00,RULES_ONBOARDING,HARD_NO_MATERIAL,REJECT_SAFE,rules_or_onboarding_template;hard_rule_never_material_rules_onboarding_or_moderation,LOW,NONE,0.960,rules_onboarding_marker,,,,49,false,false,false,"Добро пожаловать в стаю, @kostiantyn_04! Помощник ОМ — это твой путеводитель по сообществу. Внутри ты найдешь: - базу знаний - список всех доступных чатов и ресурсов - контакты поддержки, где всегда можно задать вопрос - карту всего вышедшего контента ❗️Обязательно пройди онборди"
msg-16811,snapshot-2e5c3804a503,7432,7432,-1002922797592,-1002922797592,,1,1,Основной,,2026-06-26T08:23:07+00:00,MODERATION_BOT_EVENT,HARD_NO_MATERIAL,REJECT_SAFE,moderation_or_ban_bot_event;hard_rule_never_material_rules_onboarding_or_moderation,LOW,NONE,0.930,rules_onboarding_marker,,,,19,false,false,false,"⛔ Archangel, тебя заблокировали (Lols Ban) Пользователь отмечен к глобальной блокировке в боте (Lols ban) — подробнее о том, что делать в таком случае, можно почитать по ссылке."
msg-16830,snapshot-2e5c3804a503,7413,7413,-1002031392597,-1002031392597,,14884536320,14884536320,,,2026-06-26T08:18:32+00:00,RULES_ONBOARDING,HARD_NO_MATERIAL,REJECT_SAFE,rules_or_onboarding_template;hard_rule_never_material_rules_onboarding_or_moderation,LOW,NONE,0.960,rules_onboarding_marker,t.me,,,47,true,false,false,"Добро пожаловать в стаю, @androvsky! Помощник ОМ — это твой путеводитель по сообществу. Внутри ты найдешь: - базу знаний - список всех доступных чатов и ресурсов - контакты поддержки, где всегда можно задать вопрос - карту всего вышедшего контента ❗️Обязательно пройди онбординг п"
msg-16832,snapshot-2e5c3804a503,7411,7411,-1001594483330,-1001594483330,,1,1,Флуд,,2026-06-26T08:18:26+00:00,RULES_ONBOARDING,HARD_NO_MATERIAL,REJECT_SAFE,rules_or_onboarding_template;hard_rule_never_material_rules_onboarding_or_moderation,LOW,NONE,0.960,rules_onboarding_marker,,,,49,false,false,false,"Добро пожаловать в стаю, @ThirteenEleven! Помощник ОМ — это твой путеводитель по сообществу. Внутри ты найдешь: - базу знаний - список всех доступных чатов и ресурсов - контакты поддержки, где всегда можно задать вопрос - карту всего вышедшего контента ❗️Обязательно пройди онборд"
msg-17013,snapshot-2e5c3804a503,7222,7222,-1002165514145,-1002165514145,,765995253760,765995253760,,,2026-06-26T07:52:01+00:00,RULES_ONBOARDING,HARD_NO_MATERIAL,REJECT_SAFE,rules_or_onboarding_template;hard_rule_never_material_rules_onboarding_or_moderation,LOW,NONE,0.960,rules_onboarding_marker,app.prntscr.com,,,66,true,false,false,"Archangel, перед тем как писать в чат - прочитай правила 1. Запрещено отправлять ФОТО экрана, отправляй только скриншоты. Их можно сделать по кнопке Prtscn или через приложение https://app.prntscr.com 2. Запрещено спамить реф ссылками (нативно, с качественным текстом один раз отп"
msg-17027,snapshot-2e5c3804a503,7206,7206,-1002922797592,-1002922797592,,1,1,Основной,,2026-06-26T07:48:03+00:00,RULES_ONBOARDING,HARD_NO_MATERIAL,REJECT_SAFE,rules_or_onboarding_template;hard_rule_never_material_rules_onboarding_or_moderation,LOW,NONE,0.960,rules_onboarding_marker,,,,9,false,false,false,"Reyro, прежде чем писать в этом чате, подтвердите, что ознакомились с правилами."
msg-17063,snapshot-2e5c3804a503,7168,7168,-1002031392597,-1002031392597,,14882439168,14882439168,,,2026-06-26T07:42:16+00:00,RULES_ONBOARDING,HARD_NO_MATERIAL,REJECT_SAFE,rules_or_onboarding_template;hard_rule_never_material_rules_onboarding_or_moderation,LOW,NONE,0.960,rules_onboarding_marker,t.me,,,47,true,false,false,"Добро пожаловать в стаю, @x_yaroslav! Помощник ОМ — это твой путеводитель по сообществу. Внутри ты найдешь: - базу знаний - список всех доступных чатов и ресурсов - контакты поддержки, где всегда можно задать вопрос - карту всего вышедшего контента ❗️Обязательно пройди онбординг "
msg-17129,snapshot-2e5c3804a503,7098,7098,-1002922797592,-1002922797592,,1,1,Основной,,2026-06-26T07:34:41+00:00,RULES_ONBOARDING,HARD_NO_MATERIAL,REJECT_SAFE,rules_or_onboarding_template;hard_rule_never_material_rules_onboarding_or_moderation,LOW,NONE,0.960,rules_onboarding_marker,,,,9,false,false,false,"Shhh, прежде чем писать в этом чате, подтвердите, что ознакомились с правилами."
msg-17473,snapshot-2e5c3804a503,6745,6745,-1001843792932,-1001843792932,,1,1,,,2026-06-26T06:48:38+00:00,RULES_ONBOARDING,HARD_NO_MATERIAL,REJECT_SAFE,rules_or_onboarding_template;hard_rule_never_material_rules_onboarding_or_moderation,LOW,NONE,0.960,rules_onboarding_marker,,,,40,false,false,false,"Добро пожаловать в стаю, @cmpxchg32b! Помощник ОМ — это твой путеводитель по сообществу. Внутри ты найдешь: - базу знаний - список всех доступных чатов и ресурсов - контакты поддержки, где всегда можно задать вопрос - карту всего вышедшего контента ❗️Обязательно пройди онбординг "
msg-17825,snapshot-2e5c3804a503,6350,6350,-1001112986405,-1001112986405,,17673748480,17673748480,,,2026-06-26T02:50:44+00:00,RULES_ONBOARDING,HARD_NO_MATERIAL,REJECT_SAFE,rules_or_onboarding_template;hard_rule_never_material_rules_onboarding_or_moderation,LOW,NONE,0.960,rules_onboarding_marker,,,,31,false,false,false,"Привет, Md! Добро пожаловать в чат «AI | Data Science | Machine learning»! Обязательно нажмите на кнопку иначе бот удалит вас из чата! Соблюдайте Правила группы. Любое нарушение наказуемо баном. И так же прочитайте закреп полностью."
msg-17827,snapshot-2e5c3804a503,6348,6348,-1001594483330,-1001594483330,,1,1,Флуд,,2026-06-26T02:44:37+00:00,RULES_ONBOARDING,HARD_NO_MATERIAL,REJECT_SAFE,rules_or_onboarding_template;hard_rule_never_material_rules_onboarding_or_moderation,LOW,NONE,0.960,rules_onboarding_marker,,,,49,false,false,false,"Добро пожаловать в стаю, @max_payne_in! Помощник ОМ — это твой путеводитель по сообществу. Внутри ты найдешь: - базу знаний - список всех доступных чатов и ресурсов - контакты поддержки, где всегда можно задать вопрос - карту всего вышедшего контента ❗️Обязательно пройди онбордин"
msg-17855,snapshot-2e5c3804a503,6319,6319,-1003380703217,-1003380703217,,14803795968,14803795968,,,2026-06-26T01:14:13+00:00,MODERATION_BOT_EVENT,HARD_NO_MATERIAL,REJECT_SAFE,moderation_or_ban_bot_event;hard_rule_never_material_rules_onboarding_or_moderation,LOW,NONE,0.930,rules_onboarding_marker,,,,19,false,false,false,"⛔ jullichkka, тебя заблокировали (Lols Ban) Пользователь отмечен к глобальной блокировке в боте (Lols ban) — подробнее о том, что делать в таком случае, можно почитать по ссылке."
msg-17863,snapshot-2e5c3804a503,6311,6311,-1001594483330,-1001594483330,,1,1,Флуд,,2026-06-26T00:39:23+00:00,RULES_ONBOARDING,HARD_NO_MATERIAL,REJECT_SAFE,rules_or_onboarding_template;hard_rule_never_material_rules_onboarding_or_moderation,LOW,NONE,0.960,rules_onboarding_marker,,,,49,false,false,false,"Добро пожаловать в стаю, @nookismile! Помощник ОМ — это твой путеводитель по сообществу. Внутри ты найдешь: - базу знаний - список всех доступных чатов и ресурсов - контакты поддержки, где всегда можно задать вопрос - карту всего вышедшего контента ❗️Обязательно пройди онбординг "
msg-18031,snapshot-2e5c3804a503,6129,6129,-1002922797592,-1002922797592,,1,1,Основной,,2026-06-25T22:27:46+00:00,RULES_ONBOARDING,HARD_NO_MATERIAL,REJECT_SAFE,rules_or_onboarding_template;hard_rule_never_material_rules_onboarding_or_moderation,LOW,NONE,0.960,rules_onboarding_marker,,,,9,false,false,false,"Julia, прежде чем писать в этом чате, подтвердите, что ознакомились с правилами."
msg-18126,snapshot-2e5c3804a503,6031,6031,-1001594483330,-1001594483330,,1,1,Флуд,,2026-06-25T22:11:02+00:00,RULES_ONBOARDING,HARD_NO_MATERIAL,REJECT_SAFE,rules_or_onboarding_template;hard_rule_never_material_rules_onboarding_or_moderation,LOW,NONE,0.960,rules_onboarding_marker,,,,49,false,false,false,"Добро пожаловать в стаю, @therearerealyou! Помощник ОМ — это твой путеводитель по сообществу. Внутри ты найдешь: - базу знаний - список всех доступных чатов и ресурсов - контакты поддержки, где всегда можно задать вопрос - карту всего вышедшего контента ❗️Обязательно пройди онбор"
msg-18144,snapshot-2e5c3804a503,6011,6011,-1003380703217,-1003380703217,,14799601664,14799601664,,,2026-06-25T22:07:16+00:00,MODERATION_BOT_EVENT,HARD_NO_MATERIAL,REJECT_SAFE,moderation_or_ban_bot_event;hard_rule_never_material_rules_onboarding_or_moderation,LOW,NONE,0.930,rules_onboarding_marker,,,,20,false,false,false,"⛔ mas shaar, тебя заблокировали (Lols Ban) Пользователь отмечен к глобальной блокировке в боте (Lols ban) — подробнее о том, что делать в таком случае, можно почитать по ссылке."
msg-18293,snapshot-2e5c3804a503,5778,5778,-1001594483330,-1001594483330,,1,1,Флуд,,2026-06-25T21:28:16+00:00,RULES_ONBOARDING,HARD_NO_MATERIAL,REJECT_SAFE,rules_or_onboarding_template;hard_rule_never_material_rules_onboarding_or_moderation,LOW,NONE,0.960,rules_onboarding_marker,,,,49,false,false,false,"Добро пожаловать в стаю, @saidxmm! Помощник ОМ — это твой путеводитель по сообществу. Внутри ты найдешь: - базу знаний - список всех доступных чатов и ресурсов - контакты поддержки, где всегда можно задать вопрос - карту всего вышедшего контента ❗️Обязательно пройди онбординг по "
msg-18356,snapshot-2e5c3804a503,5599,5599,-1001594483330,-1001594483330,,1,1,Флуд,,2026-06-25T21:15:50+00:00,RULES_ONBOARDING,HARD_NO_MATERIAL,REJECT_SAFE,rules_or_onboarding_template;hard_rule_never_material_rules_onboarding_or_moderation,LOW,NONE,0.960,rules_onboarding_marker,,,,49,false,false,false,"Добро пожаловать в стаю, @netwarlock! Помощник ОМ — это твой путеводитель по сообществу. Внутри ты найдешь: - базу знаний - список всех доступных чатов и ресурсов - контакты поддержки, где всегда можно задать вопрос - карту всего вышедшего контента ❗️Обязательно пройди онбординг "
msg-18731,snapshot-2e5c3804a503,5117,5117,-1003922856266,-1003922856266,,142,142,Флудилка,,2026-06-25T18:49:07+00:00,MODERATION_BOT_EVENT,HARD_NO_MATERIAL,REJECT_SAFE,moderation_or_ban_bot_event;hard_rule_never_material_rules_onboarding_or_moderation,LOW,NONE,0.930,rules_onboarding_marker,,,,17,false,false,false,"Парни, там опенроутер раскидал бан-письма массово рф юзерам, после 27.06 отъебнет Подскажите, есть адекватные аналоги роутера сейчас?"
msg-18775,snapshot-2e5c3804a503,5056,5056,-1002922797592,-1002922797592,,1,1,Основной,,2026-06-25T18:00:00+00:00,RULES_ONBOARDING,HARD_NO_MATERIAL,REJECT_SAFE,rules_or_onboarding_template;hard_rule_never_material_rules_onboarding_or_moderation,LOW,NONE,0.960,rules_onboarding_marker,,,,9,false,false,false,"Напоминаем: перед тем как писать в чате, ознакомьтесь с правилами и нажмите ""Я соглашаюсь""."
msg-18810,snapshot-2e5c3804a503,5040,5040,-1002922797592,-1002922797592,,1,1,Основной,,2026-06-25T16:46:16+00:00,RULES_ONBOARDING,HARD_NO_MATERIAL,REJECT_SAFE,rules_or_onboarding_template;hard_rule_never_material_rules_onboarding_or_moderation,LOW,NONE,0.960,rules_onboarding_marker,,,,6,false,false,false,"Max, сначала ознакомьтесь с правилами и нажмите ""Я соглашаюсь""."
msg-18893,snapshot-2e5c3804a503,4981,4981,7253508629,7253508629,,,,,,2026-06-25T15:29:04+00:00,RULES_ONBOARDING,HARD_NO_MATERIAL,REJECT_SAFE,rules_or_onboarding_template;hard_rule_never_material_rules_onboarding_or_moderation,LOW,NONE,0.960,rules_onboarding_marker,,,,3,false,false,false,"Добро пожаловать, агент!"
msg-18982,snapshot-2e5c3804a503,4880,4880,-1001689325273,-1001689325273,,1,1,,,2026-06-25T15:06:34+00:00,RULES_ONBOARDING,HARD_NO_MATERIAL,REJECT_SAFE,rules_or_onboarding_template;hard_rule_never_material_rules_onboarding_or_moderation,LOW,NONE,0.960,rules_onboarding_marker,,,,40,false,false,false,"Добро пожаловать в стаю, @RompbI4! Помощник ОМ — это твой путеводитель по сообществу. Внутри ты найдешь: - базу знаний - список всех доступных чатов и ресурсов - контакты поддержки, где всегда можно задать вопрос - карту всего вышедшего контента ❗️Обязательно пройди онбординг по "
msg-18985,snapshot-2e5c3804a503,4876,4876,-1001750348316,-1001750348316,,533139030016,533139030016,,,2026-06-25T15:06:01+00:00,RULES_ONBOARDING,HARD_NO_MATERIAL,REJECT_SAFE,rules_or_onboarding_template;hard_rule_never_material_rules_onboarding_or_moderation,LOW,NONE,0.960,rules_onboarding_marker,,,,53,false,false,false,"@RompbI4 Добро пожаловать! Этот чат станет для тебя теплой ламповой пещерой, где ты сможешь пообщаться на (почти) любые темы. Не стесняйся задавать вопросы, но возможно стоит сразу пойти в тематический чат. Если что, мы перенаправим тебя в нужную микростаю, где ты получишь необхо"
msg-19004,snapshot-2e5c3804a503,4851,4851,-1003859019358,-1003859019358,,,,,,2026-06-25T15:00:51+00:00,MODERATION_BOT_EVENT,HARD_NO_MATERIAL,REJECT_SAFE,moderation_or_ban_bot_event;hard_rule_never_material_rules_onboarding_or_moderation,LOW,NONE,0.930,rules_onboarding_marker,,claude,,63,false,false,false,"🚫 Массовые блокировки ChatGPT Pro через Google Play OpenAI начала масштабную блокировку подписок ChatGPT Pro, оформленных через Google Play Store по «серым» схемам. Под удар попали и добросовестные пользователи, привязавшие личные карты. Сообщается о росте цен на аккаунты у перек"
msg-19065,snapshot-2e5c3804a503,4753,4753,-1002031392597,-1002031392597,,14878244864,14878244864,,,2026-06-25T14:39:10+00:00,RULES_ONBOARDING,HARD_NO_MATERIAL,REJECT_SAFE,rules_or_onboarding_template;hard_rule_never_material_rules_onboarding_or_moderation,LOW,NONE,0.960,rules_onboarding_marker,t.me,,,47,true,false,false,"Добро пожаловать в стаю, @RompbI4! Помощник ОМ — это твой путеводитель по сообществу. Внутри ты найдешь: - базу знаний - список всех доступных чатов и ресурсов - контакты поддержки, где всегда можно задать вопрос - карту всего вышедшего контента ❗️Обязательно пройди онбординг по "
msg-19091,snapshot-2e5c3804a503,4715,4715,-1001594483330,-1001594483330,,1,1,Флуд,,2026-06-25T14:30:45+00:00,RULES_ONBOARDING,HARD_NO_MATERIAL,REJECT_SAFE,rules_or_onboarding_template;hard_rule_never_material_rules_onboarding_or_moderation,LOW,NONE,0.960,rules_onboarding_marker,,,,49,false,false,false,"Добро пожаловать в стаю, @vadikzaitsev! Помощник ОМ — это твой путеводитель по сообществу. Внутри ты найдешь: - базу знаний - список всех доступных чатов и ресурсов - контакты поддержки, где всегда можно задать вопрос - карту всего вышедшего контента ❗️Обязательно пройди онбордин"
msg-19108,snapshot-2e5c3804a503,4696,4696,-1001689325273,-1001689325273,,1,1,,,2026-06-25T14:26:41+00:00,RULES_ONBOARDING,HARD_NO_MATERIAL,REJECT_SAFE,rules_or_onboarding_template;hard_rule_never_material_rules_onboarding_or_moderation,LOW,NONE,0.960,rules_onboarding_marker,,,,40,false,false,false,"Добро пожаловать в стаю, @coeur_de! Помощник ОМ — это твой путеводитель по сообществу. Внутри ты найдешь: - базу знаний - список всех доступных чатов и ресурсов - контакты поддержки, где всегда можно задать вопрос - карту всего вышедшего контента ❗️Обязательно пройди онбординг по"
msg-19173,snapshot-2e5c3804a503,4629,4629,-1002922797592,-1002922797592,,1,1,Основной,,2026-06-25T14:17:58+00:00,RULES_ONBOARDING,HARD_NO_MATERIAL,REJECT_SAFE,rules_or_onboarding_template;hard_rule_never_material_rules_onboarding_or_moderation,LOW,NONE,0.960,rules_onboarding_marker,,,,10,false,false,false,"Dmitry | Wellwon, прежде чем писать в этом чате, подтвердите, что ознакомились с правилами."
msg-19181,snapshot-2e5c3804a503,4619,4619,-1001879618621,-1001879618621,,10128195584,10128195584,,,2026-06-25T14:15:48+00:00,RULES_ONBOARDING,HARD_NO_MATERIAL,REJECT_SAFE,rules_or_onboarding_template;hard_rule_never_material_rules_onboarding_or_moderation,LOW,NONE,0.960,rules_onboarding_marker,,,,40,false,false,false,"Добро пожаловать в стаю, @cmpxchg32b! Помощник ОМ — это твой путеводитель по сообществу. Внутри ты найдешь: - базу знаний - список всех доступных чатов и ресурсов - контакты поддержки, где всегда можно задать вопрос - карту всего вышедшего контента ❗️Обязательно пройди онбординг "
msg-19183,snapshot-2e5c3804a503,4617,4617,-1001594483330,-1001594483330,,1,1,Флуд,,2026-06-25T14:15:36+00:00,RULES_ONBOARDING,HARD_NO_MATERIAL,REJECT_SAFE,rules_or_onboarding_template;hard_rule_never_material_rules_onboarding_or_moderation,LOW,NONE,0.960,rules_onboarding_marker,,,,49,false,false,false,"Добро пожаловать в стаю, @cmpxchg32b! Помощник ОМ — это твой путеводитель по сообществу. Внутри ты найдешь: - базу знаний - список всех доступных чатов и ресурсов - контакты поддержки, где всегда можно задать вопрос - карту всего вышедшего контента ❗️Обязательно пройди онбординг "
msg-19225,snapshot-2e5c3804a503,4566,4566,-1001594483330,-1001594483330,,1,1,Флуд,,2026-06-25T14:00:20+00:00,RULES_ONBOARDING,HARD_NO_MATERIAL,REJECT_SAFE,rules_or_onboarding_template;hard_rule_never_material_rules_onboarding_or_moderation,LOW,NONE,0.960,rules_onboarding_marker,,,,49,false,false,false,"Добро пожаловать в стаю, @h4rddos! Помощник ОМ — это твой путеводитель по сообществу. Внутри ты найдешь: - базу знаний - список всех доступных чатов и ресурсов - контакты поддержки, где всегда можно задать вопрос - карту всего вышедшего контента ❗️Обязательно пройди онбординг по "
msg-19231,snapshot-2e5c3804a503,4559,4559,-1001594483330,-1001594483330,,1,1,Флуд,,2026-06-25T13:56:45+00:00,RULES_ONBOARDING,HARD_NO_MATERIAL,REJECT_SAFE,rules_or_onboarding_template;hard_rule_never_material_rules_onboarding_or_moderation,LOW,NONE,0.960,rules_onboarding_marker,,,,49,false,false,false,"Добро пожаловать в стаю, @Ognyahskiy! Помощник ОМ — это твой путеводитель по сообществу. Внутри ты найдешь: - базу знаний - список всех доступных чатов и ресурсов - контакты поддержки, где всегда можно задать вопрос - карту всего вышедшего контента ❗️Обязательно пройди онбординг "
msg-19246,snapshot-2e5c3804a503,4545,4545,-1001594483330,-1001594483330,,1,1,Флуд,,2026-06-25T13:52:03+00:00,RULES_ONBOARDING,HARD_NO_MATERIAL,REJECT_SAFE,rules_or_onboarding_template;hard_rule_never_material_rules_onboarding_or_moderation,LOW,NONE,0.960,rules_onboarding_marker,,,,49,false,false,false,"Добро пожаловать в стаю, @Ognyahskiy! Помощник ОМ — это твой путеводитель по сообществу. Внутри ты найдешь: - базу знаний - список всех доступных чатов и ресурсов - контакты поддержки, где всегда можно задать вопрос - карту всего вышедшего контента ❗️Обязательно пройди онбординг "
msg-19250,snapshot-2e5c3804a503,4540,4540,-1001594483330,-1001594483330,,1,1,Флуд,,2026-06-25T13:46:52+00:00,RULES_ONBOARDING,HARD_NO_MATERIAL,REJECT_SAFE,rules_or_onboarding_template;hard_rule_never_material_rules_onboarding_or_moderation,LOW,NONE,0.960,rules_onboarding_marker,,,,49,false,false,false,"Добро пожаловать в стаю, @vldmrkrvc! Помощник ОМ — это твой путеводитель по сообществу. Внутри ты найдешь: - базу знаний - список всех доступных чатов и ресурсов - контакты поддержки, где всегда можно задать вопрос - карту всего вышедшего контента ❗️Обязательно пройди онбординг п"
msg-19342,snapshot-2e5c3804a503,4447,4447,-1001750348316,-1001750348316,,533134835712,533134835712,,,2026-06-25T13:05:50+00:00,RULES_ONBOARDING,HARD_NO_MATERIAL,REJECT_SAFE,rules_or_onboarding_template;hard_rule_never_material_rules_onboarding_or_moderation,LOW,NONE,0.960,rules_onboarding_marker,,,BFG9KGG,53,false,false,false,"@BFG9KGG Добро пожаловать! Этот чат станет для тебя теплой ламповой пещерой, где ты сможешь пообщаться на (почти) любые темы. Не стесняйся задавать вопросы, но возможно стоит сразу пойти в тематический чат. Если что, мы перенаправим тебя в нужную микростаю, где ты получишь необхо"
msg-19404,snapshot-2e5c3804a503,4298,4298,-1001594483330,-1001594483330,,1,1,Флуд,,2026-06-25T12:42:59+00:00,RULES_ONBOARDING,HARD_NO_MATERIAL,REJECT_SAFE,rules_or_onboarding_template;hard_rule_never_material_rules_onboarding_or_moderation,LOW,NONE,0.960,rules_onboarding_marker,,,,49,false,false,false,"Добро пожаловать в стаю, @vasiliy0s! Помощник ОМ — это твой путеводитель по сообществу. Внутри ты найдешь: - базу знаний - список всех доступных чатов и ресурсов - контакты поддержки, где всегда можно задать вопрос - карту всего вышедшего контента ❗️Обязательно пройди онбординг п"
msg-19415,snapshot-2e5c3804a503,4284,4284,-1003980547389,-1003980547389,,983564288,983564288,,,2026-06-25T12:37:12+00:00,RULES_ONBOARDING,HARD_NO_MATERIAL,REJECT_SAFE,rules_or_onboarding_template;hard_rule_never_material_rules_onboarding_or_moderation,LOW,NONE,0.960,rules_onboarding_marker,discord.gg,,,114,true,false,false,"AuroraWorld — скоро открытие ⚡️ Добро пожаловать, уважаемые игроки сервера AuroraWorld! 🙂 Прямо сейчас мы занимаемся созданием нового гриферского сервера на версии 1.21.11 ⛏️. Мы хотим сделать ламповый и уютный проект, где каждый сможет просто играть в своё удовольствие — строить"
msg-19491,snapshot-2e5c3804a503,4196,4196,-1002922797592,-1002922797592,,1,1,Основной,,2026-06-25T12:10:16+00:00,RULES_ONBOARDING,HARD_NO_MATERIAL,REJECT_SAFE,rules_or_onboarding_template;hard_rule_never_material_rules_onboarding_or_moderation,LOW,NONE,0.960,rules_onboarding_marker,,,,9,false,false,false,"Viktor, прежде чем писать в этом чате, подтвердите, что ознакомились с правилами."
msg-19506,snapshot-2e5c3804a503,4176,4176,-1001689325273,-1001689325273,,1,1,,,2026-06-25T11:59:29+00:00,RULES_ONBOARDING,HARD_NO_MATERIAL,REJECT_SAFE,rules_or_onboarding_template;hard_rule_never_material_rules_onboarding_or_moderation,LOW,NONE,0.960,rules_onboarding_marker,,,,40,false,false,false,"Добро пожаловать в стаю, @egorouv! Помощник ОМ — это твой путеводитель по сообществу. Внутри ты найдешь: - базу знаний - список всех доступных чатов и ресурсов - контакты поддержки, где всегда можно задать вопрос - карту всего вышедшего контента ❗️Обязательно пройди онбординг по "
msg-19524,snapshot-2e5c3804a503,4155,4155,-1002922797592,-1002922797592,,1,1,Основной,,2026-06-25T11:53:36+00:00,RULES_ONBOARDING,HARD_NO_MATERIAL,REJECT_SAFE,rules_or_onboarding_template;hard_rule_never_material_rules_onboarding_or_moderation,LOW,NONE,0.960,rules_onboarding_marker,,,,8,false,false,false,"....., прежде чем писать в этом чате, подтвердите, что ознакомились с правилами."
msg-19584,snapshot-2e5c3804a503,3936,3936,-1001594483330,-1001594483330,,1,1,Флуд,,2026-06-25T11:40:55+00:00,RULES_ONBOARDING,HARD_NO_MATERIAL,REJECT_SAFE,rules_or_onboarding_template;hard_rule_never_material_rules_onboarding_or_moderation,LOW,NONE,0.960,rules_onboarding_marker,,,,29,false,false,false,"попробуй тогда скормить агенту последние ~10к из чата Резюме и на их основе сформировать правила для упаковки У меня например нет гайда как правильно делать с нуля, но есть пакет советов как конкретно делать не надо для прожарок"
msg-19619,snapshot-2e5c3804a503,3773,3773,-1003980547389,-1003980547389,,937426944,937426944,,,2026-06-25T11:33:16+00:00,MODERATION_BOT_EVENT,HARD_NO_MATERIAL,REJECT_SAFE,moderation_or_ban_bot_event;hard_rule_never_material_rules_onboarding_or_moderation,LOW,NONE,0.930,rules_onboarding_marker,,,,4,false,false,false,а он как телка тебя в бан кинул
msg-19753,snapshot-2e5c3804a503,3775,3775,-1001371602184,-1001371602184,,224407846912,224407846912,,,2026-06-25T09:38:02+00:00,RULES_ONBOARDING,HARD_NO_MATERIAL,REJECT_SAFE,rules_or_onboarding_template;hard_rule_never_material_rules_onboarding_or_moderation,LOW,NONE,0.960,rules_onboarding_marker,forms.gle,,FMCG,186,true,false,false,"Исследование для бренд-менеджеров и аналитиков рынка FMCG / Non-Food Приветствуем! Мы развиваем аналитические инструменты для партнеров и хотим понять, как бренды сегодня работают с данными, какие задачи решают и какой информации им не хватает. На основе интервью мы создадим анал"
