lab_message_id,raw_id,route,short_decision,has_reply,entity_count,preview
msg-00004,25750,CONTEXT_ONLY,CONTEXT_ONLY,False,0,Мощни
msg-00006,25749,CONTEXT_ONLY,CONTEXT_ONLY,False,0,да
msg-00009,25741,CONTEXT_ONLY,CONTEXT_ONLY,False,0,hero sms
msg-00010,25744,CONTEXT_ONLY,CONTEXT_ONLY,False,0,угу
msg-00011,25743,CONTEXT_ONLY,CONTEXT_ONLY,False,0,С шорта?
msg-00012,25742,CONTEXT_ONLY,CONTEXT_ONLY,False,0,пока 20%+
msg-00014,25739,CONTEXT_ONLY,CONTEXT_ONLY,False,0,кайф
msg-00015,25736,SIGNAL_ONLY,CONTEXT_ONLY,False,1,Это касается только GPT 5.4
msg-00016,25738,CONTEXT_ONLY,CONTEXT_ONLY,False,0,Классика
msg-00017,25737,CONTEXT_ONLY,CONTEXT_ONLY,False,0,Когда тебя выбьет/ликвидирует
msg-00018,25734,CONTEXT_ONLY,CONTEXT_ONLY,False,0,Пожалуйста
msg-00019,25735,CONTEXT_ONLY,ATTACH_AS_CORROBORATING_EVIDENCE,False,0,чВ
msg-00020,25732,CONTEXT_ONLY,ATTACH_AS_CORROBORATING_EVIDENCE,False,0,Лучше самому посмотреть
msg-00021,25731,CONTEXT_ONLY,CONTEXT_ONLY,False,0,Много спойлеров хапонула
msg-00022,25730,CONTEXT_ONLY,CONTEXT_ONLY,False,0,Вот это ух ох
msg-00024,25728,CONTEXT_ONLY,CONTEXT_ONLY,False,0,когда пролив свеча уже будет...
msg-00029,25724,CONTEXT_ONLY,CONTEXT_ONLY,False,0,Поэтому пусть падает
msg-00030,25720,CONTEXT_ONLY,CONTEXT_ONLY,False,0,а как запрос там считается?
msg-00034,25718,CONTEXT_ONLY,CONTEXT_ONLY,False,0,ладно
msg-00035,25717,CONTEXT_ONLY,CONTEXT_ONLY,False,0,блять
msg-00038,25714,CONTEXT_ONLY,ATTACH_AS_CORROBORATING_EVIDENCE,False,0,актуально
msg-00042,25710,CONTEXT_ONLY,ATTACH_AS_CORROBORATING_EVIDENCE,False,0,нихуя вопросики
msg-00044,25708,CONTEXT_ONLY,CONTEXT_ONLY,False,0,Попросист
msg-00045,25707,CONTEXT_ONLY,CONTEXT_ONLY,False,0,при том что у меня гермес
msg-00046,25705,CONTEXT_ONLY,CONTEXT_ONLY,False,0,там защита есть?
msg-00048,25704,CONTEXT_ONLY,CONTEXT_ONLY,False,0,из 1000
msg-00050,25703,CONTEXT_ONLY,CONTEXT_ONLY,False,0,частный(
msg-00052,25700,CONTEXT_ONLY,CONTEXT_ONLY,False,0,твинки сделай
msg-00053,25699,CONTEXT_ONLY,CONTEXT_ONLY,False,0,Не
msg-00054,25698,CONTEXT_ONLY,CONTEXT_ONLY,False,0,я нашёл
msg-00056,25697,CONTEXT_ONLY,CONTEXT_ONLY,False,0,это платный канал с обуча?
msg-00057,25695,CONTEXT_ONLY,CONTEXT_ONLY,False,0,мало
msg-00059,25693,CONTEXT_ONLY,ATTACH_AS_CORROBORATING_EVIDENCE,False,0,сыллку?
msg-00061,25690,CONTEXT_ONLY,ATTACH_AS_CORROBORATING_EVIDENCE,False,0,тевили
msg-00062,25691,CONTEXT_ONLY,CONTEXT_ONLY,False,0,🥺🥺🥺
msg-00064,25689,CONTEXT_ONLY,CONTEXT_ONLY,False,0,Главное не 76
msg-00065,25688,CONTEXT_ONLY,CONTEXT_ONLY,False,0,я тоже
msg-00067,25686,CONTEXT_ONLY,CONTEXT_ONLY,False,0,Я в шорте уже
msg-00069,25683,CONTEXT_ONLY,ATTACH_AS_CORROBORATING_EVIDENCE,False,1,@xoskaz не знаешь?
msg-00072,25680,CONTEXT_ONLY,CONTEXT_ONLY,False,0,Лучше б старлинц разлочили 😁
msg-00073,25679,CONTEXT_ONLY,ATTACH_AS_CORROBORATING_EVIDENCE,False,0,сервис хз
msg-00074,25678,CONTEXT_ONLY,ATTACH_AS_CORROBORATING_EVIDENCE,False,0,я это скопировал просто
msg-00076,25676,CONTEXT_ONLY,CONTEXT_ONLY,False,0,спс за поддержку
msg-00077,25675,CONTEXT_ONLY,CONTEXT_ONLY,False,0,надо посмотреть его канал
msg-00078,25674,CONTEXT_ONLY,CONTEXT_ONLY,False,0,хм
msg-00079,25673,CONTEXT_ONLY,CONTEXT_ONLY,False,0,Поешь идк
msg-00081,25671,CONTEXT_ONLY,CONTEXT_ONLY,False,0,Тупо во всё попал
msg-00085,25667,CONTEXT_ONLY,CONTEXT_ONLY,False,0,Чел гений
msg-00088,25664,CONTEXT_ONLY,CONTEXT_ONLY,False,0,А что было 😃
msg-00094,25658,CONTEXT_ONLY,CONTEXT_ONLY,False,0,красава
msg-00095,25657,CONTEXT_ONLY,CONTEXT_ONLY,False,0,я ему написал
msg-00096,25656,CONTEXT_ONLY,CONTEXT_ONLY,False,0,ну хоть так
msg-00097,25655,CONTEXT_ONLY,CONTEXT_ONLY,False,0,а о
msg-00098,25654,CONTEXT_ONLY,CONTEXT_ONLY,False,0,он повысил
msg-00099,25653,CONTEXT_ONLY,CONTEXT_ONLY,False,0,"понял, нейрогейт тогда"
msg-00103,25647,CONTEXT_ONLY,CONTEXT_ONLY,False,0,Ого
msg-00107,25641,CONTEXT_ONLY,CONTEXT_ONLY,False,0,имел ввиду это
msg-00110,25637,CONTEXT_ONLY,CONTEXT_ONLY,False,0,я не сказал что плохо
msg-00111,25636,CONTEXT_ONLY,CONTEXT_ONLY,False,0,не сделаю
msg-00112,25635,CONTEXT_ONLY,CONTEXT_ONLY,False,0,лижи
msg-00113,25634,CONTEXT_ONLY,CONTEXT_ONLY,False,0,Лучше сделай
msg-00114,25633,CONTEXT_ONLY,CONTEXT_ONLY,False,0,Соси
msg-00116,25631,CONTEXT_ONLY,CONTEXT_ONLY,False,0,но да молодец
msg-00117,25630,CONTEXT_ONLY,CONTEXT_ONLY,False,0,мдо 15 фпс
msg-00118,25629,CONTEXT_ONLY,CONTEXT_ONLY,False,0,requests per minute
msg-00119,25628,CONTEXT_ONLY,CONTEXT_ONLY,False,0,Умничка анимировал
msg-00120,25627,CONTEXT_ONLY,CONTEXT_ONLY,False,0,что такое рпи
msg-00121,25626,CONTEXT_ONLY,ATTACH_AS_CORROBORATING_EVIDENCE,False,0,Глянь видео 9 сек
msg-00123,25624,CONTEXT_ONLY,CONTEXT_ONLY,False,0,Все видели уже ?
msg-00124,25623,CONTEXT_ONLY,CONTEXT_ONLY,False,0,должно сразу проходить
msg-00125,25622,CONTEXT_ONLY,CONTEXT_ONLY,False,0,пробуй без r-
msg-00126,25621,CONTEXT_ONLY,CONTEXT_ONLY,False,0,тебя освою щас
msg-00129,25618,CONTEXT_ONLY,CONTEXT_ONLY,False,0,не по видео
msg-00130,25617,CONTEXT_ONLY,CONTEXT_ONLY,False,0,но по другом
msg-00131,25616,CONTEXT_ONLY,CONTEXT_ONLY,False,0,вот это я освоил
msg-00132,25615,CONTEXT_ONLY,CONTEXT_ONLY,False,0,о
msg-00133,25614,CONTEXT_ONLY,CONTEXT_ONLY,False,0,Ещё реки
msg-00138,25609,CONTEXT_ONLY,CONTEXT_ONLY,False,0,она тебя убивает
msg-00139,25608,CONTEXT_ONLY,CONTEXT_ONLY,False,0,поняла?
msg-00141,25606,CONTEXT_ONLY,CONTEXT_ONLY,False,0,Реки
msg-00145,25602,CONTEXT_ONLY,CONTEXT_ONLY,False,0,а прошка сильно дорогая
msg-00146,25601,CONTEXT_ONLY,CONTEXT_ONLY,False,0,это пизда
msg-00147,25600,CONTEXT_ONLY,CONTEXT_ONLY,False,0,"а, ну это неюзабельно тогда"
msg-00148,25599,CONTEXT_ONLY,CONTEXT_ONLY,False,0,лайт чек
msg-00149,25596,CONTEXT_ONLY,CONTEXT_ONLY,False,0,10?
msg-00153,25593,CONTEXT_ONLY,CONTEXT_ONLY,False,0,иначе это пиздец)))
msg-00154,25592,CONTEXT_ONLY,CONTEXT_ONLY,False,0,надеюсь это временно))
msg-00155,25591,CONTEXT_ONLY,CONTEXT_ONLY,False,0,еще и рпм 10 стал
msg-00159,25586,CONTEXT_ONLY,CONTEXT_ONLY,False,0,бляяя
msg-00161,25584,CONTEXT_ONLY,CONTEXT_ONLY,False,0,там не поонанируешь
msg-00162,25583,CONTEXT_ONLY,CONTEXT_ONLY,False,0,фу тогда
msg-00163,25582,CONTEXT_ONLY,CONTEXT_ONLY,False,0,а
msg-00164,25581,CONTEXT_ONLY,CONTEXT_ONLY,False,0,ТАК ОН РАССКАЗЫВАЕТ КРИНЖОВО
msg-00165,25580,CONTEXT_ONLY,CONTEXT_ONLY,False,0,задрочу
msg-00168,25577,CONTEXT_ONLY,CONTEXT_ONLY,False,0,ААХАХАХАХАХАА
msg-00175,25569,CONTEXT_ONLY,CONTEXT_ONLY,False,0,ВЕРСИЮ
msg-00176,25568,CONTEXT_ONLY,CONTEXT_ONLY,False,0,ЭТУ
msg-00177,25567,CONTEXT_ONLY,CONTEXT_ONLY,False,0,Я ХОЧУ
msg-00178,25566,CONTEXT_ONLY,CONTEXT_ONLY,False,0,АХАХАААХАХХА
msg-00179,25565,CONTEXT_ONLY,CONTEXT_ONLY,False,0,ЭТО ЧТО
msg-00181,25563,CONTEXT_ONLY,CONTEXT_ONLY,False,0,Там ещё переговоры отменили
msg-00182,25562,CONTEXT_ONLY,CONTEXT_ONLY,False,0,а ну или так
msg-00185,25558,CONTEXT_ONLY,CONTEXT_ONLY,False,0,Он уже сказал все
msg-00187,25556,CONTEXT_ONLY,CONTEXT_ONLY,False,0,но ждем пока.
msg-00188,25555,CONTEXT_ONLY,CONTEXT_ONLY,False,0,походу шорт
msg-00194,25549,CONTEXT_ONLY,CONTEXT_ONLY,False,0,Это подарки с Краснодара)
msg-00196,25547,CONTEXT_ONLY,CONTEXT_ONLY,False,0,кайф пенка
msg-00197,25546,CONTEXT_ONLY,CONTEXT_ONLY,False,0,ммммм
msg-00199,25543,CONTEXT_ONLY,CONTEXT_ONLY,False,0,С этим заработало
msg-00200,25542,CONTEXT_ONLY,CONTEXT_ONLY,False,0,типа перепутал
msg-00201,25540,CONTEXT_ONLY,CONTEXT_ONLY,False,0,или типа инцест
msg-00204,25538,CONTEXT_ONLY,CONTEXT_ONLY,False,0,мдорий
msg-00205,25537,CONTEXT_ONLY,CONTEXT_ONLY,False,0,а
msg-00206,25536,CONTEXT_ONLY,CONTEXT_ONLY,False,0,Это я давн
msg-00207,25535,CONTEXT_ONLY,CONTEXT_ONLY,False,0,В слове сын одна о
msg-00209,25533,CONTEXT_ONLY,CONTEXT_ONLY,False,0,я давн
msg-00210,25532,CONTEXT_ONLY,CONTEXT_ONLY,False,0,Мдо
msg-00211,25529,CONTEXT_ONLY,CONTEXT_ONLY,False,0,скоро
msg-00215,25527,CONTEXT_ONLY,CONTEXT_ONLY,False,0,все пон
msg-00216,25526,CONTEXT_ONLY,CONTEXT_ONLY,False,0,ааааааааааааааааааааааааааааааааааааааааааа
msg-00217,25525,CONTEXT_ONLY,CONTEXT_ONLY,False,0,ну я и говорю
msg-00218,25524,CONTEXT_ONLY,CONTEXT_ONLY,False,0,возвращайся скорее домой
msg-00219,25523,CONTEXT_ONLY,CONTEXT_ONLY,False,0,Да
msg-00220,25522,CONTEXT_ONLY,CONTEXT_ONLY,False,0,при тут опенаи
msg-00222,25519,CONTEXT_ONLY,CONTEXT_ONLY,False,0,come home soon
msg-00223,25518,CONTEXT_ONLY,CONTEXT_ONLY,False,0,Текст прочитай ужс
msg-00226,25514,CONTEXT_ONLY,CONTEXT_ONLY,False,0,мдо тыкми
msg-00227,25512,CONTEXT_ONLY,CONTEXT_ONLY,False,0,мдо пикми
msg-00229,25510,CONTEXT_ONLY,CONTEXT_ONLY,False,0,И кружечкой пенного
msg-00230,25508,CONTEXT_ONLY,CONTEXT_ONLY,False,0,В веником то заебись
msg-00231,25507,CONTEXT_ONLY,CONTEXT_ONLY,False,0,Отличное фото! :)
msg-00232,25506,CONTEXT_ONLY,CONTEXT_ONLY,False,0,мб залетит чёт
msg-00233,25505,CONTEXT_ONLY,CONTEXT_ONLY,False,0,пробуй
msg-00234,25504,CONTEXT_ONLY,CONTEXT_ONLY,False,0,а тут жара
msg-00238,25499,NEEDS_ENRICHMENT,CONTEXT_ONLY,False,1,https://github.com/makerspet/oomwoo/
msg-00240,25497,CONTEXT_ONLY,CONTEXT_ONLY,False,0,Отправляйте вентилятор )
msg-00247,25489,CONTEXT_ONLY,CONTEXT_ONLY,False,0,без домогательств
msg-00249,25488,CONTEXT_ONLY,CONTEXT_ONLY,False,0,я просто
msg-00250,25487,CONTEXT_ONLY,CONTEXT_ONLY,False,0,ты ж рассказывал
msg-00251,25486,CONTEXT_ONLY,CONTEXT_ONLY,False,0,та шучу я
msg-00252,25485,CONTEXT_ONLY,CONTEXT_ONLY,False,0,хаахахах
msg-00253,25484,CONTEXT_ONLY,CONTEXT_ONLY,False,0,не
msg-00254,25483,CONTEXT_ONLY,CONTEXT_ONLY,False,0,))))
msg-00256,25481,CONTEXT_ONLY,CONTEXT_ONLY,False,0,а мне артур передал
msg-00257,25480,CONTEXT_ONLY,CONTEXT_ONLY,False,0,братан
msg-00258,25479,CONTEXT_ONLY,CONTEXT_ONLY,False,0,дотянет надеюсь
msg-00259,25478,CONTEXT_ONLY,CONTEXT_ONLY,False,0,будет обидно если не дотянет
msg-00260,25477,CONTEXT_ONLY,CONTEXT_ONLY,False,0,ебануться
msg-00261,25476,CONTEXT_ONLY,CONTEXT_ONLY,False,0,Встал упал
msg-00262,25475,CONTEXT_ONLY,CONTEXT_ONLY,False,0,Так уже 3й день так
msg-00264,25473,CONTEXT_ONLY,CONTEXT_ONLY,False,0,какаяя у вас погода
msg-00267,25470,CONTEXT_ONLY,CONTEXT_ONLY,False,0,Дом у него большой
msg-00268,25469,CONTEXT_ONLY,CONTEXT_ONLY,False,0,Выебон ходячий
msg-00269,25468,CONTEXT_ONLY,CONTEXT_ONLY,False,0,Слышишь ты нахуй
msg-00270,25467,CONTEXT_ONLY,CONTEXT_ONLY,False,0,Кайф лютый
msg-00271,25466,CONTEXT_ONLY,CONTEXT_ONLY,False,0,Да там за 40
msg-00276,25460,CONTEXT_ONLY,CONTEXT_ONLY,False,0,Хаахахах
msg-00277,25459,CONTEXT_ONLY,CONTEXT_ONLY,False,0,Но это пизда конечно
msg-00279,25457,CONTEXT_ONLY,CONTEXT_ONLY,False,0,Географ
msg-00281,25455,CONTEXT_ONLY,CONTEXT_ONLY,False,0,Я тоже хахаха
msg-00283,25453,CONTEXT_ONLY,CONTEXT_ONLY,False,0,Ну как сказать
msg-00284,25452,CONTEXT_ONLY,CONTEXT_ONLY,False,0,Вы же недалеко
msg-00286,25450,CONTEXT_ONLY,CONTEXT_ONLY,False,0,Хахаха
msg-00288,25448,CONTEXT_ONLY,CONTEXT_ONLY,False,0,Норм у вас там ебашит
msg-00289,25445,CONTEXT_ONLY,CONTEXT_ONLY,False,0,Да
msg-00290,25444,CONTEXT_ONLY,CONTEXT_ONLY,False,0,У батьки?
msg-00293,25443,CONTEXT_ONLY,CONTEXT_ONLY,False,0,ДОМА НАХУЙ
msg-00294,25442,CONTEXT_ONLY,CONTEXT_ONLY,False,0,Не поверишь
msg-00299,25437,CONTEXT_ONLY,CONTEXT_ONLY,False,0,"О, увидел что Дафук написал"
msg-00300,25436,CONTEXT_ONLY,CONTEXT_ONLY,False,0,Наказан
msg-00301,25432,CONTEXT_ONLY,CONTEXT_ONLY,False,0,Хуя
msg-00302,25435,CONTEXT_ONLY,CONTEXT_ONLY,False,0,Как зимой
msg-00303,25434,CONTEXT_ONLY,CONTEXT_ONLY,False,0,Ночью +23
msg-00305,25433,CONTEXT_ONLY,CONTEXT_ONLY,False,0,Факт
msg-00306,25430,CONTEXT_ONLY,CONTEXT_ONLY,False,0,жес
msg-00308,25428,CONTEXT_ONLY,CONTEXT_ONLY,False,0,но анлак кнш
msg-00309,25427,CONTEXT_ONLY,CONTEXT_ONLY,False,0,понял
msg-00310,25426,CONTEXT_ONLY,CONTEXT_ONLY,False,0,ааа
msg-00311,25424,CONTEXT_ONLY,CONTEXT_ONLY,False,0,ебать ты
msg-00312,25425,CONTEXT_ONLY,CONTEXT_ONLY,False,0,Что я пропустил
msg-00313,25423,CONTEXT_ONLY,CONTEXT_ONLY,False,0,Падлы
msg-00315,25421,CONTEXT_ONLY,CONTEXT_ONLY,False,0,Первый штраф((((
msg-00316,25420,CONTEXT_ONLY,CONTEXT_ONLY,False,0,Да бля
msg-00317,25416,CONTEXT_ONLY,CONTEXT_ONLY,False,0,я пофармлю
msg-00320,25414,CONTEXT_ONLY,CONTEXT_ONLY,False,0,ема там мало
msg-00322,25413,CONTEXT_ONLY,CONTEXT_ONLY,False,0,аххааахах
msg-00330,25404,CONTEXT_ONLY,CONTEXT_ONLY,False,0,Кажись ещё 1 ресет был
msg-00332,25402,CONTEXT_ONLY,CONTEXT_ONLY,False,0,какое алиби)
msg-00335,25399,CONTEXT_ONLY,CONTEXT_ONLY,False,0,ну там гптшка 5.5 была
msg-00341,25394,CONTEXT_ONLY,CONTEXT_ONLY,False,0,наверное угнал
msg-00346,25388,CONTEXT_ONLY,CONTEXT_ONLY,False,0,слабо
msg-00350,25384,CONTEXT_ONLY,CONTEXT_ONLY,False,0,дадада
msg-00351,25383,CONTEXT_ONLY,CONTEXT_ONLY,False,0,дом
msg-00352,25382,CONTEXT_ONLY,CONTEXT_ONLY,False,0,беда. берем кодекс?
msg-00355,25380,CONTEXT_ONLY,CONTEXT_ONLY,False,0,держи братан
msg-00356,25379,CONTEXT_ONLY,CONTEXT_ONLY,False,0,🎣
msg-00358,25375,CONTEXT_ONLY,CONTEXT_ONLY,False,0,r-api юзай
msg-00359,25376,CONTEXT_ONLY,CONTEXT_ONLY,False,0,дайте удочку
msg-00360,25374,CONTEXT_ONLY,CONTEXT_ONLY,False,0,В чате чел был
msg-00364,25370,CONTEXT_ONLY,CONTEXT_ONLY,False,1,@storelzt чекни личку
msg-00365,25369,CONTEXT_ONLY,CONTEXT_ONLY,False,0,Так это не Дэвид делал)
msg-00367,25368,CONTEXT_ONLY,CONTEXT_ONLY,False,0,"О, найс"
msg-00372,25362,CONTEXT_ONLY,CONTEXT_ONLY,False,0,Усыновили)
msg-00374,25360,CONTEXT_ONLY,CONTEXT_ONLY,False,0,аааа
msg-00376,25358,CONTEXT_ONLY,CONTEXT_ONLY,False,0,Тоже интересно
msg-00378,25356,CONTEXT_ONLY,CONTEXT_ONLY,False,0,Вроде так
msg-00381,25353,CONTEXT_ONLY,ATTACH_AS_CORROBORATING_EVIDENCE,False,0,r-api?
msg-00382,25352,CONTEXT_ONLY,CONTEXT_ONLY,False,0,маски шоу?
msg-00384,25350,CONTEXT_ONLY,CONTEXT_ONLY,False,0,+кеши работает зашибись
msg-00385,25348,CONTEXT_ONLY,ATTACH_AS_CORROBORATING_EVIDENCE,False,0,Не отвечает 5.5
msg-00389,25344,CONTEXT_ONLY,CONTEXT_ONLY,False,0,хватаем пока дают
msg-00390,25343,CONTEXT_ONLY,CONTEXT_ONLY,False,0,лимитированное издание
msg-00394,25339,CONTEXT_ONLY,CONTEXT_ONLY,False,0,ебать красиво сравнил
msg-00395,25335,CONTEXT_ONLY,CONTEXT_ONLY,False,0,Удочкой гвозди забивал
msg-00397,25334,CONTEXT_ONLY,CONTEXT_ONLY,False,0,Еблан чистой воды
msg-00401,25332,CONTEXT_ONLY,CONTEXT_ONLY,False,0,У меня ночью 31 аххаха
msg-00403,25329,CONTEXT_ONLY,CONTEXT_ONLY,False,0,Да да
msg-00404,25324,CONTEXT_ONLY,CONTEXT_ONLY,False,0,Вот это кайф
msg-00406,25328,CONTEXT_ONLY,CONTEXT_ONLY,False,0,Просто пиздец еблан
msg-00407,25322,CONTEXT_ONLY,CONTEXT_ONLY,False,0,А то пизда
msg-00408,25327,CONTEXT_ONLY,CONTEXT_ONLY,False,0,Да причем тут оправдывать
msg-00415,25317,CONTEXT_ONLY,CONTEXT_ONLY,False,0,Пиздец
msg-00417,25315,CONTEXT_ONLY,CONTEXT_ONLY,False,0,гений блять
msg-00418,25314,CONTEXT_ONLY,CONTEXT_ONLY,False,0,бля
msg-00419,25313,CONTEXT_ONLY,CONTEXT_ONLY,False,0,Аххахахаза
msg-00420,25312,CONTEXT_ONLY,CONTEXT_ONLY,False,0,Да да
msg-00421,25311,CONTEXT_ONLY,CONTEXT_ONLY,False,0,Слив обуча дэвида?
msg-00424,25308,CONTEXT_ONLY,CONTEXT_ONLY,False,0,А что случилось?
msg-00426,25306,CONTEXT_ONLY,CONTEXT_ONLY,False,0,За психопатию ?
msg-00429,25301,CONTEXT_ONLY,CONTEXT_ONLY,False,0,Жить жить
msg-00438,25294,CONTEXT_ONLY,CONTEXT_ONLY,False,0,обесценил весь обуч..
msg-00439,25293,CONTEXT_ONLY,CONTEXT_ONLY,False,0,АХВХВХАХАХАХАХАХВАХАХА
msg-00441,25291,CONTEXT_ONLY,CONTEXT_ONLY,False,0,Во ебло сука
msg-00442,25290,CONTEXT_ONLY,CONTEXT_ONLY,False,0,А тут 60 Бачей
msg-00448,25281,CONTEXT_ONLY,CONTEXT_ONLY,False,0,Я несколько дней 😂
msg-00451,25282,CONTEXT_ONLY,CONTEXT_ONLY,False,0,понял
msg-00452,25280,CONTEXT_ONLY,CONTEXT_ONLY,False,0,У меня 23 ощущается как дождь
msg-00453,25279,CONTEXT_ONLY,CONTEXT_ONLY,False,0,"Чо, девид сватает???"
msg-00456,25274,CONTEXT_ONLY,CONTEXT_ONLY,False,0,лан все соси
msg-00462,25268,CONTEXT_ONLY,CONTEXT_ONLY,False,0,Я ебал
msg-00464,25266,CONTEXT_ONLY,CONTEXT_ONLY,False,0,Завтра 36
msg-00465,25264,CONTEXT_ONLY,CONTEXT_ONLY,False,0,Вчера под 40
msg-00466,25263,CONTEXT_ONLY,CONTEXT_ONLY,False,0,Ну сегодня+37
msg-00467,25262,CONTEXT_ONLY,CONTEXT_ONLY,False,0,40
msg-00468,25261,CONTEXT_ONLY,CONTEXT_ONLY,False,0,ой
msg-00469,25260,CONTEXT_ONLY,CONTEXT_ONLY,False,0,а у тебя че 30?
msg-00470,25259,CONTEXT_ONLY,CONTEXT_ONLY,False,0,Аххаха
msg-00472,25257,CONTEXT_ONLY,CONTEXT_ONLY,False,0,у мя +30
msg-00473,25256,CONTEXT_ONLY,CONTEXT_ONLY,False,0,Просто чет уебался
msg-00474,25255,CONTEXT_ONLY,CONTEXT_ONLY,False,0,Не
msg-00475,25254,CONTEXT_ONLY,ATTACH_AS_CORROBORATING_EVIDENCE,False,0,Или индус)
msg-00477,25253,CONTEXT_ONLY,CONTEXT_ONLY,False,0,У тебя тоже +40?
msg-00481,25248,CONTEXT_ONLY,CONTEXT_ONLY,False,0,дайте совет
msg-00483,25245,CONTEXT_ONLY,CONTEXT_ONLY,False,0,Празднуем
msg-00484,25244,CONTEXT_ONLY,CONTEXT_ONLY,False,0,Лс?
msg-00488,25239,CONTEXT_ONLY,CONTEXT_ONLY,False,0,короче китайцы как всегда 😄
msg-00491,25236,CONTEXT_ONLY,CONTEXT_ONLY,False,0,В даркнете барыжат))
msg-00493,25234,CONTEXT_ONLY,ATTACH_AS_CORROBORATING_EVIDENCE,False,0,Детали есть?
msg-00494,25233,CONTEXT_ONLY,CONTEXT_ONLY,False,0,гигакодер вернул планы
msg-00500,25227,CONTEXT_ONLY,CONTEXT_ONLY,False,0,АХАХАХАХАХАХАХХАХАХАХАХАХАХАХАХАХ
msg-00509,25217,CONTEXT_ONLY,CONTEXT_ONLY,False,0,Уже лонгуем?
msg-00511,25214,CONTEXT_ONLY,CONTEXT_ONLY,False,0,Муся ты куда 🥲
msg-00512,25213,CONTEXT_ONLY,CONTEXT_ONLY,False,0,Лунокулы подфармлю
msg-00513,25212,CONTEXT_ONLY,CONTEXT_ONLY,False,0,откуда?))
msg-00515,25209,CONTEXT_ONLY,CONTEXT_ONLY,False,0,Конечно же
msg-00516,25208,CONTEXT_ONLY,CONTEXT_ONLY,False,0,Он народный
msg-00520,25203,CONTEXT_ONLY,CONTEXT_ONLY,False,0,хз в аэропорт
msg-00521,25202,CONTEXT_ONLY,CONTEXT_ONLY,False,0,такси в мск только
msg-00525,25198,CONTEXT_ONLY,CONTEXT_ONLY,False,0,давай распишу
msg-00526,25197,CONTEXT_ONLY,CONTEXT_ONLY,False,0,таак
msg-00531,25192,CONTEXT_ONLY,CONTEXT_ONLY,False,0,АЪАЪАЪААХАХАХАХХ
msg-00534,25189,CONTEXT_ONLY,CONTEXT_ONLY,False,0,Просто смотри
msg-00535,25188,CONTEXT_ONLY,CONTEXT_ONLY,False,0,обуч сливал
msg-00536,25187,CONTEXT_ONLY,CONTEXT_ONLY,False,0,просвятите
msg-00539,25184,CONTEXT_ONLY,CONTEXT_ONLY,False,0,это блин логично
msg-00549,25174,CONTEXT_ONLY,CONTEXT_ONLY,False,0,Это ещё без вычета налогов)
msg-00550,25172,CONTEXT_ONLY,CONTEXT_ONLY,False,0,Есть куча сборок-сайтов
msg-00552,25171,CONTEXT_ONLY,CONTEXT_ONLY,False,0,Это я уже знаю)))
msg-00554,25169,CONTEXT_ONLY,CONTEXT_ONLY,False,0,Бб даун
msg-00557,25164,CONTEXT_ONLY,CONTEXT_ONLY,False,0,лол да
msg-00559,25165,CONTEXT_ONLY,CONTEXT_ONLY,False,0,А его за че
msg-00560,25162,CONTEXT_ONLY,CONTEXT_ONLY,False,0,Во вторых прочитай
msg-00561,25163,CONTEXT_ONLY,CONTEXT_ONLY,False,0,В 21м пускали
msg-00562,25161,CONTEXT_ONLY,CONTEXT_ONLY,False,0,.
msg-00563,25160,CONTEXT_ONLY,CONTEXT_ONLY,False,0,.
msg-00566,25157,CONTEXT_ONLY,CONTEXT_ONLY,False,0,"Ахаха, шо там происходит)))"
msg-00567,25156,CONTEXT_ONLY,CONTEXT_ONLY,False,0,2 к это премьер
msg-00569,25154,CONTEXT_ONLY,CONTEXT_ONLY,False,0,эконом от касаря
msg-00570,25153,CONTEXT_ONLY,CONTEXT_ONLY,False,0,??
msg-00573,25150,CONTEXT_ONLY,CONTEXT_ONLY,False,0,.
msg-00575,25148,CONTEXT_ONLY,CONTEXT_ONLY,False,0,это еще не высокий спрос
msg-00576,25146,CONTEXT_ONLY,CONTEXT_ONLY,False,0,.
msg-00577,25144,CONTEXT_ONLY,CONTEXT_ONLY,False,0,это обычка
msg-00578,25145,CONTEXT_ONLY,CONTEXT_ONLY,False,0,Визави его )
msg-00581,25141,CONTEXT_ONLY,CONTEXT_ONLY,False,0,Ахахазхахахахахахахаха
msg-00582,25140,CONTEXT_ONLY,CONTEXT_ONLY,False,0,Это Александр?
msg-00583,25139,CONTEXT_ONLY,CONTEXT_ONLY,False,0,А причем здесь тюрьма )
msg-00585,25137,CONTEXT_ONLY,CONTEXT_ONLY,False,0,Доигрался
msg-00587,25135,CONTEXT_ONLY,CONTEXT_ONLY,False,0,Эахахахахаххаха
msg-00589,25133,NEEDS_ENRICHMENT,CONTEXT_ONLY,False,1,https://telegra.ph/Promt-dlya-otklyucheniya-cenzury-DipSik-05-25
msg-00590,25132,CONTEXT_ONLY,ATTACH_AS_CORROBORATING_EVIDENCE,False,0,пасиба
msg-00591,25131,CONTEXT_ONLY,CONTEXT_ONLY,False,0,кидай )
msg-00592,25130,CONTEXT_ONLY,CONTEXT_ONLY,False,0,Че
msg-00594,25127,CONTEXT_ONLY,ATTACH_AS_CORROBORATING_EVIDENCE,False,0,даб
msg-00595,25126,CONTEXT_ONLY,ATTACH_AS_CORROBORATING_EVIDENCE,False,0,какой-то анлок
msg-00596,25125,CONTEXT_ONLY,CONTEXT_ONLY,False,0,Обуч по 60.
msg-00597,25124,CONTEXT_ONLY,ATTACH_AS_CORROBORATING_EVIDENCE,False,0,вот мб
msg-00600,25121,CONTEXT_ONLY,CONTEXT_ONLY,False,0,так что особо там не расслабляйся
msg-00601,25120,CONTEXT_ONLY,CONTEXT_ONLY,False,0,иногда
msg-00602,25119,CONTEXT_ONLY,CONTEXT_ONLY,False,0,тоже мозг ебут
msg-00603,25118,CONTEXT_ONLY,CONTEXT_ONLY,False,0,ну там активы
msg-00606,25115,CONTEXT_ONLY,ATTACH_AS_CORROBORATING_EVIDENCE,False,0,я найти не могу(
msg-00608,25113,CONTEXT_ONLY,CONTEXT_ONLY,False,0,Джабааааа
msg-00613,25108,CONTEXT_ONLY,CONTEXT_ONLY,False,0,Не отвечает 5.5
msg-00620,25102,CONTEXT_ONLY,CONTEXT_ONLY,False,0,Поебать
msg-00623,25098,CONTEXT_ONLY,CONTEXT_ONLY,False,0,Суки
msg-00624,25097,CONTEXT_ONLY,CONTEXT_ONLY,False,0,Я не зафаршмачусь
msg-00626,25096,CONTEXT_ONLY,CONTEXT_ONLY,False,0,И голда в бу висит
msg-00628,25093,CONTEXT_ONLY,CONTEXT_ONLY,False,0,Тот пидор
msg-00630,25091,CONTEXT_ONLY,CONTEXT_ONLY,False,0,+_
msg-00631,25090,CONTEXT_ONLY,CONTEXT_ONLY,False,0,такси стоит 2к
msg-00632,25089,CONTEXT_ONLY,CONTEXT_ONLY,False,0,в лс
msg-00633,25088,CONTEXT_ONLY,CONTEXT_ONLY,False,0,А пидор кто тут
msg-00635,25087,CONTEXT_ONLY,CONTEXT_ONLY,False,0,Это все понятно
msg-00636,25085,CONTEXT_ONLY,CONTEXT_ONLY,False,0,окей
msg-00638,25083,CONTEXT_ONLY,CONTEXT_ONLY,False,0,и уточню
msg-00643,25077,CONTEXT_ONLY,ATTACH_AS_CORROBORATING_EVIDENCE,False,0,[все переслано]
msg-00644,25078,CONTEXT_ONLY,CONTEXT_ONLY,False,0,Ближе к нью будет понятно
msg-00645,25076,CONTEXT_ONLY,ATTACH_AS_CORROBORATING_EVIDENCE,False,0,Анлак ловим
msg-00652,25069,CONTEXT_ONLY,CONTEXT_ONLY,False,0,окей не проблема
msg-00653,25068,CONTEXT_ONLY,CONTEXT_ONLY,False,0,Прочитай соо даун
msg-00658,25063,CONTEXT_ONLY,CONTEXT_ONLY,False,0,какая
msg-00659,25062,CONTEXT_ONLY,CONTEXT_ONLY,False,0,У меня сегодня для тебя задача
msg-00660,25060,CONTEXT_ONLY,CONTEXT_ONLY,False,0,Точно
msg-00662,25058,CONTEXT_ONLY,CONTEXT_ONLY,False,0,.
msg-00664,25056,CONTEXT_ONLY,CONTEXT_ONLY,False,0,"шорт, понятно"
msg-00668,25052,CONTEXT_ONLY,CONTEXT_ONLY,False,0,а и с добрым утром
msg-00669,25050,CONTEXT_ONLY,ATTACH_AS_CORROBORATING_EVIDENCE,False,0,Блин
msg-00672,25048,CONTEXT_ONLY,CONTEXT_ONLY,False,0,О
msg-00675,25045,CONTEXT_ONLY,CONTEXT_ONLY,False,0,надо у мегаладона 2 спросить
msg-00678,25042,CONTEXT_ONLY,ATTACH_AS_CORROBORATING_EVIDENCE,False,0,Это еще быстрее
msg-00681,25039,CONTEXT_ONLY,ATTACH_AS_CORROBORATING_EVIDENCE,False,0,Одна хуйня
msg-00683,25037,CONTEXT_ONLY,ATTACH_AS_CORROBORATING_EVIDENCE,False,0,Не
msg-00684,25036,CONTEXT_ONLY,ATTACH_AS_CORROBORATING_EVIDENCE,False,0,А зпшку в крипту всадить
msg-00698,25021,CONTEXT_ONLY,CONTEXT_ONLY,False,0,Умер
msg-00705,25013,CONTEXT_ONLY,CONTEXT_ONLY,False,0,поздняков. итоги
msg-00708,25007,CONTEXT_ONLY,CONTEXT_ONLY,False,0,Чёто разщедрились
msg-00709,25006,CONTEXT_ONLY,CONTEXT_ONLY,False,0,Это не только у тебя
msg-00710,25008,CONTEXT_ONLY,CONTEXT_ONLY,False,0,Хуя
msg-00711,25005,CONTEXT_ONLY,CONTEXT_ONLY,False,0,Зан?
msg-00713,25003,CONTEXT_ONLY,CONTEXT_ONLY,False,0,ПХАХАХАХАХАХАХАХА
msg-00714,25002,CONTEXT_ONLY,CONTEXT_ONLY,False,0,хХАХАХА
msg-00715,25001,CONTEXT_ONLY,CONTEXT_ONLY,False,0,"""каждый мох"""
msg-00720,24996,CONTEXT_ONLY,ATTACH_AS_CORROBORATING_EVIDENCE,False,0,поделишься?
msg-00740,24976,CONTEXT_ONLY,ATTACH_AS_CORROBORATING_EVIDENCE,False,0,долго но делает
msg-00741,24975,CONTEXT_ONLY,ATTACH_AS_CORROBORATING_EVIDENCE,False,0,кодекс +- работает
msg-00743,24973,CONTEXT_ONLY,CONTEXT_ONLY,False,0,+
msg-00744,24971,CONTEXT_ONLY,ATTACH_AS_CORROBORATING_EVIDENCE,False,0,Хм.. Сейчас попробую
msg-00745,24972,CONTEXT_ONLY,CONTEXT_ONLY,False,0,Это у Бинанса
msg-00746,24970,CONTEXT_ONLY,CONTEXT_ONLY,False,0,ждём 78
msg-00748,24968,CONTEXT_ONLY,CONTEXT_ONLY,False,0,Не у одного
msg-00749,24967,CONTEXT_ONLY,CONTEXT_ONLY,False,0,бесплатно для всех))))) ура
msg-00750,24966,CONTEXT_ONLY,CONTEXT_ONLY,False,0,точно мир?
msg-00751,24965,CONTEXT_ONLY,CONTEXT_ONLY,False,0,ошибки посыпались
msg-00756,24960,CONTEXT_ONLY,CONTEXT_ONLY,False,0,Мишон
msg-00757,24959,CONTEXT_ONLY,CONTEXT_ONLY,False,0,Кого искать то
msg-00758,24958,CONTEXT_ONLY,CONTEXT_ONLY,False,0,Ищи в архиве
msg-00761,24955,CONTEXT_ONLY,CONTEXT_ONLY,False,0,винда
msg-00763,24953,CONTEXT_ONLY,CONTEXT_ONLY,False,0,У тебя мак?
msg-00764,24952,CONTEXT_ONLY,CONTEXT_ONLY,False,0,моды тоже подтянулись
msg-00767,24949,CONTEXT_ONLY,CONTEXT_ONLY,False,0,Сейчас ворк
msg-00770,24945,CONTEXT_ONLY,CONTEXT_ONLY,False,0,А тут соскочил
msg-00773,24942,CONTEXT_ONLY,CONTEXT_ONLY,False,0,жди звоночка
msg-00774,24941,CONTEXT_ONLY,CONTEXT_ONLY,False,0,За слова
msg-00775,24940,CONTEXT_ONLY,CONTEXT_ONLY,False,0,Я с тебя спросил
msg-00776,24938,CONTEXT_ONLY,CONTEXT_ONLY,False,0,сейчас наберу ильдару
msg-00780,24935,CONTEXT_ONLY,CONTEXT_ONLY,False,0,Или что
msg-00781,24934,CONTEXT_ONLY,CONTEXT_ONLY,False,0,Чеченцев не уважаешь?
msg-00783,24930,CONTEXT_ONLY,CONTEXT_ONLY,False,0,Да есть моменты
msg-00784,24932,CONTEXT_ONLY,CONTEXT_ONLY,False,0,10 долбаров
msg-00785,24931,CONTEXT_ONLY,CONTEXT_ONLY,False,0,оплата в арахисах
msg-00788,24928,CONTEXT_ONLY,CONTEXT_ONLY,False,0,приватка.кз
msg-00790,24925,CONTEXT_ONLY,CONTEXT_ONLY,False,0,изи
msg-00794,24921,CONTEXT_ONLY,CONTEXT_ONLY,False,0,марк леклерк?
msg-00796,24919,CONTEXT_ONLY,CONTEXT_ONLY,False,0,Кто кто заработал?
msg-00797,24918,CONTEXT_ONLY,CONTEXT_ONLY,False,0,я так и не понимать
msg-00798,24917,CONTEXT_ONLY,CONTEXT_ONLY,False,0,кто заработал
msg-00800,24915,CONTEXT_ONLY,CONTEXT_ONLY,False,0,Кто кто?
msg-00801,24914,CONTEXT_ONLY,CONTEXT_ONLY,False,0,Я понял
msg-00802,24913,CONTEXT_ONLY,CONTEXT_ONLY,False,0,2+2=7
msg-00804,24910,CONTEXT_ONLY,CONTEXT_ONLY,False,0,Да
msg-00805,24909,CONTEXT_ONLY,CONTEXT_ONLY,False,0,кто
msg-00806,24907,CONTEXT_ONLY,CONTEXT_ONLY,False,0,А там иначе никак
msg-00809,24904,CONTEXT_ONLY,CONTEXT_ONLY,False,0,У меня у одного жив палка
msg-00813,24899,CONTEXT_ONLY,CONTEXT_ONLY,False,0,Грех не знать
msg-00819,24895,CONTEXT_ONLY,CONTEXT_ONLY,False,0,ну вот так
msg-00822,24887,CONTEXT_ONLY,CONTEXT_ONLY,False,0,average-> daily
msg-00823,24890,CONTEXT_ONLY,CONTEXT_ONLY,False,0,Ахпххаха
msg-00829,24880,CONTEXT_ONLY,CONTEXT_ONLY,False,0,Ебать
msg-00835,24877,CONTEXT_ONLY,CONTEXT_ONLY,False,0,изи ?
msg-00840,24872,CONTEXT_ONLY,CONTEXT_ONLY,False,0,Перегрелся маленький
msg-00841,24871,CONTEXT_ONLY,CONTEXT_ONLY,False,0,отлеживается
msg-00843,24869,CONTEXT_ONLY,CONTEXT_ONLY,False,0,А где Зан
msg-00847,24864,CONTEXT_ONLY,CONTEXT_ONLY,False,0,что 5.6 появится это жесткий инсайд будет?
msg-00848,24862,CONTEXT_ONLY,CONTEXT_ONLY,False,0,"Создавай, у тебя получаеться"
msg-00849,24861,CONTEXT_ONLY,CONTEXT_ONLY,False,0,Аххаахха
msg-00853,24857,CONTEXT_ONLY,CONTEXT_ONLY,False,0,Я на тстарт шёл
msg-00855,24856,CONTEXT_ONLY,CONTEXT_ONLY,False,0,У жёлтого банка
msg-00857,24851,CONTEXT_ONLY,CONTEXT_ONLY,False,0,кого ?)
msg-00859,24853,CONTEXT_ONLY,CONTEXT_ONLY,False,0,"Но смешно, продолжай"
msg-00861,24849,CONTEXT_ONLY,CONTEXT_ONLY,False,0,нагрели на репутейшен
msg-00862,24848,CONTEXT_ONLY,CONTEXT_ONLY,False,0,пф изи
msg-00865,24844,CONTEXT_ONLY,CONTEXT_ONLY,False,0,реалии
msg-00868,24841,CONTEXT_ONLY,CONTEXT_ONLY,False,0,но ладно
msg-00869,24840,CONTEXT_ONLY,CONTEXT_ONLY,False,0,Всё налажено
msg-00872,24837,CONTEXT_ONLY,CONTEXT_ONLY,False,0,900 друзей
msg-00873,24836,CONTEXT_ONLY,CONTEXT_ONLY,False,0,Пару чатов
msg-00874,24835,CONTEXT_ONLY,CONTEXT_ONLY,False,0,Так я же общительный мальчик
msg-00875,24834,CONTEXT_ONLY,CONTEXT_ONLY,False,0,Разьебал по фактам
msg-00882,24827,CONTEXT_ONLY,CONTEXT_ONLY,False,0,диалог закончился
msg-00890,24818,CONTEXT_ONLY,CONTEXT_ONLY,False,0,Как не прочекать
msg-00891,24817,CONTEXT_ONLY,CONTEXT_ONLY,False,0,Ну так база ебать
msg-00892,24816,CONTEXT_ONLY,CONTEXT_ONLY,False,0,на 99% было
msg-00893,24815,CONTEXT_ONLY,CONTEXT_ONLY,False,0,прочитано
msg-00894,24813,CONTEXT_ONLY,CONTEXT_ONLY,False,0,"выбьет, выбьет .."
msg-00898,24810,CONTEXT_ONLY,CONTEXT_ONLY,False,0,Первое сообщение к слову
msg-00899,24809,CONTEXT_ONLY,CONTEXT_ONLY,False,0,В бу
msg-00903,24796,CONTEXT_ONLY,CONTEXT_ONLY,False,0,Че как будет
msg-00905,24798,CONTEXT_ONLY,CONTEXT_ONLY,False,0,что б сливали инсайды
msg-00908,24803,CONTEXT_ONLY,CONTEXT_ONLY,False,0,я такого не говорил
msg-00909,24795,CONTEXT_ONLY,CONTEXT_ONLY,False,0,Ну посмотрим
msg-00910,24794,CONTEXT_ONLY,CONTEXT_ONLY,False,0,не фейк?
msg-00911,24802,CONTEXT_ONLY,CONTEXT_ONLY,False,0,Да нееее
msg-00912,24801,CONTEXT_ONLY,CONTEXT_ONLY,False,0,я просто с общаюсь
msg-00913,24800,CONTEXT_ONLY,CONTEXT_ONLY,False,0,Ааа
msg-00914,24799,CONTEXT_ONLY,CONTEXT_ONLY,False,0,Дайте абузик в общак
msg-00916,24793,CONTEXT_ONLY,CONTEXT_ONLY,False,0,Нет
msg-00918,24790,CONTEXT_ONLY,CONTEXT_ONLY,False,0,5.6 не появилась?
msg-00919,24789,CONTEXT_ONLY,CONTEXT_ONLY,False,0,прислушайся
msg-00920,24788,CONTEXT_ONLY,CONTEXT_ONLY,False,0,Ты придумай
msg-00921,24786,CONTEXT_ONLY,CONTEXT_ONLY,False,0,мудрые слова говорит
msg-00923,24783,CONTEXT_ONLY,CONTEXT_ONLY,False,0,Я тоже
msg-00925,24785,CONTEXT_ONLY,CONTEXT_ONLY,False,0,ХАХАХАХАХАХ
msg-00928,24780,CONTEXT_ONLY,CONTEXT_ONLY,False,0,Да почему же 😂
msg-00929,24779,CONTEXT_ONLY,CONTEXT_ONLY,False,0,Бл
msg-00931,24777,CONTEXT_ONLY,CONTEXT_ONLY,False,0,Я далбаеб
msg-00935,24773,CONTEXT_ONLY,CONTEXT_ONLY,False,0,закрывай шорты брат
msg-00941,24763,CONTEXT_ONLY,CONTEXT_ONLY,False,0,Интересно почему
msg-00942,24762,CONTEXT_ONLY,CONTEXT_ONLY,False,0,Увидеть то увижу
msg-00943,24765,CONTEXT_ONLY,CONTEXT_ONLY,False,0,и рефку толкают
msg-00945,24761,CONTEXT_ONLY,CONTEXT_ONLY,False,0,увидишь
msg-00946,24760,CONTEXT_ONLY,CONTEXT_ONLY,False,0,Почему?
msg-00947,24759,CONTEXT_ONLY,CONTEXT_ONLY,False,0,+
msg-00949,24758,CONTEXT_ONLY,CONTEXT_ONLY,False,0,не надолго
msg-00950,24756,CONTEXT_ONLY,CONTEXT_ONLY,False,0,короче нагрели гоев
msg-00951,24755,CONTEXT_ONLY,CONTEXT_ONLY,False,0,Полилась блядотка
msg-00952,24753,CONTEXT_ONLY,CONTEXT_ONLY,False,0,крупинок из муки
msg-00953,24751,CONTEXT_ONLY,CONTEXT_ONLY,False,0,Кбать солана пробитие
msg-00954,24750,CONTEXT_ONLY,CONTEXT_ONLY,False,0,извини 10 лярдов
msg-00955,24749,CONTEXT_ONLY,CONTEXT_ONLY,False,0,Я нищий опять?
msg-00956,24747,CONTEXT_ONLY,CONTEXT_ONLY,False,0,Какой лям
msg-00957,24746,CONTEXT_ONLY,CONTEXT_ONLY,False,0,Пидорас
msg-00958,24745,CONTEXT_ONLY,CONTEXT_ONLY,False,0,кидай сюда
msg-00960,24743,CONTEXT_ONLY,CONTEXT_ONLY,False,0,А тебе покажу) хочешь?
msg-00961,24742,CONTEXT_ONLY,CONTEXT_ONLY,False,0,15
msg-00962,24741,CONTEXT_ONLY,CONTEXT_ONLY,False,0,13
msg-00963,24740,CONTEXT_ONLY,CONTEXT_ONLY,False,0,или сколько тебе там
msg-00964,24739,CONTEXT_ONLY,CONTEXT_ONLY,False,0,Просто отсосал Никите
msg-00966,24737,CONTEXT_ONLY,CONTEXT_ONLY,False,0,Истину
msg-00967,24736,CONTEXT_ONLY,CONTEXT_ONLY,False,0,Так что даже 20 нету(
msg-00969,24734,CONTEXT_ONLY,CONTEXT_ONLY,False,0,Хочешь?
msg-00973,24729,CONTEXT_ONLY,CONTEXT_ONLY,False,0,А пока Беар трап
msg-00974,24728,CONTEXT_ONLY,CONTEXT_ONLY,False,0,±
msg-00977,24725,CONTEXT_ONLY,CONTEXT_ONLY,False,0,+
msg-00980,24722,CONTEXT_ONLY,CONTEXT_ONLY,False,0,че ты несешь
msg-00983,24716,CONTEXT_ONLY,CONTEXT_ONLY,False,0,Остаётся ещё приклад как план б
msg-00984,24719,CONTEXT_ONLY,CONTEXT_ONLY,False,0,Все конечно хорошо
msg-00985,24718,CONTEXT_ONLY,CONTEXT_ONLY,False,0,Крипто цыган
msg-00988,24714,CONTEXT_ONLY,CONTEXT_ONLY,False,0,Цыган какой то
msg-00992,24710,CONTEXT_ONLY,CONTEXT_ONLY,False,0,заебали
msg-00994,24707,CONTEXT_ONLY,CONTEXT_ONLY,False,0,ахахах
msg-00995,24706,CONTEXT_ONLY,CONTEXT_ONLY,False,0,Бебебебе обиженка
msg-00998,24704,CONTEXT_ONLY,CONTEXT_ONLY,False,0,иди нахуй
msg-01001,24699,CONTEXT_ONLY,CONTEXT_ONLY,False,0,а)
msg-01003,24697,CONTEXT_ONLY,CONTEXT_ONLY,False,1,@apri0ri
msg-01004,24698,CONTEXT_ONLY,CONTEXT_ONLY,False,0,hahahaha
msg-01010,24690,CONTEXT_ONLY,CONTEXT_ONLY,False,0,Лудик
msg-01011,24688,CONTEXT_ONLY,CONTEXT_ONLY,False,0,Минимакс
msg-01012,24689,CONTEXT_ONLY,CONTEXT_ONLY,False,0,Хуясе
msg-01014,24685,CONTEXT_ONLY,CONTEXT_ONLY,False,0,аххахахаха
msg-01015,24683,CONTEXT_ONLY,CONTEXT_ONLY,False,0,и спит аки младенец! ))
msg-01020,24678,CONTEXT_ONLY,CONTEXT_ONLY,False,0,"если что, Сайга это карабин)"
msg-01023,24675,CONTEXT_ONLY,CONTEXT_ONLY,False,0,\
msg-01032,24664,NEEDS_ENRICHMENT,CONTEXT_ONLY,False,1,https://www.youtube.com/watch?v=bsxztF3ixsw
msg-01033,24663,NEEDS_ENRICHMENT,CONTEXT_ONLY,False,1,https://www.youtube.com/watch?v=bsxztF3ixsw
msg-01036,24660,CONTEXT_ONLY,CONTEXT_ONLY,False,0,сукаа
msg-01040,24655,CONTEXT_ONLY,CONTEXT_ONLY,False,0,Так что всё в порядке
msg-01041,24654,CONTEXT_ONLY,CONTEXT_ONLY,False,0,НДС
msg-01044,24651,CONTEXT_ONLY,CONTEXT_ONLY,False,0,Некому платить
msg-01045,24650,CONTEXT_ONLY,CONTEXT_ONLY,False,0,Я не резидент стран
msg-01046,24648,CONTEXT_ONLY,CONTEXT_ONLY,False,0,а налоги платишь?
msg-01048,24643,CONTEXT_ONLY,CONTEXT_ONLY,False,0,Вот так вот
msg-01049,24642,CONTEXT_ONLY,CONTEXT_ONLY,False,0,Я работаю в приватке асати
msg-01050,24640,CONTEXT_ONLY,CONTEXT_ONLY,False,0,Tokenmaxxing
msg-01051,24641,CONTEXT_ONLY,CONTEXT_ONLY,False,0,работяга
msg-01055,24634,CONTEXT_ONLY,ATTACH_AS_CORROBORATING_EVIDENCE,False,0,красавчик
msg-01066,24623,CONTEXT_ONLY,CONTEXT_ONLY,False,0,мдо как дела?
msg-01067,24622,CONTEXT_ONLY,CONTEXT_ONLY,False,0,Ага
msg-01068,24621,CONTEXT_ONLY,CONTEXT_ONLY,False,0,мир?
msg-01076,24612,CONTEXT_ONLY,CONTEXT_ONLY,False,0,Хахаэаха
msg-01077,24611,CONTEXT_ONLY,CONTEXT_ONLY,False,0,Ебать ты отыскал
msg-01078,24606,CONTEXT_ONLY,ATTACH_AS_CORROBORATING_EVIDENCE,False,0,Хаха
msg-01079,24607,CONTEXT_ONLY,CONTEXT_ONLY,False,0,Russian p2p
msg-01080,24605,NEEDS_ENRICHMENT,CONTEXT_ONLY,False,1,https://www.youtube.com/watch?v=bsxztF3ixsw
msg-01087,24602,CONTEXT_ONLY,CONTEXT_ONLY,False,0,"ага, уже есть и такое :)))"
msg-01092,24597,CONTEXT_ONLY,CONTEXT_ONLY,False,0,Я боюсь женщин
msg-01093,24596,CONTEXT_ONLY,ATTACH_AS_CORROBORATING_EVIDENCE,False,0,У меня будет муж)
msg-01096,24591,CONTEXT_ONLY,CONTEXT_ONLY,False,0,пиздец
msg-01097,24593,CONTEXT_ONLY,CONTEXT_ONLY,False,0,Яндекс иго-го
msg-01099,24587,CONTEXT_ONLY,CONTEXT_ONLY,False,0,Там опасно
msg-01100,24586,CONTEXT_ONLY,CONTEXT_ONLY,False,0,Мама не разрешает
msg-01102,24585,CONTEXT_ONLY,CONTEXT_ONLY,False,0,Нет
msg-01103,24584,CONTEXT_ONLY,CONTEXT_ONLY,False,0,на завод
msg-01104,24583,CONTEXT_ONLY,CONTEXT_ONLY,False,0,иди работай
msg-01105,24582,CONTEXT_ONLY,CONTEXT_ONLY,False,0,Дайте мне нахуй
msg-01112,24575,CONTEXT_ONLY,CONTEXT_ONLY,False,0,факт
msg-01113,24574,CONTEXT_ONLY,ATTACH_AS_CORROBORATING_EVIDENCE,False,0,спасибо
msg-01114,24573,CONTEXT_ONLY,CONTEXT_ONLY,False,0,Ну факт 100%
msg-01116,24571,CONTEXT_ONLY,ATTACH_AS_CORROBORATING_EVIDENCE,False,0,на тест
msg-01125,24560,CONTEXT_ONLY,CONTEXT_ONLY,False,0,"Артем, это отклик?"
msg-01127,24558,NEEDS_ENRICHMENT,ATTACH_AS_CORROBORATING_EVIDENCE,False,1,https://t.me/vibecoderchat/127903
msg-01133,24551,CONTEXT_ONLY,CONTEXT_ONLY,False,0,/r/onlyfans таки да!
msg-01136,24547,CONTEXT_ONLY,CONTEXT_ONLY,False,0,ТолькоВентиляторы
msg-01139,24543,CONTEXT_ONLY,ATTACH_AS_CORROBORATING_EVIDENCE,False,0,это где такие цены
msg-01145,24537,CONTEXT_ONLY,CONTEXT_ONLY,False,0,Я не понимаю
msg-01149,24533,CONTEXT_ONLY,CONTEXT_ONLY,False,0,По просадке ?
msg-01150,24532,CONTEXT_ONLY,CONTEXT_ONLY,False,0,еба😳
msg-01152,24529,CONTEXT_ONLY,CONTEXT_ONLY,False,0,это шорт?
msg-01155,24526,CONTEXT_ONLY,CONTEXT_ONLY,False,0,Я про другое спрашивал
msg-01157,24524,CONTEXT_ONLY,CONTEXT_ONLY,False,0,да не за что
msg-01158,24523,CONTEXT_ONLY,CONTEXT_ONLY,False,0,"Как бы я жил, спасибо"
msg-01163,24518,CONTEXT_ONLY,CONTEXT_ONLY,False,0,прям сильной
msg-01165,24516,CONTEXT_ONLY,CONTEXT_ONLY,False,0,Ахуееш
msg-01166,24515,CONTEXT_ONLY,CONTEXT_ONLY,False,0,Работяги пиздец
msg-01168,24512,CONTEXT_ONLY,CONTEXT_ONLY,False,0,Уник не кончили
msg-01169,24510,CONTEXT_ONLY,CONTEXT_ONLY,False,0,"это да, проблема пропок"
msg-01172,24508,CONTEXT_ONLY,CONTEXT_ONLY,False,0,😁😁
msg-01174,24506,CONTEXT_ONLY,CONTEXT_ONLY,False,0,Да да
msg-01175,24505,CONTEXT_ONLY,CONTEXT_ONLY,False,0,Ага
msg-01191,24489,CONTEXT_ONLY,CONTEXT_ONLY,False,0,а зачем?
msg-01192,24488,CONTEXT_ONLY,CONTEXT_ONLY,False,0,Не свидимся надеюсь
msg-01193,24487,CONTEXT_ONLY,CONTEXT_ONLY,False,0,и его брат
msg-01194,24486,CONTEXT_ONLY,CONTEXT_ONLY,False,0,Лан давай
msg-01195,24485,CONTEXT_ONLY,CONTEXT_ONLY,False,0,он тоже
msg-01197,24483,CONTEXT_ONLY,CONTEXT_ONLY,False,0,"ладно маленький, заканчивай"
msg-01199,24481,CONTEXT_ONLY,CONTEXT_ONLY,False,0,жалкий
msg-01200,24480,CONTEXT_ONLY,CONTEXT_ONLY,False,0,и сразу на меня переключаться
msg-01201,24478,CONTEXT_ONLY,CONTEXT_ONLY,False,0,не арахисов
msg-01202,24477,CONTEXT_ONLY,CONTEXT_ONLY,False,0,140 долярив украли
msg-01204,24475,CONTEXT_ONLY,CONTEXT_ONLY,False,0,долларов
msg-01205,24474,CONTEXT_ONLY,CONTEXT_ONLY,False,0,Ок
msg-01207,24471,CONTEXT_ONLY,CONTEXT_ONLY,False,0,а почему так спредит альта
msg-01209,24472,CONTEXT_ONLY,CONTEXT_ONLY,False,0,ебаный клоун
msg-01212,24467,CONTEXT_ONLY,CONTEXT_ONLY,False,0,че ты несешь
msg-01214,24465,CONTEXT_ONLY,CONTEXT_ONLY,False,0,?
msg-01216,24463,CONTEXT_ONLY,CONTEXT_ONLY,False,0,Завод твоя стезя
msg-01218,24461,CONTEXT_ONLY,CONTEXT_ONLY,False,0,Блять
msg-01219,24460,CONTEXT_ONLY,CONTEXT_ONLY,False,0,Ну чел
msg-01221,24458,CONTEXT_ONLY,CONTEXT_ONLY,False,0,молодец
msg-01222,24457,CONTEXT_ONLY,CONTEXT_ONLY,False,0,психологически ему 17
msg-01225,24454,CONTEXT_ONLY,CONTEXT_ONLY,False,0,Получается
msg-01226,24453,CONTEXT_ONLY,CONTEXT_ONLY,False,0,Сосать
msg-01227,24452,CONTEXT_ONLY,CONTEXT_ONLY,False,0,Я выиграл эту жизнь
msg-01229,24450,CONTEXT_ONLY,CONTEXT_ONLY,False,0,ахахах
msg-01232,24447,CONTEXT_ONLY,CONTEXT_ONLY,False,0,Пмздееец
msg-01235,24444,CONTEXT_ONLY,CONTEXT_ONLY,False,0,Возродился
msg-01236,24443,CONTEXT_ONLY,CONTEXT_ONLY,False,0,Потом от кринжа
msg-01237,24442,CONTEXT_ONLY,CONTEXT_ONLY,False,0,Я умер от смеха
msg-01238,24441,CONTEXT_ONLY,CONTEXT_ONLY,False,0,Блять
msg-01239,24440,CONTEXT_ONLY,CONTEXT_ONLY,False,0,Нахцй
msg-01240,24439,CONTEXT_ONLY,CONTEXT_ONLY,False,0,Остановись
msg-01241,24438,CONTEXT_ONLY,CONTEXT_ONLY,False,0,и таких еще очень много
msg-01242,24437,CONTEXT_ONLY,CONTEXT_ONLY,False,0,Ахахаххахаха
msg-01244,24434,CONTEXT_ONLY,CONTEXT_ONLY,False,0,туда сюда миллионер
msg-01245,24433,CONTEXT_ONLY,CONTEXT_ONLY,False,0,долбоеб
msg-01246,24432,CONTEXT_ONLY,CONTEXT_ONLY,False,0,почитай
msg-01248,24430,CONTEXT_ONLY,CONTEXT_ONLY,False,0,не видел?
msg-01250,24428,CONTEXT_ONLY,CONTEXT_ONLY,False,0,это я
msg-01252,24427,CONTEXT_ONLY,CONTEXT_ONLY,False,0,хахахахах
msg-01260,24418,CONTEXT_ONLY,CONTEXT_ONLY,False,0,или они не проигрывают?
msg-01263,24414,CONTEXT_ONLY,CONTEXT_ONLY,False,0,ахахахах
msg-01266,24411,CONTEXT_ONLY,CONTEXT_ONLY,False,0,какая выборка
msg-01275,24402,CONTEXT_ONLY,CONTEXT_ONLY,False,0,кого угодно попроси
msg-01276,24401,CONTEXT_ONLY,CONTEXT_ONLY,False,0,я хз
msg-01278,24399,CONTEXT_ONLY,CONTEXT_ONLY,False,0,как карту юзать
msg-01280,24397,CONTEXT_ONLY,CONTEXT_ONLY,False,0,натренировали
msg-01289,24388,CONTEXT_ONLY,CONTEXT_ONLY,False,0,😁😁
msg-01291,24386,CONTEXT_ONLY,CONTEXT_ONLY,False,0,какой же это бред
msg-01294,24384,CONTEXT_ONLY,CONTEXT_ONLY,False,0,Что расставлял бы он?
msg-01297,24380,CONTEXT_ONLY,CONTEXT_ONLY,False,0,омг забей
msg-01298,24379,CONTEXT_ONLY,CONTEXT_ONLY,False,0,ехать именно
msg-01299,24378,CONTEXT_ONLY,CONTEXT_ONLY,False,0,оттуда
msg-01300,24377,CONTEXT_ONLY,CONTEXT_ONLY,False,0,5
msg-01301,24376,CONTEXT_ONLY,CONTEXT_ONLY,False,0,"1,"
msg-01302,24375,CONTEXT_ONLY,CONTEXT_ONLY,False,0,туда
msg-01303,24374,CONTEXT_ONLY,CONTEXT_ONLY,False,0,"1,5"
msg-01304,24373,CONTEXT_ONLY,CONTEXT_ONLY,False,0,я писал
msg-01306,24371,CONTEXT_ONLY,CONTEXT_ONLY,False,0,тебе
msg-01307,24370,CONTEXT_ONLY,CONTEXT_ONLY,False,0,писал
msg-01308,24369,CONTEXT_ONLY,CONTEXT_ONLY,False,0,и
msg-01309,24368,CONTEXT_ONLY,CONTEXT_ONLY,False,0,как я
msg-01310,24367,CONTEXT_ONLY,CONTEXT_ONLY,False,0,"1,5 оттуда"
msg-01311,24365,CONTEXT_ONLY,CONTEXT_ONLY,False,0,"1,5 туда"
msg-01313,24364,CONTEXT_ONLY,CONTEXT_ONLY,False,0,Забыл?
msg-01316,24361,CONTEXT_ONLY,CONTEXT_ONLY,False,0,дааааа
msg-01317,24360,CONTEXT_ONLY,CONTEXT_ONLY,False,0,ммммм
msg-01320,24357,CONTEXT_ONLY,CONTEXT_ONLY,False,0,"да, прям врун"
msg-01321,24356,CONTEXT_ONLY,CONTEXT_ONLY,False,0,Недоразумение
msg-01323,24354,CONTEXT_ONLY,CONTEXT_ONLY,False,0,2026 на дворе 😅
msg-01324,24353,CONTEXT_ONLY,CONTEXT_ONLY,False,0,Ааа недопанимание
msg-01326,24350,CONTEXT_ONLY,CONTEXT_ONLY,False,0,все
msg-01331,24345,CONTEXT_ONLY,CONTEXT_ONLY,False,0,Нейронка справится
msg-01332,24344,CONTEXT_ONLY,CONTEXT_ONLY,False,0,Эксперимент такой
msg-01333,24343,CONTEXT_ONLY,CONTEXT_ONLY,False,0,просто интересно стало
msg-01334,24341,CONTEXT_ONLY,CONTEXT_ONLY,False,0,Чтобы тренироваться в вранье
msg-01335,24342,CONTEXT_ONLY,CONTEXT_ONLY,False,0,нет проблем
msg-01337,24339,CONTEXT_ONLY,CONTEXT_ONLY,False,0,А я напомню
msg-01338,24338,CONTEXT_ONLY,CONTEXT_ONLY,False,0,тогда вопросов нет
msg-01339,24337,CONTEXT_ONLY,CONTEXT_ONLY,False,0,26
msg-01341,24335,CONTEXT_ONLY,CONTEXT_ONLY,False,0,если ты так рассуждаешь
msg-01342,24334,CONTEXT_ONLY,CONTEXT_ONLY,False,0,Вполне себе
msg-01343,24333,CONTEXT_ONLY,CONTEXT_ONLY,False,0,так а сколько тебе лет
msg-01345,24330,CONTEXT_ONLY,CONTEXT_ONLY,False,0,Щас заплачу
msg-01349,24327,CONTEXT_ONLY,CONTEXT_ONLY,False,0,Ты буквально отсталый
msg-01350,24326,CONTEXT_ONLY,CONTEXT_ONLY,False,0,Настоящая лесть
msg-01353,24323,CONTEXT_ONLY,CONTEXT_ONLY,False,0,Промазал мискликнул
msg-01354,24322,CONTEXT_ONLY,CONTEXT_ONLY,False,0,Миссанул жесть
msg-01355,24321,CONTEXT_ONLY,CONTEXT_ONLY,False,0,А цифру два
msg-01358,24318,CONTEXT_ONLY,CONTEXT_ONLY,False,0,Miss click
msg-01360,24316,CONTEXT_ONLY,CONTEXT_ONLY,False,0,МИСС КЛИК
msg-01366,24310,CONTEXT_ONLY,CONTEXT_ONLY,False,0,До завтра
msg-01367,24309,CONTEXT_ONLY,CONTEXT_ONLY,False,0,Опущ безмозглый
msg-01368,24307,CONTEXT_ONLY,CONTEXT_ONLY,False,0,ну посмотрим)
msg-01369,24308,CONTEXT_ONLY,CONTEXT_ONLY,False,0,Непохоже
msg-01370,24306,CONTEXT_ONLY,CONTEXT_ONLY,False,0,понял
msg-01371,24305,CONTEXT_ONLY,CONTEXT_ONLY,False,0,мне тоже)
msg-01372,24304,CONTEXT_ONLY,CONTEXT_ONLY,False,0,пока что
msg-01375,24301,CONTEXT_ONLY,CONTEXT_ONLY,False,0,учатся же
msg-01380,24296,CONTEXT_ONLY,CONTEXT_ONLY,False,0,Понял
msg-01381,24295,CONTEXT_ONLY,CONTEXT_ONLY,False,0,А ученик не школьник
msg-01382,24294,CONTEXT_ONLY,CONTEXT_ONLY,False,0,хороший юмор ))))
msg-01383,24293,CONTEXT_ONLY,CONTEXT_ONLY,False,0,Типо ученик
msg-01385,24292,CONTEXT_ONLY,CONTEXT_ONLY,False,0,ну это не школьник
msg-01387,24289,CONTEXT_ONLY,CONTEXT_ONLY,False,0,Два часа
msg-01388,24288,CONTEXT_ONLY,CONTEXT_ONLY,False,0,Записала адам
msg-01389,24287,CONTEXT_ONLY,CONTEXT_ONLY,False,0,Мм
msg-01395,24281,CONTEXT_ONLY,CONTEXT_ONLY,False,0,я поэтому
msg-01399,24277,CONTEXT_ONLY,CONTEXT_ONLY,False,0,не использовал его
msg-01401,24274,CONTEXT_ONLY,CONTEXT_ONLY,False,0,красава Адам
msg-01402,24275,CONTEXT_ONLY,CONTEXT_ONLY,False,0,Чё блять
msg-01403,24273,CONTEXT_ONLY,CONTEXT_ONLY,False,0,и забей вот такк
msg-01404,24272,CONTEXT_ONLY,CONTEXT_ONLY,False,0,Последнее пишет
msg-01405,24271,CONTEXT_ONLY,CONTEXT_ONLY,False,0,зайди в карты
msg-01406,24270,CONTEXT_ONLY,CONTEXT_ONLY,False,0,.
msg-01411,24265,CONTEXT_ONLY,CONTEXT_ONLY,False,0,Школьники
msg-01416,24260,CONTEXT_ONLY,CONTEXT_ONLY,False,0,АХАХХАХАХАХ
msg-01417,24259,CONTEXT_ONLY,CONTEXT_ONLY,False,0,ТЫ ТУПООООООЙ
msg-01418,24258,CONTEXT_ONLY,CONTEXT_ONLY,False,0,ДАААУУУН
msg-01419,24257,CONTEXT_ONLY,CONTEXT_ONLY,False,0,????
msg-01420,24256,CONTEXT_ONLY,CONTEXT_ONLY,False,0,АХАХХАХАХАХАХ
msg-01423,24253,CONTEXT_ONLY,CONTEXT_ONLY,False,0,АЛЕ ТЫ ЧИТАЕШЬ?
msg-01427,24248,CONTEXT_ONLY,CONTEXT_ONLY,False,0,И как боится извиниться
msg-01430,24245,CONTEXT_ONLY,CONTEXT_ONLY,False,0,я че рабочий дохуя
msg-01433,24242,CONTEXT_ONLY,CONTEXT_ONLY,False,0,я попросился залез
msg-01434,24241,CONTEXT_ONLY,CONTEXT_ONLY,False,0,да это не мое
msg-01435,24240,CONTEXT_ONLY,CONTEXT_ONLY,False,0,прочитай
msg-01436,24239,CONTEXT_ONLY,CONTEXT_ONLY,False,0,до другого
msg-01439,24236,CONTEXT_ONLY,CONTEXT_ONLY,False,0,если вам нужно
msg-01441,24234,CONTEXT_ONLY,CONTEXT_ONLY,False,0,блять прочитай
msg-01443,24232,CONTEXT_ONLY,CONTEXT_ONLY,False,0,Так а нет разве?
msg-01444,24231,CONTEXT_ONLY,CONTEXT_ONLY,False,0,ОЙ БОЛЬНО
msg-01445,24230,CONTEXT_ONLY,CONTEXT_ONLY,False,0,БОИТСЯ ПРИЗНАТЬ
msg-01446,24229,CONTEXT_ONLY,CONTEXT_ONLY,False,0,ты прочитала?
msg-01447,24228,CONTEXT_ONLY,CONTEXT_ONLY,False,0,АЙ АЙ
msg-01448,24227,CONTEXT_ONLY,CONTEXT_ONLY,False,0,что он написал?
msg-01449,24226,CONTEXT_ONLY,CONTEXT_ONLY,False,0,ты прочитала
msg-01450,24225,CONTEXT_ONLY,CONTEXT_ONLY,False,0,ты читаешь?
msg-01451,24224,CONTEXT_ONLY,CONTEXT_ONLY,False,0,Я ПРЯМ В ГОЛОС ПОРВАЛАСЬ
msg-01452,24223,CONTEXT_ONLY,CONTEXT_ONLY,False,0,ты норм?
msg-01453,24222,CONTEXT_ONLY,CONTEXT_ONLY,False,0,ХАХАХАХАХА
msg-01455,24220,CONTEXT_ONLY,CONTEXT_ONLY,False,0,ХАХАХАХАХХАХА
msg-01457,24218,CONTEXT_ONLY,CONTEXT_ONLY,False,0,ДВА ЧАСА ОНА ЕДЕТ
msg-01458,24217,CONTEXT_ONLY,CONTEXT_ONLY,False,0,ХАХАХАХХАХАХАХАХА
msg-01459,24216,CONTEXT_ONLY,CONTEXT_ONLY,False,0,ПЯТЬ МИНУТ ПЕШКООООООМ
msg-01461,24214,CONTEXT_ONLY,CONTEXT_ONLY,False,0,В ГОЛООООС
msg-01462,24212,CONTEXT_ONLY,CONTEXT_ONLY,False,0,АХАХХАХАХАХАХХАХАХАХАХ
msg-01463,24213,CONTEXT_ONLY,CONTEXT_ONLY,False,0,неа
msg-01464,24211,CONTEXT_ONLY,CONTEXT_ONLY,False,0,ХАХАХАХАХХАХАХА
msg-01467,24207,CONTEXT_ONLY,CONTEXT_ONLY,False,0,Но работать будет
msg-01472,24202,CONTEXT_ONLY,CONTEXT_ONLY,False,0,Спасибо большое!😊🤝
msg-01474,24200,CONTEXT_ONLY,CONTEXT_ONLY,False,0,понял тебя
msg-01476,24198,CONTEXT_ONLY,CONTEXT_ONLY,False,0,Нахуй надо
msg-01479,24195,CONTEXT_ONLY,CONTEXT_ONLY,False,0,НО НЕЕЕТ ЭТО ВРААААНЬЕ
msg-01481,24193,CONTEXT_ONLY,CONTEXT_ONLY,False,0,долбаебы делом займетесь
msg-01482,24192,CONTEXT_ONLY,CONTEXT_ONLY,False,0,"ЧТО 1,5 ЧАСА ЕХАТЬ"
msg-01483,24191,CONTEXT_ONLY,CONTEXT_ONLY,False,0,ДАЖЕ НАПИСААААААЛ
msg-01484,24190,CONTEXT_ONLY,CONTEXT_ONLY,False,0,АХАХХАХАА
msg-01485,24189,CONTEXT_ONLY,CONTEXT_ONLY,False,0,ВСЕ ВРУН
msg-01487,24187,CONTEXT_ONLY,CONTEXT_ONLY,False,0,ВСЕ ВРУН ЛГУН
msg-01488,24186,CONTEXT_ONLY,CONTEXT_ONLY,False,0,и там не оказались
msg-01491,24183,CONTEXT_ONLY,CONTEXT_ONLY,False,0,они тебе наверное пишут если
msg-01495,24180,CONTEXT_ONLY,CONTEXT_ONLY,False,0,Почти
msg-01498,24175,CONTEXT_ONLY,CONTEXT_ONLY,False,0,Но работать будет
msg-01499,24176,CONTEXT_ONLY,CONTEXT_ONLY,False,0,А Грааль сообщества
msg-01508,24166,CONTEXT_ONLY,CONTEXT_ONLY,False,0,удачи в этом
msg-01514,24160,CONTEXT_ONLY,CONTEXT_ONLY,False,0,не верь
msg-01517,24157,CONTEXT_ONLY,CONTEXT_ONLY,False,0,все
msg-01521,24153,CONTEXT_ONLY,CONTEXT_ONLY,False,0,Да удивляется люто
msg-01522,24152,CONTEXT_ONLY,CONTEXT_ONLY,False,0,Слился ясно
msg-01523,24151,CONTEXT_ONLY,CONTEXT_ONLY,False,0,просто ахуеть можно
msg-01524,24150,CONTEXT_ONLY,CONTEXT_ONLY,False,0,.
msg-01525,24148,CONTEXT_ONLY,CONTEXT_ONLY,False,0,пиздец
msg-01526,24149,CONTEXT_ONLY,CONTEXT_ONLY,False,0,изи профит
msg-01531,24143,CONTEXT_ONLY,CONTEXT_ONLY,False,0,ИДИ ГУГЛИ
msg-01539,24135,CONTEXT_ONLY,CONTEXT_ONLY,False,0,Зато мой ;)
msg-01540,24134,CONTEXT_ONLY,CONTEXT_ONLY,False,0,уфф
msg-01542,24132,CONTEXT_ONLY,CONTEXT_ONLY,False,0,"Дороже, с лимитами"
msg-01543,24131,CONTEXT_ONLY,CONTEXT_ONLY,False,0,ВСЁ НАШЛА
msg-01544,24130,CONTEXT_ONLY,CONTEXT_ONLY,False,0,мгу
msg-01545,24129,CONTEXT_ONLY,CONTEXT_ONLY,False,0,она сама сказала
msg-01546,24128,CONTEXT_ONLY,CONTEXT_ONLY,False,0,И универ дай
msg-01548,24126,CONTEXT_ONLY,CONTEXT_ONLY,False,0,АААА
msg-01549,24125,CONTEXT_ONLY,CONTEXT_ONLY,False,0,АДРЕСС МГУ МОСКВА
msg-01550,24123,CONTEXT_ONLY,CONTEXT_ONLY,False,0,ничего не понятно
msg-01551,24124,CONTEXT_ONLY,CONTEXT_ONLY,False,0,И всё слили
msg-01552,24122,CONTEXT_ONLY,CONTEXT_ONLY,False,0,действительно
msg-01554,24120,CONTEXT_ONLY,CONTEXT_ONLY,False,0,мгу
msg-01555,24119,CONTEXT_ONLY,CONTEXT_ONLY,False,0,это университет
msg-01556,24118,CONTEXT_ONLY,CONTEXT_ONLY,False,0,Когда я сказала школа
msg-01558,24116,CONTEXT_ONLY,CONTEXT_ONLY,False,0,деньги пыль
msg-01560,24114,CONTEXT_ONLY,CONTEXT_ONLY,False,0,Локальный мем!
msg-01562,24112,CONTEXT_ONLY,CONTEXT_ONLY,False,0,Даун
msg-01566,24109,CONTEXT_ONLY,CONTEXT_ONLY,False,0,Что там есть Твх в Лонги?
msg-01567,24107,CONTEXT_ONLY,CONTEXT_ONLY,False,0,И ОНА В ГС СКАЗАЛА
msg-01568,24106,CONTEXT_ONLY,CONTEXT_ONLY,False,0,ДВА РАЗА ПИСАЛ
msg-01571,24102,CONTEXT_ONLY,CONTEXT_ONLY,False,0,конечно
msg-01572,24100,CONTEXT_ONLY,CONTEXT_ONLY,False,0,УЖЕ КОТОРЫЙ РАЗ ПИШУ
msg-01573,24099,CONTEXT_ONLY,CONTEXT_ONLY,False,0,тимы
msg-01574,24098,CONTEXT_ONLY,CONTEXT_ONLY,False,0,Боже как очевидно было
msg-01575,24096,CONTEXT_ONLY,CONTEXT_ONLY,False,0,МГУ
msg-01576,24095,CONTEXT_ONLY,CONTEXT_ONLY,False,0,как 14ти летние
msg-01579,24093,CONTEXT_ONLY,CONTEXT_ONLY,False,0,МГУ
msg-01581,24091,CONTEXT_ONLY,CONTEXT_ONLY,False,0,Клоун
msg-01582,24089,CONTEXT_ONLY,CONTEXT_ONLY,False,0,Универ
msg-01583,24090,CONTEXT_ONLY,CONTEXT_ONLY,False,0,Актуалочка
msg-01585,24087,CONTEXT_ONLY,CONTEXT_ONLY,False,0,ясно
msg-01586,24086,CONTEXT_ONLY,CONTEXT_ONLY,False,0,.
msg-01587,24085,CONTEXT_ONLY,CONTEXT_ONLY,False,0,видимо
msg-01588,24083,CONTEXT_ONLY,CONTEXT_ONLY,False,0,что он что то делает?
msg-01589,24084,CONTEXT_ONLY,CONTEXT_ONLY,False,0,"Просто, ""верните бенз"""
msg-01590,24082,CONTEXT_ONLY,CONTEXT_ONLY,False,0,Что как обычно?
msg-01592,24079,CONTEXT_ONLY,CONTEXT_ONLY,False,0,по поводу?
msg-01594,24077,CONTEXT_ONLY,CONTEXT_ONLY,False,0,хотя и 40+ там 10% будет
msg-01595,24076,CONTEXT_ONLY,CONTEXT_ONLY,False,0,И десяток 18+ видимо
msg-01596,24075,CONTEXT_ONLY,CONTEXT_ONLY,False,0,ИДИ КАРТЫ СМОТРИ
msg-01598,24073,CONTEXT_ONLY,CONTEXT_ONLY,False,0,ЧТОООО
msg-01599,24072,CONTEXT_ONLY,CONTEXT_ONLY,False,0,Так что да
msg-01600,24071,CONTEXT_ONLY,CONTEXT_ONLY,False,0,АХХАХАХАХАХ
msg-01604,24067,CONTEXT_ONLY,CONTEXT_ONLY,False,0,"похуй, считай вруном"
msg-01605,24066,CONTEXT_ONLY,CONTEXT_ONLY,False,0,да не
msg-01606,24065,CONTEXT_ONLY,CONTEXT_ONLY,False,0,как же это в твоем стиле
msg-01608,24063,CONTEXT_ONLY,CONTEXT_ONLY,False,0,Что тоже не плохо
msg-01609,24061,CONTEXT_ONLY,CONTEXT_ONLY,False,0,омгггггг
msg-01611,24060,CONTEXT_ONLY,CONTEXT_ONLY,False,0,"Веселье, и объедки"
msg-01612,24059,CONTEXT_ONLY,CONTEXT_ONLY,False,0,Погугли слово ехать
msg-01613,24058,CONTEXT_ONLY,CONTEXT_ONLY,False,0,Верните бенз по 2.5!
msg-01614,24057,CONTEXT_ONLY,CONTEXT_ONLY,False,0,А тут чисто фан
msg-01615,24056,CONTEXT_ONLY,CONTEXT_ONLY,False,0,ДУМАЙ ГОЛОВОЙ
msg-01616,24055,CONTEXT_ONLY,CONTEXT_ONLY,False,0,ПРИКИНЬ НУ СОБРАТЬСЯ НАДО
msg-01617,24054,CONTEXT_ONLY,CONTEXT_ONLY,False,0,досуг с пользой будет
msg-01622,24048,CONTEXT_ONLY,CONTEXT_ONLY,False,0,да почитай
msg-01624,24047,CONTEXT_ONLY,CONTEXT_ONLY,False,0,возьми лучше книгу
msg-01631,24039,CONTEXT_ONLY,CONTEXT_ONLY,False,0,"это к Никите) если надо, я могу поскидывать"
msg-01632,24041,CONTEXT_ONLY,CONTEXT_ONLY,False,0,он как обычно
msg-01633,24038,CONTEXT_ONLY,CONTEXT_ONLY,False,0,ой бляяя
msg-01634,24037,CONTEXT_ONLY,CONTEXT_ONLY,False,0,не
msg-01636,24035,CONTEXT_ONLY,CONTEXT_ONLY,False,0,ну ты серьезно?
msg-01637,24034,CONTEXT_ONLY,CONTEXT_ONLY,False,0,чтобы что?
msg-01642,24029,CONTEXT_ONLY,CONTEXT_ONLY,False,0,ахахаха
msg-01645,24026,CONTEXT_ONLY,CONTEXT_ONLY,False,0,Эта схема уже накатанная
msg-01646,24025,CONTEXT_ONLY,CONTEXT_ONLY,False,0,обоснуешь?
msg-01647,24024,CONTEXT_ONLY,CONTEXT_ONLY,False,0,ты норм?
msg-01648,24023,CONTEXT_ONLY,CONTEXT_ONLY,False,0,И самый прикол
msg-01649,24022,CONTEXT_ONLY,CONTEXT_ONLY,False,0,Оч красиво поймала
msg-01650,24021,CONTEXT_ONLY,CONTEXT_ONLY,False,0,Говорит к словпм придралась
msg-01651,24020,CONTEXT_ONLY,CONTEXT_ONLY,False,0,Хватают на лжи
msg-01652,24018,CONTEXT_ONLY,CONTEXT_ONLY,False,0,Сначала снижает время
msg-01656,24015,CONTEXT_ONLY,CONTEXT_ONLY,False,0,Хуже
msg-01659,24012,CONTEXT_ONLY,CONTEXT_ONLY,False,0,Как красиво
msg-01664,24007,CONTEXT_ONLY,CONTEXT_ONLY,False,0,Дозавтра гой
msg-01665,24006,CONTEXT_ONLY,CONTEXT_ONLY,False,0,да я рофлю
msg-01666,24005,CONTEXT_ONLY,CONTEXT_ONLY,False,0,Ещё раз хорошего дня
msg-01667,24004,CONTEXT_ONLY,CONTEXT_ONLY,False,0,И он её осознал
msg-01668,24003,CONTEXT_ONLY,CONTEXT_ONLY,False,0,Это была большая ошибка
msg-01669,24002,CONTEXT_ONLY,CONTEXT_ONLY,False,0,Смысл греть?
msg-01672,23999,CONTEXT_ONLY,CONTEXT_ONLY,False,0,я ему написал в лс)
msg-01676,23994,CONTEXT_ONLY,CONTEXT_ONLY,False,0,все бывай
msg-01677,23993,CONTEXT_ONLY,CONTEXT_ONLY,False,0,конечно конечно
msg-01678,23992,CONTEXT_ONLY,CONTEXT_ONLY,False,0,даддада
msg-01680,23990,CONTEXT_ONLY,CONTEXT_ONLY,False,0,а там еще рефка есть?
msg-01683,23987,CONTEXT_ONLY,CONTEXT_ONLY,False,0,то ты ебанутая
msg-01684,23985,CONTEXT_ONLY,CONTEXT_ONLY,False,0,если ты это считаешь враньем
msg-01686,23984,CONTEXT_ONLY,CONTEXT_ONLY,False,0,мне похуй
msg-01687,23983,CONTEXT_ONLY,CONTEXT_ONLY,False,0,ададададд
msg-01689,23981,CONTEXT_ONLY,CONTEXT_ONLY,False,0,дададададда
msg-01690,23980,CONTEXT_ONLY,CONTEXT_ONLY,False,0,омг
msg-01691,23979,CONTEXT_ONLY,CONTEXT_ONLY,False,0,считай враньем
msg-01695,23974,CONTEXT_ONLY,CONTEXT_ONLY,False,0,ОМГ ТЫ ВОЗДУАХН
msg-01697,23972,CONTEXT_ONLY,CONTEXT_ONLY,False,0,Ты раздаешь ебать
msg-01698,23971,CONTEXT_ONLY,CONTEXT_ONLY,False,0,ЫЫЫЫ ТЫ ВРЕЕЕЕШЬ
msg-01699,23970,CONTEXT_ONLY,CONTEXT_ONLY,False,0,Факт
msg-01700,23969,CONTEXT_ONLY,CONTEXT_ONLY,False,0,и потом в 14 уезжаю
msg-01701,23968,CONTEXT_ONLY,CONTEXT_ONLY,False,0,Факт
msg-01702,23966,CONTEXT_ONLY,CONTEXT_ONLY,False,0,"1,5 туда ехать"
msg-01704,23965,CONTEXT_ONLY,CONTEXT_ONLY,False,0,я отдельно пишу
msg-01708,23960,CONTEXT_ONLY,CONTEXT_ONLY,False,0,Факт
msg-01709,23958,CONTEXT_ONLY,CONTEXT_ONLY,False,0,а я нет
msg-01710,23957,CONTEXT_ONLY,CONTEXT_ONLY,False,0,ты крутой в мейне
msg-01711,23956,CONTEXT_ONLY,CONTEXT_ONLY,False,0,Как я тебя читаю
msg-01712,23955,CONTEXT_ONLY,CONTEXT_ONLY,False,0,круто
msg-01713,23954,CONTEXT_ONLY,CONTEXT_ONLY,False,0,До слова
msg-01714,23953,CONTEXT_ONLY,CONTEXT_ONLY,False,0,бб
msg-01715,23952,CONTEXT_ONLY,CONTEXT_ONLY,False,0,какая ты конченная
msg-01717,23950,CONTEXT_ONLY,CONTEXT_ONLY,False,0,ОМГГГГГГГ
msg-01721,23945,CONTEXT_ONLY,CONTEXT_ONLY,False,0,АЙ К СЛАВАМ ПРИДИРАЕШЬСЯ
msg-01723,23944,CONTEXT_ONLY,CONTEXT_ONLY,False,0,Я НЕ СОБИРАЮСЬ В 14
msg-01724,23943,CONTEXT_ONLY,CONTEXT_ONLY,False,0,Я УЕЗЖАЮ В 14
msg-01725,23942,CONTEXT_ONLY,CONTEXT_ONLY,False,0,В лс отписал
msg-01726,23941,CONTEXT_ONLY,CONTEXT_ONLY,False,0,"ехать 1,5"
msg-01727,23940,CONTEXT_ONLY,CONTEXT_ONLY,False,0,УЕЗЖАЮ
msg-01728,23939,CONTEXT_ONLY,CONTEXT_ONLY,False,0,алееее
msg-01729,23938,CONTEXT_ONLY,CONTEXT_ONLY,False,0,"ехать 1,5"
msg-01730,23937,CONTEXT_ONLY,CONTEXT_ONLY,False,0,Я уезжаю в 14 если что
msg-01731,23936,CONTEXT_ONLY,CONTEXT_ONLY,False,0,не 2
msg-01732,23935,CONTEXT_ONLY,CONTEXT_ONLY,False,0,не?
msg-01733,23934,CONTEXT_ONLY,CONTEXT_ONLY,False,0,30 минут
msg-01734,23932,CONTEXT_ONLY,CONTEXT_ONLY,False,0,одеться
msg-01735,23933,CONTEXT_ONLY,CONTEXT_ONLY,False,0,полезные мср
msg-01736,23931,CONTEXT_ONLY,CONTEXT_ONLY,False,0,причесаться
msg-01737,23929,CONTEXT_ONLY,CONTEXT_ONLY,False,0,помыться там
msg-01740,23927,CONTEXT_ONLY,CONTEXT_ONLY,False,0,собраться надо мне але?
msg-01742,23925,CONTEXT_ONLY,CONTEXT_ONLY,False,0,ЧТОООООООООО
msg-01745,23922,CONTEXT_ONLY,CONTEXT_ONLY,False,0,В кинь линк
msg-01746,23921,CONTEXT_ONLY,CONTEXT_ONLY,False,0,Очень странно
msg-01747,23920,CONTEXT_ONLY,CONTEXT_ONLY,False,0,типан
msg-01748,23918,CONTEXT_ONLY,CONTEXT_ONLY,False,0,собраться надо мне?
msg-01749,23917,CONTEXT_ONLY,CONTEXT_ONLY,False,0,?)
msg-01751,23915,CONTEXT_ONLY,CONTEXT_ONLY,False,0,.
msg-01753,23913,CONTEXT_ONLY,CONTEXT_ONLY,False,0,СЕСТРЕ АЛЕ
msg-01754,23912,CONTEXT_ONLY,CONTEXT_ONLY,False,0,КОМУ
msg-01755,23910,CONTEXT_ONLY,CONTEXT_ONLY,False,0,"1,5 часа"
msg-01756,23909,CONTEXT_ONLY,CONTEXT_ONLY,False,0,Уже цветы КОМУТО надо купить
msg-01758,23908,CONTEXT_ONLY,CONTEXT_ONLY,False,0,и еще полезные статьи в (приватке)
msg-01760,23905,CONTEXT_ONLY,CONTEXT_ONLY,False,0,не 2
msg-01761,23904,CONTEXT_ONLY,CONTEXT_ONLY,False,0,.
msg-01764,23901,CONTEXT_ONLY,CONTEXT_ONLY,False,0,мгу
msg-01765,23900,CONTEXT_ONLY,CONTEXT_ONLY,False,0,она сама сказала
msg-01766,23899,CONTEXT_ONLY,CONTEXT_ONLY,False,0,Сколько ехать
msg-01768,23897,CONTEXT_ONLY,CONTEXT_ONLY,False,0,И универ дай
msg-01769,23896,CONTEXT_ONLY,CONTEXT_ONLY,False,0,Серверов куча
msg-01770,23895,CONTEXT_ONLY,CONTEXT_ONLY,False,0,да
msg-01771,23894,CONTEXT_ONLY,CONTEXT_ONLY,False,0,В 16?
msg-01773,23892,CONTEXT_ONLY,CONTEXT_ONLY,False,0,что за письмо?
msg-01775,23890,CONTEXT_ONLY,CONTEXT_ONLY,False,0,наслаждайся
msg-01776,23889,CONTEXT_ONLY,CONTEXT_ONLY,False,0,на
msg-01777,23888,CONTEXT_ONLY,CONTEXT_ONLY,False,0,yf
msg-01781,23883,CONTEXT_ONLY,CONTEXT_ONLY,False,0,С впсочек вайтлистовых
msg-01782,23882,CONTEXT_ONLY,CONTEXT_ONLY,False,0,ГС СКИНУ
msg-01783,23881,CONTEXT_ONLY,CONTEXT_ONLY,False,0,ЩАС
msg-01784,23879,CONTEXT_ONLY,CONTEXT_ONLY,False,0,врешь опять
msg-01786,23878,CONTEXT_ONLY,CONTEXT_ONLY,False,0,боже
msg-01790,23874,CONTEXT_ONLY,CONTEXT_ONLY,False,0,Опять врешь боже
msg-01792,23871,CONTEXT_ONLY,CONTEXT_ONLY,False,0,Марет
msg-01793,23870,CONTEXT_ONLY,CONTEXT_ONLY,False,0,это другая сестра
msg-01797,23865,CONTEXT_ONLY,CONTEXT_ONLY,False,0,Есть
msg-01799,23862,CONTEXT_ONLY,CONTEXT_ONLY,False,0,Я посмотрю сколько ехать
msg-01800,23863,CONTEXT_ONLY,CONTEXT_ONLY,False,0,Безлим на вайтлисты
msg-01801,23860,CONTEXT_ONLY,CONTEXT_ONLY,False,0,Универ дай
msg-01802,23861,CONTEXT_ONLY,CONTEXT_ONLY,False,0,Хуя ты придумал
msg-01803,23859,CONTEXT_ONLY,CONTEXT_ONLY,False,0,Я гляну 2 часа езды
msg-01804,23858,CONTEXT_ONLY,CONTEXT_ONLY,False,0,мгу
msg-01805,23857,CONTEXT_ONLY,CONTEXT_ONLY,False,0,это университет
msg-01807,23855,CONTEXT_ONLY,CONTEXT_ONLY,False,0,школы
msg-01808,23854,CONTEXT_ONLY,CONTEXT_ONLY,False,0,И где ты живешь
msg-01812,23850,CONTEXT_ONLY,CONTEXT_ONLY,False,0,Quattro vpn заебись
msg-01816,23846,CONTEXT_ONLY,CONTEXT_ONLY,False,0,Сказочник
msg-01817,23845,CONTEXT_ONLY,CONTEXT_ONLY,False,0,Который уже выпустился
msg-01822,23839,CONTEXT_ONLY,CONTEXT_ONLY,False,0,мдох
msg-01823,23840,CONTEXT_ONLY,CONTEXT_ONLY,False,0,нет
msg-01825,23837,CONTEXT_ONLY,CONTEXT_ONLY,False,0,Не ве рю
msg-01826,23836,CONTEXT_ONLY,CONTEXT_ONLY,False,0,там 2 часа И ТО ЕСЛИ ПОВЕЗЕТ
msg-01827,23835,CONTEXT_ONLY,CONTEXT_ONLY,False,0,"оттуда 1,5"
msg-01829,23833,CONTEXT_ONLY,CONTEXT_ONLY,False,0,.
msg-01830,23832,CONTEXT_ONLY,CONTEXT_ONLY,False,0,НА СРАННЫЕ ПОЛЧАСА
msg-01831,23831,CONTEXT_ONLY,CONTEXT_ONLY,False,0,Максимум полтора часа
msg-01832,23830,CONTEXT_ONLY,CONTEXT_ONLY,False,0,АХХАХАХА
msg-01834,23829,CONTEXT_ONLY,CONTEXT_ONLY,False,0,Уйди в оффлайн
msg-01836,23826,CONTEXT_ONLY,CONTEXT_ONLY,False,0,ну
msg-01837,23825,CONTEXT_ONLY,CONTEXT_ONLY,False,0,Играть в геншин
msg-01840,23822,CONTEXT_ONLY,CONTEXT_ONLY,False,0,это офлайн называется
msg-01841,23821,CONTEXT_ONLY,CONTEXT_ONLY,False,0,Сегодня у меня кучи дел
msg-01843,23819,CONTEXT_ONLY,CONTEXT_ONLY,False,0,Наврядли
msg-01845,23817,CONTEXT_ONLY,CONTEXT_ONLY,False,0,Когда интернета нет
msg-01846,23815,CONTEXT_ONLY,CONTEXT_ONLY,False,0,кстати факт
msg-01848,23813,CONTEXT_ONLY,CONTEXT_ONLY,False,0,А про 6-7
msg-01849,23812,CONTEXT_ONLY,CONTEXT_ONLY,False,0,Я говорила не про 8
msg-01850,23811,CONTEXT_ONLY,CONTEXT_ONLY,False,0,не убдешь в 8 вставать
msg-01852,23809,CONTEXT_ONLY,CONTEXT_ONLY,False,0,ОММГГГГ
msg-01855,23806,CONTEXT_ONLY,CONTEXT_ONLY,False,0,.
msg-01856,23802,CONTEXT_ONLY,CONTEXT_ONLY,False,0,факт
msg-01857,23801,CONTEXT_ONLY,CONTEXT_ONLY,False,0,Удалила они мешали
msg-01858,23800,CONTEXT_ONLY,CONTEXT_ONLY,False,0,ГДЕ ТЕМЫ
msg-01859,23799,CONTEXT_ONLY,CONTEXT_ONLY,False,0,ЭЭЭ ТЫ ЗАСКАМИЛА МЕНЯ
msg-01860,23798,CONTEXT_ONLY,CONTEXT_ONLY,False,0,Волна да
msg-01861,23796,CONTEXT_ONLY,CONTEXT_ONLY,False,0,а где темы кстати
msg-01863,23795,CONTEXT_ONLY,CONTEXT_ONLY,False,0,вейв?
msg-01864,23794,CONTEXT_ONLY,CONTEXT_ONLY,False,0,О чем поболтаем
msg-01867,23791,CONTEXT_ONLY,CONTEXT_ONLY,False,0,оно как будто и обидно
msg-01869,23789,CONTEXT_ONLY,CONTEXT_ONLY,False,0,все понятно дрянная девченка
msg-01872,23786,CONTEXT_ONLY,CONTEXT_ONLY,False,0,Ты ливнул и игнорил
msg-01873,23785,CONTEXT_ONLY,CONTEXT_ONLY,False,0,чоооо
msg-01874,23784,CONTEXT_ONLY,CONTEXT_ONLY,False,0,ты спросила вообще?
msg-01877,23781,CONTEXT_ONLY,CONTEXT_ONLY,False,0,В тфт
msg-01878,23780,CONTEXT_ONLY,CONTEXT_ONLY,False,0,0
msg-01880,23778,CONTEXT_ONLY,CONTEXT_ONLY,False,0,Знаешь сколько там калорий?
msg-01881,23777,CONTEXT_ONLY,CONTEXT_ONLY,False,0,а где ты бала
msg-01882,23776,CONTEXT_ONLY,CONTEXT_ONLY,False,0,Угадала
msg-01883,23775,CONTEXT_ONLY,CONTEXT_ONLY,False,0,чай хлебаю
msg-01884,23774,CONTEXT_ONLY,CONTEXT_ONLY,False,0,нет
msg-01885,23773,CONTEXT_ONLY,CONTEXT_ONLY,False,0,поч я гой
msg-01886,23772,CONTEXT_ONLY,CONTEXT_ONLY,False,0,давай болтать
msg-01887,23771,CONTEXT_ONLY,CONTEXT_ONLY,False,0,Жрешь полюбому
msg-01888,23770,CONTEXT_ONLY,CONTEXT_ONLY,False,0,Ало гой
msg-01889,23769,CONTEXT_ONLY,CONTEXT_ONLY,False,0,ну алоооо
msg-01892,23765,CONTEXT_ONLY,CONTEXT_ONLY,False,0,белык списки это что
msg-01897,23759,CONTEXT_ONLY,CONTEXT_ONLY,False,0,ну ищи в чате
msg-01899,23757,CONTEXT_ONLY,CONTEXT_ONLY,False,0,Genvpn
msg-01900,23756,CONTEXT_ONLY,CONTEXT_ONLY,False,0,"Покаж, я деревянный"
msg-01903,23753,CONTEXT_ONLY,CONTEXT_ONLY,False,0,Ахах
msg-01914,23741,CONTEXT_ONLY,CONTEXT_ONLY,False,0,а ты крутая чика?
msg-01915,23740,CONTEXT_ONLY,CONTEXT_ONLY,False,0,Уль
msg-01916,23739,CONTEXT_ONLY,CONTEXT_ONLY,False,0,по статистике
msg-01917,23738,CONTEXT_ONLY,CONTEXT_ONLY,False,0,лонговал?
msg-01918,23737,CONTEXT_ONLY,CONTEXT_ONLY,False,0,чо ночью делал?
msg-01919,23735,CONTEXT_ONLY,CONTEXT_ONLY,False,0,Да
msg-01920,23736,CONTEXT_ONLY,CONTEXT_ONLY,False,0,Шорнивип
msg-01922,23732,CONTEXT_ONLY,CONTEXT_ONLY,False,0,сластерзабор
msg-01923,23731,CONTEXT_ONLY,CONTEXT_ONLY,False,0,Абдулекс
msg-01925,23730,CONTEXT_ONLY,CONTEXT_ONLY,False,0,Лексулох
msg-01928,23727,CONTEXT_ONLY,CONTEXT_ONLY,False,0,похуй
msg-01929,23726,CONTEXT_ONLY,CONTEXT_ONLY,False,0,да позх
msg-01935,23719,CONTEXT_ONLY,CONTEXT_ONLY,False,0,вот
msg-01936,23718,CONTEXT_ONLY,CONTEXT_ONLY,False,0,где лекс
msg-01937,23717,CONTEXT_ONLY,CONTEXT_ONLY,False,0,это лекс с твинка?
msg-01938,23716,CONTEXT_ONLY,CONTEXT_ONLY,False,0,чо щас делать
msg-01939,23715,CONTEXT_ONLY,CONTEXT_ONLY,False,0,лютый
msg-01940,23714,CONTEXT_ONLY,CONTEXT_ONLY,False,0,предиктер
msg-01942,23711,CONTEXT_ONLY,CONTEXT_ONLY,False,0,о как
msg-01945,23708,CONTEXT_ONLY,CONTEXT_ONLY,False,0,ничего нет)
msg-01947,23705,CONTEXT_ONLY,CONTEXT_ONLY,False,0,и
msg-01955,23697,CONTEXT_ONLY,CONTEXT_ONLY,False,0,и Вам!
msg-01957,23694,CONTEXT_ONLY,CONTEXT_ONLY,False,0,Ещё раз хорошего дня
msg-01958,23693,CONTEXT_ONLY,CONTEXT_ONLY,False,0,Я лонгую До 64
msg-01959,23692,CONTEXT_ONLY,CONTEXT_ONLY,False,0,И он её осознал
msg-01960,23691,CONTEXT_ONLY,CONTEXT_ONLY,False,0,хорош
msg-01962,23689,CONTEXT_ONLY,CONTEXT_ONLY,False,0,Это была большая ошибка
msg-01963,23686,CONTEXT_ONLY,CONTEXT_ONLY,False,0,шортим шортим
msg-01964,23685,CONTEXT_ONLY,CONTEXT_ONLY,False,0,и Вам!)
msg-01966,23683,CONTEXT_ONLY,CONTEXT_ONLY,False,0,Хорошего дня
msg-01968,23681,CONTEXT_ONLY,CONTEXT_ONLY,False,0,Я всё проверю и посмотрю
msg-01969,23680,CONTEXT_ONLY,CONTEXT_ONLY,False,0,Для меня это было самым главным
msg-01971,23678,CONTEXT_ONLY,CONTEXT_ONLY,False,0,Привет
msg-01972,23677,CONTEXT_ONLY,CONTEXT_ONLY,False,0,Апи работает ?
msg-01977,23671,CONTEXT_ONLY,CONTEXT_ONLY,False,0,8967528856:AAH_eyTtV3_L_ehjtb5Obexi5nMd3seipqg
msg-01987,23661,CONTEXT_ONLY,CONTEXT_ONLY,False,0,это бред
msg-01990,23658,CONTEXT_ONLY,CONTEXT_ONLY,False,0,эм
msg-01994,23654,CONTEXT_ONLY,CONTEXT_ONLY,False,0,.
msg-01995,23653,CONTEXT_ONLY,CONTEXT_ONLY,False,0,Куда
msg-01996,23652,CONTEXT_ONLY,CONTEXT_ONLY,False,0,В 23 30
msg-01999,23649,CONTEXT_ONLY,CONTEXT_ONLY,False,0,или сюжет?
msg-02002,23646,CONTEXT_ONLY,CONTEXT_ONLY,False,0,Я уезжаю в 14 если что
msg-02003,23645,CONTEXT_ONLY,CONTEXT_ONLY,False,0,Умоляю
msg-02007,23641,CONTEXT_ONLY,CONTEXT_ONLY,False,0,Где наврал
msg-02008,23640,CONTEXT_ONLY,CONTEXT_ONLY,False,0,Наврал поняла
msg-02010,23638,CONTEXT_ONLY,CONTEXT_ONLY,False,0,Прочитай что я спросила
msg-02011,23637,CONTEXT_ONLY,CONTEXT_ONLY,False,0,А я?
msg-02012,23636,CONTEXT_ONLY,CONTEXT_ONLY,False,0,Хоть 10 круток
msg-02015,23633,CONTEXT_ONLY,CONTEXT_ONLY,False,0,На максимум выкоадываемся
msg-02017,23631,CONTEXT_ONLY,CONTEXT_ONLY,False,0,Завтра баннер сандроне
msg-02018,23630,CONTEXT_ONLY,CONTEXT_ONLY,False,0,31 дня нет
msg-02019,23628,CONTEXT_ONLY,CONTEXT_ONLY,False,0,Загуглила
msg-02025,23621,CONTEXT_ONLY,CONTEXT_ONLY,False,0,Купить дину?
msg-02026,23620,CONTEXT_ONLY,CONTEXT_ONLY,False,0,Ща ятпроснусь
msg-02027,23619,CONTEXT_ONLY,CONTEXT_ONLY,False,0,Мдо
msg-02029,23616,CONTEXT_ONLY,CONTEXT_ONLY,False,0,Интересно почему
msg-02030,23615,CONTEXT_ONLY,CONTEXT_ONLY,False,0,Голова болит
msg-02031,23613,CONTEXT_ONLY,CONTEXT_ONLY,False,0,Ку
msg-02035,23610,CONTEXT_ONLY,CONTEXT_ONLY,False,0,Где почитать-посмотреть можно?
msg-02036,23608,CONTEXT_ONLY,CONTEXT_ONLY,False,0,Дак это стоит уже давно)
msg-02039,23606,CONTEXT_ONLY,CONTEXT_ONLY,False,1,@asati_yt В лс отвечает?
msg-02041,23604,CONTEXT_ONLY,CONTEXT_ONLY,False,0,Китайцы банчат
msg-02051,23591,CONTEXT_ONLY,CONTEXT_ONLY,False,0,а что не так глобально?
msg-02059,23582,CONTEXT_ONLY,CONTEXT_ONLY,False,0,Это как нахуй
msg-02061,23578,CONTEXT_ONLY,CONTEXT_ONLY,False,0,Это игрок
msg-02062,23577,CONTEXT_ONLY,CONTEXT_ONLY,False,0,Я в ахуе бро
msg-02068,23570,CONTEXT_ONLY,CONTEXT_ONLY,False,0,Как то по-другому уже зазвучало
msg-02070,23568,CONTEXT_ONLY,CONTEXT_ONLY,False,0,Эмоционально тяжко
msg-02073,23565,CONTEXT_ONLY,CONTEXT_ONLY,False,0,и с плечом х300
msg-02077,23561,CONTEXT_ONLY,CONTEXT_ONLY,False,0,а щас июньские шорты
msg-02078,23560,CONTEXT_ONLY,CONTEXT_ONLY,False,0,и можно июльские лонги открыть
msg-02081,23557,CONTEXT_ONLY,CONTEXT_ONLY,False,0,Лонги же июльские
msg-02083,23555,CONTEXT_ONLY,CONTEXT_ONLY,False,0,Тоже думаю что шорт
msg-02085,23553,CONTEXT_ONLY,CONTEXT_ONLY,False,0,Шорт скорее всего
msg-02087,23551,CONTEXT_ONLY,CONTEXT_ONLY,False,0,интересует опус
msg-02088,23550,CONTEXT_ONLY,CONTEXT_ONLY,False,0,желательно что с картами связано
msg-02089,23548,CONTEXT_ONLY,CONTEXT_ONLY,False,0,на завод
msg-02091,23547,CONTEXT_ONLY,CONTEXT_ONLY,False,0,парни что щас абузить можно?
msg-02092,23545,CONTEXT_ONLY,CONTEXT_ONLY,False,0,на работу идем
msg-02097,23540,CONTEXT_ONLY,CONTEXT_ONLY,False,0,"лютейшее кэширование, правильно"
msg-02099,23538,CONTEXT_ONLY,CONTEXT_ONLY,False,0,потому что то?
msg-02104,23531,CONTEXT_ONLY,CONTEXT_ONLY,False,0,та за шо
msg-02105,23530,CONTEXT_ONLY,CONTEXT_ONLY,False,0,Забанил человечника
msg-02106,23529,CONTEXT_ONLY,CONTEXT_ONLY,False,0,Хочу сдохнуть
msg-02123,23510,CONTEXT_ONLY,CONTEXT_ONLY,False,0,как успехи с миссиями в дроиде?
msg-02130,23502,CONTEXT_ONLY,CONTEXT_ONLY,False,0,гпт
msg-02131,23501,CONTEXT_ONLY,CONTEXT_ONLY,False,0,5.4
msg-02132,23500,CONTEXT_ONLY,CONTEXT_ONLY,False,0,Error submitting message
msg-02134,23498,CONTEXT_ONLY,CONTEXT_ONLY,False,0,ты че ебанулся
msg-02137,23493,CONTEXT_ONLY,CONTEXT_ONLY,False,1,@asati_yt ответь лс
msg-02138,23492,CONTEXT_ONLY,CONTEXT_ONLY,False,0,Не освоился ещё человек
msg-02139,23491,CONTEXT_ONLY,CONTEXT_ONLY,False,0,Ну типо того
msg-02142,23488,CONTEXT_ONLY,CONTEXT_ONLY,False,0,поступок мужчины
msg-02144,23486,CONTEXT_ONLY,CONTEXT_ONLY,False,0,красавчик
msg-02157,23473,CONTEXT_ONLY,CONTEXT_ONLY,False,0,а сейчас он где?
msg-02158,23472,CONTEXT_ONLY,CONTEXT_ONLY,False,0,Добавили уже сравнительно давно
msg-02162,23468,CONTEXT_ONLY,CONTEXT_ONLY,False,0,заебал ломаться
msg-02172,23457,CONTEXT_ONLY,CONTEXT_ONLY,False,0,я фикс
msg-02173,23456,CONTEXT_ONLY,CONTEXT_ONLY,False,0,нихуева идёт
msg-02175,23454,CONTEXT_ONLY,CONTEXT_ONLY,False,0,"О, привет!=)"
msg-02179,23448,CONTEXT_ONLY,CONTEXT_ONLY,False,0,Они уже расстановку опубликовали ?
msg-02180,23447,CONTEXT_ONLY,CONTEXT_ONLY,False,0,интересно
msg-02181,23446,CONTEXT_ONLY,CONTEXT_ONLY,False,0,голландцы в 5 защей выйдут
msg-02182,23445,CONTEXT_ONLY,CONTEXT_ONLY,False,0,Хотя они могут и в контроль
msg-02192,23435,CONTEXT_ONLY,CONTEXT_ONLY,False,0,Лигу нации глянь
msg-02196,23431,CONTEXT_ONLY,CONTEXT_ONLY,False,0,нормально
msg-02200,23427,CONTEXT_ONLY,CONTEXT_ONLY,False,0,Свкаа лудоманы...
msg-02207,23419,CONTEXT_ONLY,CONTEXT_ONLY,False,0,Теперь они
msg-02211,23415,CONTEXT_ONLY,CONTEXT_ONLY,False,0,Нет командного духа
msg-02213,23413,CONTEXT_ONLY,CONTEXT_ONLY,False,0,почти
msg-02214,23412,CONTEXT_ONLY,CONTEXT_ONLY,False,0,всегда
msg-02216,23410,CONTEXT_ONLY,CONTEXT_ONLY,False,0,как же хорошо быть нищим
msg-02222,23404,CONTEXT_ONLY,CONTEXT_ONLY,False,0,Яйцо на лицо)))))
msg-02223,23403,CONTEXT_ONLY,CONTEXT_ONLY,False,0,На лице скорее)
msg-02224,23401,CONTEXT_ONLY,CONTEXT_ONLY,False,0,так они у германии под подбородком
msg-02229,23396,CONTEXT_ONLY,CONTEXT_ONLY,False,0,Еще есть куда прогрессировать)
msg-02231,23394,CONTEXT_ONLY,CONTEXT_ONLY,False,0,Ахахахаха пиздец
msg-02232,23393,CONTEXT_ONLY,CONTEXT_ONLY,False,0,Аут
msg-02233,23392,CONTEXT_ONLY,CONTEXT_ONLY,False,0,Ахахахаххах
msg-02234,23391,CONTEXT_ONLY,CONTEXT_ONLY,False,0,германия позор
msg-02235,23390,CONTEXT_ONLY,CONTEXT_ONLY,False,0,все пиздец
msg-02236,23389,CONTEXT_ONLY,CONTEXT_ONLY,False,0,"Ну да, пиздец"
msg-02238,23387,CONTEXT_ONLY,CONTEXT_ONLY,False,0,Там защитники бьют
msg-02239,23386,CONTEXT_ONLY,CONTEXT_ONLY,False,0,Бля
msg-02240,23385,CONTEXT_ONLY,CONTEXT_ONLY,False,0,не может такого быть
msg-02241,23384,CONTEXT_ONLY,CONTEXT_ONLY,False,0,пиздеец
msg-02245,23380,CONTEXT_ONLY,CONTEXT_ONLY,False,0,Если щас немцы проебутся
msg-02246,23369,CONTEXT_ONLY,CONTEXT_ONLY,False,0,шоу
msg-02248,23367,CONTEXT_ONLY,CONTEXT_ONLY,False,0,я хуею
msg-02249,23366,CONTEXT_ONLY,CONTEXT_ONLY,False,0,ДА НУ НАХУЙЙ
msg-02250,23365,CONTEXT_ONLY,CONTEXT_ONLY,False,0,ахаххахах
msg-02252,23363,CONTEXT_ONLY,CONTEXT_ONLY,False,0,динамо
msg-02253,23362,CONTEXT_ONLY,CONTEXT_ONLY,False,0,АХАХАХАХАХАХАХАХ
msg-02256,23359,CONTEXT_ONLY,CONTEXT_ONLY,False,0,4 3 ща будет
msg-02259,23356,CONTEXT_ONLY,CONTEXT_ONLY,False,0,Жалко только киммиха
msg-02262,23351,CONTEXT_ONLY,CONTEXT_ONLY,False,0,Паспорт и всё
msg-02263,23353,CONTEXT_ONLY,CONTEXT_ONLY,False,0,АХАХАХХАХАХА
msg-02264,23352,CONTEXT_ONLY,CONTEXT_ONLY,False,0,БЛЯЯЯ
msg-02265,23350,CONTEXT_ONLY,CONTEXT_ONLY,False,0,Как исполнитель пенки хз
msg-02266,23349,CONTEXT_ONLY,CONTEXT_ONLY,False,0,Опа есть шанс
msg-02267,23348,CONTEXT_ONLY,CONTEXT_ONLY,False,0,Вольтемаде топ защитник
msg-02270,23345,CONTEXT_ONLY,CONTEXT_ONLY,False,0,Сукааааа
msg-02271,23344,CONTEXT_ONLY,CONTEXT_ONLY,False,0,Пзахахаха
msg-02272,23343,CONTEXT_ONLY,CONTEXT_ONLY,False,0,что он творит нахуй
msg-02273,23341,CONTEXT_ONLY,CONTEXT_ONLY,False,0,Пиздееец)
msg-02274,23340,CONTEXT_ONLY,CONTEXT_ONLY,False,0,ебааать
msg-02275,23339,CONTEXT_ONLY,CONTEXT_ONLY,False,0,Германия аут парни
msg-02277,23337,CONTEXT_ONLY,CONTEXT_ONLY,False,0,не поймал жалко
msg-02278,23336,CONTEXT_ONLY,CONTEXT_ONLY,False,0,ебать хиль угадывает
msg-02279,23335,CONTEXT_ONLY,CONTEXT_ONLY,False,0,А там только хаверц
msg-02281,23333,CONTEXT_ONLY,CONTEXT_ONLY,False,0,пиздец немцы вляпались
msg-02283,23331,CONTEXT_ONLY,CONTEXT_ONLY,False,0,Потом что Бензема творил
msg-02289,23325,CONTEXT_ONLY,CONTEXT_ONLY,False,0,И не поспоришь
msg-02290,23324,CONTEXT_ONLY,CONTEXT_ONLY,False,0,Да и с ним также
msg-02297,23317,CONTEXT_ONLY,CONTEXT_ONLY,False,0,На индивидуалке
msg-02307,23307,CONTEXT_ONLY,CONTEXT_ONLY,False,0,Посмотрим с Хорватией
msg-02314,23299,CONTEXT_ONLY,CONTEXT_ONLY,False,0,Поспорил бы
msg-02316,23297,CONTEXT_ONLY,CONTEXT_ONLY,False,0,Это второй основной состав
msg-02320,23287,CONTEXT_ONLY,CONTEXT_ONLY,False,0,У них сетка ебанутая
msg-02321,23286,CONTEXT_ONLY,CONTEXT_ONLY,False,0,Мне кажется
msg-02322,23285,CONTEXT_ONLY,CONTEXT_ONLY,False,0,Портулагия вылетит
msg-02323,23284,CONTEXT_ONLY,CONTEXT_ONLY,False,0,Нээ
msg-02328,23279,CONTEXT_ONLY,CONTEXT_ONLY,False,0,Возинья против Аргентины
msg-02329,23278,CONTEXT_ONLY,CONTEXT_ONLY,False,0,Франция Швеция
msg-02330,23277,CONTEXT_ONLY,CONTEXT_ONLY,False,0,Можно тоже глянуть
msg-02331,23276,CONTEXT_ONLY,CONTEXT_ONLY,False,0,Бельгия сенегал
msg-02335,23272,CONTEXT_ONLY,CONTEXT_ONLY,False,0,3 тур был
msg-02336,23271,CONTEXT_ONLY,CONTEXT_ONLY,False,0,Нихуя не понял
msg-02337,23270,CONTEXT_ONLY,CONTEXT_ONLY,False,0,Если они вылетели
msg-02340,23266,CONTEXT_ONLY,CONTEXT_ONLY,False,0,"Да, матеуша"
msg-02341,23265,CONTEXT_ONLY,CONTEXT_ONLY,False,0,Из вест хэма?
msg-02345,23261,CONTEXT_ONLY,CONTEXT_ONLY,False,0,Щас фернандеша заберут
msg-02347,23259,CONTEXT_ONLY,CONTEXT_ONLY,False,0,Потом чет сдулись они
msg-02348,23258,CONTEXT_ONLY,CONTEXT_ONLY,False,0,Грузил на них
msg-02349,23257,CONTEXT_ONLY,CONTEXT_ONLY,False,0,Шла без поражений
msg-02350,23256,CONTEXT_ONLY,CONTEXT_ONLY,False,0,Робин Гуд какой-то
msg-02353,23253,CONTEXT_ONLY,CONTEXT_ONLY,False,0,Заиграют
msg-02359,23247,CONTEXT_ONLY,CONTEXT_ONLY,False,0,инфа вот отсюда
msg-02360,23246,CONTEXT_ONLY,CONTEXT_ONLY,False,0,"а, сорян, не сутки"
msg-02361,23245,CONTEXT_ONLY,CONTEXT_ONLY,False,0,В лч
msg-02362,23244,CONTEXT_ONLY,CONTEXT_ONLY,False,0,Заберет
msg-02363,23243,CONTEXT_ONLY,CONTEXT_ONLY,False,0,Бавария
msg-02364,23242,CONTEXT_ONLY,CONTEXT_ONLY,False,0,27 думаю
msg-02365,23241,CONTEXT_ONLY,CONTEXT_ONLY,False,0,Нэ
msg-02368,23238,CONTEXT_ONLY,CONTEXT_ONLY,False,0,В ливере
msg-02370,23236,CONTEXT_ONLY,CONTEXT_ONLY,False,0,Как вирца купили
msg-02374,23232,CONTEXT_ONLY,CONTEXT_ONLY,False,0,Это рэшфорд 2.0 даже хуже
msg-02375,23231,CONTEXT_ONLY,CONTEXT_ONLY,False,0,Нахуй нужен
msg-02376,23230,CONTEXT_ONLY,CONTEXT_ONLY,False,0,О отменили германии гол
msg-02377,23229,CONTEXT_ONLY,CONTEXT_ONLY,False,0,Раскрылся в испании
msg-02378,23227,CONTEXT_ONLY,CONTEXT_ONLY,False,0,Перспективный игрок
msg-02379,23226,CONTEXT_ONLY,CONTEXT_ONLY,False,0,Зажали
msg-02380,23225,CONTEXT_ONLY,CONTEXT_ONLY,False,0,А гордона за 80
msg-02382,23223,CONTEXT_ONLY,CONTEXT_ONLY,False,0,Хорошо играл
msg-02383,23222,CONTEXT_ONLY,CONTEXT_ONLY,False,0,А мбейп
msg-02388,23217,CONTEXT_ONLY,CONTEXT_ONLY,False,0,Смотрю
msg-02391,23214,CONTEXT_ONLY,CONTEXT_ONLY,False,0,?
msg-02392,23213,CONTEXT_ONLY,CONTEXT_ONLY,False,0,Левы
msg-02395,23210,CONTEXT_ONLY,CONTEXT_ONLY,False,0,3 год вроде
msg-02396,23209,CONTEXT_ONLY,CONTEXT_ONLY,False,0,Баварии сколько он уже
msg-02397,23208,CONTEXT_ONLY,CONTEXT_ONLY,False,0,32 вроде
msg-02398,23207,CONTEXT_ONLY,CONTEXT_ONLY,False,0,35?
msg-02399,23206,CONTEXT_ONLY,CONTEXT_ONLY,False,0,Пиздец)
msg-02400,23205,CONTEXT_ONLY,CONTEXT_ONLY,False,0,Щас
msg-02402,23203,CONTEXT_ONLY,CONTEXT_ONLY,False,0,Ему сколько
msg-02405,23200,CONTEXT_ONLY,CONTEXT_ONLY,False,0,Конкретно
msg-02406,23199,CONTEXT_ONLY,CONTEXT_ONLY,False,0,Засудили же
msg-02407,23198,CONTEXT_ONLY,CONTEXT_ONLY,False,0,Травма в 98 послужила
msg-02408,23194,CONTEXT_ONLY,CONTEXT_ONLY,False,0,и тебе! буду рад)
msg-02410,23196,CONTEXT_ONLY,CONTEXT_ONLY,False,0,Я на 9 был
msg-02412,23193,CONTEXT_ONLY,CONTEXT_ONLY,False,0,еще напишу! доброй ночи!
msg-02416,23190,CONTEXT_ONLY,CONTEXT_ONLY,False,0,Харри Кейн
msg-02417,23188,CONTEXT_ONLY,CONTEXT_ONLY,False,0,надо отойти)
msg-02418,23187,CONTEXT_ONLY,CONTEXT_ONLY,False,0,Если только
msg-02419,23186,CONTEXT_ONLY,CONTEXT_ONLY,False,0,За чекушку ему надо
msg-02420,23185,CONTEXT_ONLY,CONTEXT_ONLY,False,0,"Ну а кто, рафа?"
msg-02422,23183,CONTEXT_ONLY,CONTEXT_ONLY,False,0,Я думаю потолок их это 1/8
msg-02423,23182,CONTEXT_ONLY,CONTEXT_ONLY,False,0,Это тоже ту матч
msg-02424,23181,CONTEXT_ONLY,CONTEXT_ONLY,False,0,Дембеле на 1
msg-02426,23179,CONTEXT_ONLY,CONTEXT_ONLY,False,0,это взаимно!
msg-02427,23178,CONTEXT_ONLY,CONTEXT_ONLY,False,0,Хочу чтоб вылетели
msg-02428,23177,CONTEXT_ONLY,CONTEXT_ONLY,False,0,Соснут
msg-02429,23176,CONTEXT_ONLY,CONTEXT_ONLY,False,0,Фифа бой
msg-02431,23174,CONTEXT_ONLY,CONTEXT_ONLY,False,0,Хорватия
msg-02433,23172,CONTEXT_ONLY,CONTEXT_ONLY,False,0,Будет
msg-02434,23171,CONTEXT_ONLY,CONTEXT_ONLY,False,0,Портулагия с кем
msg-02436,23169,CONTEXT_ONLY,CONTEXT_ONLY,False,0,я ждал проеб как в 45-м
msg-02437,23168,CONTEXT_ONLY,CONTEXT_ONLY,False,0,все пизда германия
msg-02438,23167,CONTEXT_ONLY,CONTEXT_ONLY,False,0,анжи прайм
msg-02439,23165,CONTEXT_ONLY,CONTEXT_ONLY,False,0,Анжи махачкала
msg-02443,23161,CONTEXT_ONLY,CONTEXT_ONLY,False,0,удаление помогло
msg-02445,23159,CONTEXT_ONLY,CONTEXT_ONLY,False,0,да
msg-02452,23152,CONTEXT_ONLY,CONTEXT_ONLY,False,0,Начали чет они
msg-02459,23145,CONTEXT_ONLY,CONTEXT_ONLY,False,0,гегемон реала
msg-02460,23144,CONTEXT_ONLY,CONTEXT_ONLY,False,0,В 16 начал смотреть
msg-02462,23142,CONTEXT_ONLY,CONTEXT_ONLY,False,0,я проклял этот клуб
msg-02464,23140,CONTEXT_ONLY,CONTEXT_ONLY,False,0,Неа
msg-02465,23139,CONTEXT_ONLY,CONTEXT_ONLY,False,0,Хряч старый
msg-02467,23137,CONTEXT_ONLY,CONTEXT_ONLY,False,0,сборные хуйня
msg-02468,23136,CONTEXT_ONLY,CONTEXT_ONLY,False,0,Ебучий пеналду забил
msg-02469,23135,CONTEXT_ONLY,CONTEXT_ONLY,False,0,Испании
msg-02471,23133,CONTEXT_ONLY,CONTEXT_ONLY,False,0,За чекушку
msg-02472,23132,CONTEXT_ONLY,CONTEXT_ONLY,False,0,У себя во дворе
msg-02476,23128,CONTEXT_ONLY,CONTEXT_ONLY,False,0,Пердим
msg-02477,23127,CONTEXT_ONLY,CONTEXT_ONLY,False,0,ну результата добиваются
msg-02478,23126,CONTEXT_ONLY,CONTEXT_ONLY,False,0,телефон надо
msg-02479,23124,CONTEXT_ONLY,CONTEXT_ONLY,False,0,блч
msg-02480,23125,CONTEXT_ONLY,CONTEXT_ONLY,False,0,Педики одни
msg-02481,23123,CONTEXT_ONLY,CONTEXT_ONLY,False,0,?
msg-02483,23121,CONTEXT_ONLY,CONTEXT_ONLY,False,0,сидим - сидим
msg-02484,23120,CONTEXT_ONLY,CONTEXT_ONLY,False,0,норм надо пиздец
msg-02486,23119,CONTEXT_ONLY,CONTEXT_ONLY,False,0,топ3
msg-02487,23118,CONTEXT_ONLY,CONTEXT_ONLY,False,0,да не нормально
msg-02488,23116,CONTEXT_ONLY,CONTEXT_ONLY,False,0,Англию тогда уж
msg-02490,23114,CONTEXT_ONLY,CONTEXT_ONLY,False,0,Испания тухляк
msg-02491,23113,CONTEXT_ONLY,CONTEXT_ONLY,False,0,Не
msg-02492,23112,CONTEXT_ONLY,CONTEXT_ONLY,False,0,такой
msg-02493,23111,CONTEXT_ONLY,CONTEXT_ONLY,False,0,топ 3
msg-02494,23110,CONTEXT_ONLY,CONTEXT_ONLY,False,0,франция аргентина испания
msg-02495,23109,CONTEXT_ONLY,CONTEXT_ONLY,False,0,Они самые бодрые
msg-02496,23108,CONTEXT_ONLY,CONTEXT_ONLY,False,0,достойных мало
msg-02497,23107,CONTEXT_ONLY,CONTEXT_ONLY,False,0,сидим сидим
msg-02499,23105,CONTEXT_ONLY,CONTEXT_ONLY,False,0,мб мб
msg-02500,23104,CONTEXT_ONLY,CONTEXT_ONLY,False,0,Снова
msg-02501,23103,CONTEXT_ONLY,CONTEXT_ONLY,False,0,Финал
msg-02502,23102,CONTEXT_ONLY,CONTEXT_ONLY,False,0,Аргентина
msg-02503,23101,CONTEXT_ONLY,CONTEXT_ONLY,False,0,Франция
msg-02504,23100,CONTEXT_ONLY,CONTEXT_ONLY,False,0,Мое мнение
msg-02505,23099,CONTEXT_ONLY,CONTEXT_ONLY,False,0,слабо ебем?
msg-02506,23098,CONTEXT_ONLY,CONTEXT_ONLY,False,0,Ебанешься
msg-02509,23096,CONTEXT_ONLY,CONTEXT_ONLY,False,0,с панамой
msg-02510,23094,CONTEXT_ONLY,CONTEXT_ONLY,False,0,ну
msg-02512,23092,CONTEXT_ONLY,CONTEXT_ONLY,False,0,Я думал уже 1/8
msg-02524,23080,CONTEXT_ONLY,ATTACH_AS_CORROBORATING_EVIDENCE,False,0,не дурно
msg-02527,23077,CONTEXT_ONLY,CONTEXT_ONLY,False,0,Ща я биток куплю
msg-02532,23072,CONTEXT_ONLY,ATTACH_AS_CORROBORATING_EVIDENCE,False,0,ну или проверь я хуею
msg-02533,23071,CONTEXT_ONLY,ATTACH_AS_CORROBORATING_EVIDENCE,False,0,много ли лимитов?
msg-02534,23070,CONTEXT_ONLY,ATTACH_AS_CORROBORATING_EVIDENCE,False,0,надо сделать так
msg-02536,23069,CONTEXT_ONLY,CONTEXT_ONLY,False,0,Вдруг рабство 😂
msg-02538,23066,CONTEXT_ONLY,ATTACH_AS_CORROBORATING_EVIDENCE,False,0,Но все равно 5.5 добавили
msg-02539,23065,CONTEXT_ONLY,CONTEXT_ONLY,False,0,"Нет,иди нахуй"
msg-02541,23063,CONTEXT_ONLY,CONTEXT_ONLY,False,0,1/16 ждем
msg-02542,23062,CONTEXT_ONLY,CONTEXT_ONLY,False,0,"Ну что вы, спите?"
msg-02543,23061,CONTEXT_ONLY,CONTEXT_ONLY,False,0,да
msg-02544,23060,CONTEXT_ONLY,CONTEXT_ONLY,False,0,Или нет еще
msg-02545,23059,CONTEXT_ONLY,CONTEXT_ONLY,False,0,Они же вышли уже
msg-02548,23056,CONTEXT_ONLY,ATTACH_AS_CORROBORATING_EVIDENCE,False,0,"К сожалению, пока что да"
msg-02552,23052,CONTEXT_ONLY,CONTEXT_ONLY,False,0,ждем англию
msg-02553,23051,CONTEXT_ONLY,ATTACH_AS_CORROBORATING_EVIDENCE,False,0,есть только 5.4 mini
msg-02554,23049,CONTEXT_ONLY,CONTEXT_ONLY,False,0,чё по лимитам там
msg-02557,23046,CONTEXT_ONLY,ATTACH_AS_CORROBORATING_EVIDENCE,False,0,2 в 1
msg-02559,23044,CONTEXT_ONLY,ATTACH_AS_CORROBORATING_EVIDENCE,False,0,туплю
msg-02560,23043,CONTEXT_ONLY,ATTACH_AS_CORROBORATING_EVIDENCE,False,0,или слепые или тупые
msg-02561,23042,CONTEXT_ONLY,ATTACH_AS_CORROBORATING_EVIDENCE,False,0,бля
msg-02562,23040,CONTEXT_ONLY,ATTACH_AS_CORROBORATING_EVIDENCE,False,0,а стоп
msg-02563,23039,CONTEXT_ONLY,ATTACH_AS_CORROBORATING_EVIDENCE,False,1,@ozerov_maxim
msg-02564,23037,CONTEXT_ONLY,CONTEXT_ONLY,False,0,"знал бы, сказал"
msg-02565,23036,CONTEXT_ONLY,CONTEXT_ONLY,False,0,вопрос ахуительный)
msg-02566,23035,CONTEXT_ONLY,ATTACH_AS_CORROBORATING_EVIDENCE,False,0,И где 5.5 mini?
msg-02567,23034,CONTEXT_ONLY,ATTACH_AS_CORROBORATING_EVIDENCE,False,0,Ну прикинь
msg-02568,23031,CONTEXT_ONLY,ATTACH_AS_CORROBORATING_EVIDENCE,False,0,Это же рофл?)
msg-02569,23030,CONTEXT_ONLY,CONTEXT_ONLY,False,0,Личный проект
msg-02571,23028,CONTEXT_ONLY,CONTEXT_ONLY,False,0,Какие тебе пруфы
msg-02572,23027,CONTEXT_ONLY,ATTACH_AS_CORROBORATING_EVIDENCE,False,0,Да
msg-02577,23022,CONTEXT_ONLY,ATTACH_AS_CORROBORATING_EVIDENCE,False,0,я видел такое
msg-02579,23019,CONTEXT_ONLY,ATTACH_AS_CORROBORATING_EVIDENCE,False,0,хахахах
msg-02580,23020,CONTEXT_ONLY,CONTEXT_ONLY,False,0,Оз 3.5тм
msg-02582,23017,CONTEXT_ONLY,ATTACH_AS_CORROBORATING_EVIDENCE,False,0,обычно так
msg-02583,23014,CONTEXT_ONLY,ATTACH_AS_CORROBORATING_EVIDENCE,False,0,Ну там схожие ники
msg-02584,23015,CONTEXT_ONLY,CONTEXT_ONLY,False,0,О значит второй заход
msg-02585,23012,CONTEXT_ONLY,ATTACH_AS_CORROBORATING_EVIDENCE,False,0,а как проверят то
msg-02586,23013,CONTEXT_ONLY,CONTEXT_ONLY,False,0,какой сука парагвай
msg-02587,23011,CONTEXT_ONLY,ATTACH_AS_CORROBORATING_EVIDENCE,False,0,там как фейки не будет считать
msg-02588,23010,CONTEXT_ONLY,ATTACH_AS_CORROBORATING_EVIDENCE,False,0,Да
msg-02589,23008,CONTEXT_ONLY,ATTACH_AS_CORROBORATING_EVIDENCE,False,0,а если твинков нарефать?
msg-02591,23006,CONTEXT_ONLY,ATTACH_AS_CORROBORATING_EVIDENCE,False,0,анлимит опус?
msg-02592,23007,CONTEXT_ONLY,CONTEXT_ONLY,False,0,я так люблю германию
msg-02594,23004,CONTEXT_ONLY,CONTEXT_ONLY,False,0,я не верю в это нахуй
msg-02595,23003,CONTEXT_ONLY,CONTEXT_ONLY,False,0,это просто ебаный позор
msg-02596,23002,CONTEXT_ONLY,CONTEXT_ONLY,False,0,щас допы будут
msg-02597,23001,CONTEXT_ONLY,CONTEXT_ONLY,False,0,1:1 основное
msg-02601,22997,CONTEXT_ONLY,ATTACH_AS_CORROBORATING_EVIDENCE,False,0,там нужно помоделе смотреть
msg-02602,22996,CONTEXT_ONLY,ATTACH_AS_CORROBORATING_EVIDENCE,False,0,ну ок
msg-02605,22993,CONTEXT_ONLY,ATTACH_AS_CORROBORATING_EVIDENCE,False,0,Которые проверяют
msg-02606,22992,CONTEXT_ONLY,ATTACH_AS_CORROBORATING_EVIDENCE,False,0,Там же были сайты
msg-02607,22991,CONTEXT_ONLY,ATTACH_AS_CORROBORATING_EVIDENCE,False,0,Типо безлимит
msg-02609,22989,CONTEXT_ONLY,ATTACH_AS_CORROBORATING_EVIDENCE,False,0,+
msg-02612,22986,CONTEXT_ONLY,ATTACH_AS_CORROBORATING_EVIDENCE,False,0,какие лимиты?
msg-02614,22984,CONTEXT_ONLY,ATTACH_AS_CORROBORATING_EVIDENCE,False,0,в чем универсальность
msg-02616,22982,CONTEXT_ONLY,ATTACH_AS_CORROBORATING_EVIDENCE,False,0,Как*
msg-02618,22980,CONTEXT_ONLY,CONTEXT_ONLY,False,0,Счет
msg-02619,22979,CONTEXT_ONLY,CONTEXT_ONLY,False,0,Чьо там
msg-02620,22978,CONTEXT_ONLY,ATTACH_AS_CORROBORATING_EVIDENCE,False,0,а в чем прикол
msg-02622,22974,CONTEXT_ONLY,CONTEXT_ONLY,False,0,бразилия 2.0
msg-02623,22973,CONTEXT_ONLY,CONTEXT_ONLY,False,0,ладно я немного верю
msg-02624,22972,CONTEXT_ONLY,CONTEXT_ONLY,False,0,вот и соснула барса
msg-02627,22969,NEEDS_ENRICHMENT,CONTEXT_ONLY,False,1,https://www.youtube.com/watch?v=mon7lcHWIbQ
msg-02636,22960,CONTEXT_ONLY,CONTEXT_ONLY,False,0,это что за реклама была ?
msg-02640,22954,CONTEXT_ONLY,CONTEXT_ONLY,False,0,вот именно
msg-02641,22953,CONTEXT_ONLY,CONTEXT_ONLY,False,0,нет проблем с клаудом
msg-02642,22952,CONTEXT_ONLY,CONTEXT_ONLY,False,0,А то это позор
msg-02644,22950,CONTEXT_ONLY,CONTEXT_ONLY,False,0,меню ваще хайп
msg-02645,22949,CONTEXT_ONLY,CONTEXT_ONLY,False,0,А что за работа ?
msg-02647,22948,CONTEXT_ONLY,CONTEXT_ONLY,False,0,70
msg-02648,22946,CONTEXT_ONLY,CONTEXT_ONLY,False,0,Не смотрю
msg-02649,22945,CONTEXT_ONLY,CONTEXT_ONLY,False,0,Какая минута
msg-02650,22944,CONTEXT_ONLY,CONTEXT_ONLY,False,0,Просто фактами делюсь
msg-02651,22940,CONTEXT_ONLY,CONTEXT_ONLY,False,0,Да я не хвастаюсь
msg-02652,22943,CONTEXT_ONLY,CONTEXT_ONLY,False,0,Еще один максимум дадут
msg-02654,22941,CONTEXT_ONLY,CONTEXT_ONLY,False,0,Да не
msg-02656,22937,CONTEXT_ONLY,CONTEXT_ONLY,False,0,Ну тут скорее тб
msg-02657,22939,CONTEXT_ONLY,CONTEXT_ONLY,False,0,Ты че хвастаешься тут
msg-02658,22936,CONTEXT_ONLY,CONTEXT_ONLY,False,0,Оз есть
msg-02659,22935,CONTEXT_ONLY,CONTEXT_ONLY,False,0,с такими голами
msg-02660,22933,CONTEXT_ONLY,CONTEXT_ONLY,False,0,а ну это нормально..
msg-02661,22932,CONTEXT_ONLY,CONTEXT_ONLY,False,0,но я ужимался впритык
msg-02662,22931,CONTEXT_ONLY,CONTEXT_ONLY,False,0,😱😱
msg-02663,22930,CONTEXT_ONLY,CONTEXT_ONLY,False,0,за 29 дней
msg-02664,22929,CONTEXT_ONLY,CONTEXT_ONLY,False,0,за сколько времени
msg-02665,22928,CONTEXT_ONLY,CONTEXT_ONLY,False,0,перешел на х20
msg-02667,22926,CONTEXT_ONLY,CONTEXT_ONLY,False,0,На 20$
msg-02674,22921,CONTEXT_ONLY,CONTEXT_ONLY,False,0,Это круто
msg-02675,22918,CONTEXT_ONLY,CONTEXT_ONLY,False,0,70-85%
msg-02678,22915,CONTEXT_ONLY,ATTACH_AS_CORROBORATING_EVIDENCE,False,0,по фактах
msg-02681,22911,CONTEXT_ONLY,ATTACH_AS_CORROBORATING_EVIDENCE,False,0,Для агентво
msg-02683,22909,NEEDS_ENRICHMENT,ATTACH_AS_CORROBORATING_EVIDENCE,False,1,https://github.com/am-will/lynk
msg-02686,22906,CONTEXT_ONLY,CONTEXT_ONLY,False,0,серега реально крутой
msg-02687,22904,CONTEXT_ONLY,ATTACH_AS_CORROBORATING_EVIDENCE,False,0,Нужно вот так переписываться
msg-02688,22903,CONTEXT_ONLY,ATTACH_AS_CORROBORATING_EVIDENCE,False,0,Так скучно читать
msg-02691,22901,CONTEXT_ONLY,CONTEXT_ONLY,False,0,Ты как?
msg-02692,22899,CONTEXT_ONLY,ATTACH_AS_CORROBORATING_EVIDENCE,False,0,вообще без контекста
msg-02694,22897,CONTEXT_ONLY,ATTACH_AS_CORROBORATING_EVIDENCE,False,0,Несут счастья и удачу
msg-02698,22893,CONTEXT_ONLY,CONTEXT_ONLY,False,0,Забей
msg-02699,22892,CONTEXT_ONLY,CONTEXT_ONLY,False,0,Тарантиновские диалоги
msg-02701,22890,CONTEXT_ONLY,CONTEXT_ONLY,False,0,что блять
msg-02702,22889,CONTEXT_ONLY,CONTEXT_ONLY,False,0,А я думал то ты
msg-02703,22888,CONTEXT_ONLY,CONTEXT_ONLY,False,0,чего
msg-02705,22886,CONTEXT_ONLY,CONTEXT_ONLY,False,0,переслал
msg-02710,22881,CONTEXT_ONLY,ATTACH_AS_CORROBORATING_EVIDENCE,False,0,Что у тебя за системные инструкции...)
msg-02711,22880,CONTEXT_ONLY,ATTACH_AS_CORROBORATING_EVIDENCE,False,0,джокер блядь ебаный
msg-02712,22879,CONTEXT_ONLY,CONTEXT_ONLY,False,1,@xoskaz
msg-02714,22877,CONTEXT_ONLY,CONTEXT_ONLY,False,0,О
msg-02720,22871,CONTEXT_ONLY,CONTEXT_ONLY,False,0,Уже фиксируем прибыль или еще посидим?
msg-02721,22870,CONTEXT_ONLY,CONTEXT_ONLY,False,0,друг ты че
msg-02722,22869,CONTEXT_ONLY,CONTEXT_ONLY,False,0,🫪
msg-02724,22867,CONTEXT_ONLY,CONTEXT_ONLY,False,0,а ты че)
msg-02725,22866,CONTEXT_ONLY,CONTEXT_ONLY,False,0,Бронекофе
msg-02727,22864,CONTEXT_ONLY,CONTEXT_ONLY,False,0,Бронекофе
msg-02729,22863,CONTEXT_ONLY,CONTEXT_ONLY,False,0,А я?
msg-02742,22849,CONTEXT_ONLY,CONTEXT_ONLY,False,0,Это к покупке
msg-02743,22848,CONTEXT_ONLY,CONTEXT_ONLY,False,0,Чисто Павла
msg-02744,22847,CONTEXT_ONLY,CONTEXT_ONLY,False,0,Но думаю что да
msg-02745,22846,CONTEXT_ONLY,CONTEXT_ONLY,False,0,Не знаю
msg-02746,22845,CONTEXT_ONLY,CONTEXT_ONLY,False,0,Это к шортам?
msg-02748,22843,CONTEXT_ONLY,CONTEXT_ONLY,False,0,Мне так удобнее
msg-02752,22838,CONTEXT_ONLY,CONTEXT_ONLY,False,0,Немцы соберитесь!
msg-02753,22837,CONTEXT_ONLY,CONTEXT_ONLY,False,0,Щас выебут
msg-02754,22836,CONTEXT_ONLY,CONTEXT_ONLY,False,0,на 42ой
msg-02755,22835,CONTEXT_ONLY,CONTEXT_ONLY,False,0,парагвай забил
msg-02756,22834,CONTEXT_ONLY,CONTEXT_ONLY,False,0,1:0 там
msg-02757,22833,CONTEXT_ONLY,CONTEXT_ONLY,False,0,А что там щас
msg-02758,22832,CONTEXT_ONLY,CONTEXT_ONLY,False,0,Хз я не смотрю
msg-02764,22825,CONTEXT_ONLY,CONTEXT_ONLY,False,0,Запретить комментировать надо сразу
msg-02768,22821,CONTEXT_ONLY,CONTEXT_ONLY,False,0,всм ремонта нет
msg-02770,22818,CONTEXT_ONLY,CONTEXT_ONLY,False,0,нет
msg-02773,22815,CONTEXT_ONLY,ATTACH_AS_CORROBORATING_EVIDENCE,False,0,это же крис?
msg-02774,22814,CONTEXT_ONLY,ATTACH_AS_CORROBORATING_EVIDENCE,False,0,неплохо играет крис
msg-02776,22812,CONTEXT_ONLY,CONTEXT_ONLY,False,0,услышала
msg-02777,22811,CONTEXT_ONLY,CONTEXT_ONLY,False,0,женщина проснулаьсь
msg-02778,22810,CONTEXT_ONLY,CONTEXT_ONLY,False,0,как оно
msg-02779,22809,CONTEXT_ONLY,CONTEXT_ONLY,False,0,ахаъхаххаха
msg-02781,22807,CONTEXT_ONLY,CONTEXT_ONLY,False,0,нихуя фаер шоу
msg-02784,22804,CONTEXT_ONLY,CONTEXT_ONLY,False,0,Это люкс
msg-02788,22800,CONTEXT_ONLY,CONTEXT_ONLY,False,0,это нужно верифицировать
msg-02790,22798,CONTEXT_ONLY,ATTACH_AS_CORROBORATING_EVIDENCE,False,0,лижи спок
msg-02791,22797,CONTEXT_ONLY,ATTACH_AS_CORROBORATING_EVIDENCE,False,0,Соси спокойной ночи
msg-02795,22793,CONTEXT_ONLY,ATTACH_AS_CORROBORATING_EVIDENCE,False,0,Что писал
msg-02796,22792,CONTEXT_ONLY,ATTACH_AS_CORROBORATING_EVIDENCE,False,0,Всё спать
msg-02798,22790,CONTEXT_ONLY,ATTACH_AS_CORROBORATING_EVIDENCE,False,0,О смотришь наушники?
msg-02800,22788,CONTEXT_ONLY,ATTACH_AS_CORROBORATING_EVIDENCE,False,0,я про хованского
msg-02801,22787,CONTEXT_ONLY,ATTACH_AS_CORROBORATING_EVIDENCE,False,0,я тоже
msg-02803,22785,CONTEXT_ONLY,CONTEXT_ONLY,False,0,он чмо тупорылое
msg-02804,22783,CONTEXT_ONLY,CONTEXT_ONLY,False,0,та не разберет
msg-02809,22779,CONTEXT_ONLY,CONTEXT_ONLY,False,0,имба кста
msg-02812,22775,CONTEXT_ONLY,CONTEXT_ONLY,False,0,В пианино
msg-02813,22774,CONTEXT_ONLY,CONTEXT_ONLY,False,0,Типо
msg-02816,22771,CONTEXT_ONLY,ATTACH_AS_CORROBORATING_EVIDENCE,False,0,На калькуляторы лол
msg-02819,22768,CONTEXT_ONLY,ATTACH_AS_CORROBORATING_EVIDENCE,False,0,либо ультра гени
msg-02822,22765,CONTEXT_ONLY,ATTACH_AS_CORROBORATING_EVIDENCE,False,0,я бы сказал ахеренно
msg-02824,22763,CONTEXT_ONLY,ATTACH_AS_CORROBORATING_EVIDENCE,False,0,неплохо шпарит
msg-02825,22762,CONTEXT_ONLY,ATTACH_AS_CORROBORATING_EVIDENCE,False,0,давай все таки признаем
msg-02826,22761,CONTEXT_ONLY,ATTACH_AS_CORROBORATING_EVIDENCE,False,0,Ну калькуляторшник
msg-02828,22759,CONTEXT_ONLY,ATTACH_AS_CORROBORATING_EVIDENCE,False,0,мдо
msg-02829,22758,CONTEXT_ONLY,ATTACH_AS_CORROBORATING_EVIDENCE,False,0,ХАХАХАХАХА ЧИСТО СЭКОНОМИЛ
msg-02830,22757,CONTEXT_ONLY,ATTACH_AS_CORROBORATING_EVIDENCE,False,0,мдо надо увековечить
msg-02832,22755,CONTEXT_ONLY,ATTACH_AS_CORROBORATING_EVIDENCE,False,0,ХАХАХАХХАХАХА
msg-02833,22754,CONTEXT_ONLY,ATTACH_AS_CORROBORATING_EVIDENCE,False,0,дебич
msg-02836,22751,CONTEXT_ONLY,ATTACH_AS_CORROBORATING_EVIDENCE,False,0,Он наглухо отбитый
msg-02837,22750,CONTEXT_ONLY,ATTACH_AS_CORROBORATING_EVIDENCE,False,0,Забей
msg-02841,22745,CONTEXT_ONLY,ATTACH_AS_CORROBORATING_EVIDENCE,False,0,спок
msg-02843,22743,CONTEXT_ONLY,ATTACH_AS_CORROBORATING_EVIDENCE,False,0,Спокойной ночи
msg-02847,22736,CONTEXT_ONLY,ATTACH_AS_CORROBORATING_EVIDENCE,False,0,зато какой фанат
msg-02848,22735,CONTEXT_ONLY,ATTACH_AS_CORROBORATING_EVIDENCE,False,0,"конченный, но!"
msg-02849,22734,CONTEXT_ONLY,CONTEXT_ONLY,False,0,это прекрасно)
msg-02851,22732,CONTEXT_ONLY,ATTACH_AS_CORROBORATING_EVIDENCE,False,0,И на играй
msg-02854,22729,CONTEXT_ONLY,CONTEXT_ONLY,False,0,там по сути 1 звук
msg-02855,22728,CONTEXT_ONLY,CONTEXT_ONLY,False,0,так там еще не все есть ноыт
msg-02860,22723,CONTEXT_ONLY,ATTACH_AS_CORROBORATING_EVIDENCE,False,0,да кнш сложнееееее
msg-02861,22722,CONTEXT_ONLY,ATTACH_AS_CORROBORATING_EVIDENCE,False,0,НА СРАННЫХ КАЛЬКУЛЯТОР
msg-02863,22720,CONTEXT_ONLY,ATTACH_AS_CORROBORATING_EVIDENCE,False,0,то это пиздец
msg-02864,22719,CONTEXT_ONLY,ATTACH_AS_CORROBORATING_EVIDENCE,False,0,если так задуматься
msg-02865,22718,CONTEXT_ONLY,ATTACH_AS_CORROBORATING_EVIDENCE,False,0,АХАХАХАХАХ
msg-02874,22710,CONTEXT_ONLY,CONTEXT_ONLY,False,0,Крафт
msg-02875,22708,NEEDS_ENRICHMENT,CONTEXT_ONLY,False,1,https://t.me/EnigmaNotes/55
msg-02876,22707,CONTEXT_ONLY,CONTEXT_ONLY,False,0,Чтобы майнить
msg-02878,22705,CONTEXT_ONLY,CONTEXT_ONLY,False,0,Генератор крутит
msg-02879,22704,CONTEXT_ONLY,CONTEXT_ONLY,False,0,Занят
msg-02883,22700,CONTEXT_ONLY,CONTEXT_ONLY,False,0,что слулочмст
msg-02885,22698,CONTEXT_ONLY,CONTEXT_ONLY,False,0,но так и не понял
msg-02886,22697,CONTEXT_ONLY,CONTEXT_ONLY,False,0,где-то читал
msg-02888,22694,CONTEXT_ONLY,CONTEXT_ONLY,False,0,не обольщайся
msg-02889,22693,CONTEXT_ONLY,CONTEXT_ONLY,False,0,а шо за утюг
msg-02892,22690,CONTEXT_ONLY,CONTEXT_ONLY,False,0,Сладкмх снов гойчик
msg-02893,22689,CONTEXT_ONLY,CONTEXT_ONLY,False,0,бебебе как друга все дела
msg-02894,22687,CONTEXT_ONLY,CONTEXT_ONLY,False,0,люблю тебя котяра
msg-02895,22686,CONTEXT_ONLY,CONTEXT_ONLY,False,0,Спокойной ночи
msg-02896,22685,CONTEXT_ONLY,CONTEXT_ONLY,False,0,спокойной ночи Уль
msg-02897,22684,CONTEXT_ONLY,CONTEXT_ONLY,False,0,Честно
msg-02899,22681,CONTEXT_ONLY,CONTEXT_ONLY,False,0,жоско
msg-02900,22680,CONTEXT_ONLY,CONTEXT_ONLY,False,0,Умрешь девственникой значит
msg-02902,22678,CONTEXT_ONLY,CONTEXT_ONLY,False,0,нет секса
msg-02903,22677,CONTEXT_ONLY,CONTEXT_ONLY,False,0,пока нет пресса
msg-02904,22676,CONTEXT_ONLY,CONTEXT_ONLY,False,0,но лан
msg-02908,22671,CONTEXT_ONLY,CONTEXT_ONLY,False,0,АХАХАХХАХХААХАХ
msg-02909,22670,CONTEXT_ONLY,CONTEXT_ONLY,False,0,ХАХАХАХААХА
msg-02912,22667,CONTEXT_ONLY,CONTEXT_ONLY,False,0,вскрывали раз 5
msg-02913,22666,CONTEXT_ONLY,CONTEXT_ONLY,False,0,у нас свое есть
msg-02914,22665,CONTEXT_ONLY,CONTEXT_ONLY,False,0,*снимает трусики
msg-02915,22664,CONTEXT_ONLY,CONTEXT_ONLY,False,0,бомбоубежище
msg-02916,22663,CONTEXT_ONLY,CONTEXT_ONLY,False,0,вот
msg-02917,22662,CONTEXT_ONLY,CONTEXT_ONLY,False,0,вот
msg-02918,22661,CONTEXT_ONLY,CONTEXT_ONLY,False,0,могу
msg-02919,22660,CONTEXT_ONLY,CONTEXT_ONLY,False,0,куда
msg-02922,22657,CONTEXT_ONLY,CONTEXT_ONLY,False,0,Всё
msg-02923,22656,CONTEXT_ONLY,CONTEXT_ONLY,False,0,нормик
msg-02924,22654,CONTEXT_ONLY,CONTEXT_ONLY,False,0,удобно
msg-02925,22651,CONTEXT_ONLY,CONTEXT_ONLY,False,0,ооо
msg-02927,22650,CONTEXT_ONLY,CONTEXT_ONLY,False,0,да рил
msg-02929,22646,CONTEXT_ONLY,CONTEXT_ONLY,False,0,я пишу
msg-02930,22645,CONTEXT_ONLY,CONTEXT_ONLY,False,0,все
msg-02931,22644,CONTEXT_ONLY,CONTEXT_ONLY,False,0,зачем я это печатал
msg-02933,22642,CONTEXT_ONLY,CONTEXT_ONLY,False,0,что это
msg-02934,22641,CONTEXT_ONLY,CONTEXT_ONLY,False,0,он у тебя уже чмо номерноео
msg-02935,22639,CONTEXT_ONLY,CONTEXT_ONLY,False,0,та все пофи
msg-02936,22636,CONTEXT_ONLY,CONTEXT_ONLY,False,0,задрал уведами
msg-02937,22633,CONTEXT_ONLY,CONTEXT_ONLY,False,0,факт
msg-02938,22632,CONTEXT_ONLY,CONTEXT_ONLY,False,0,Открыто тут
msg-02939,22629,CONTEXT_ONLY,CONTEXT_ONLY,False,0,ОТКРОЙ ГЕНЕРАЛ
msg-02940,22628,CONTEXT_ONLY,CONTEXT_ONLY,False,0,да надо было сходить
msg-02941,22627,CONTEXT_ONLY,CONTEXT_ONLY,False,0,фактишь
msg-02942,22626,CONTEXT_ONLY,CONTEXT_ONLY,False,0,ну лан
msg-02943,22625,CONTEXT_ONLY,CONTEXT_ONLY,False,0,Гой
msg-02948,22620,CONTEXT_ONLY,CONTEXT_ONLY,False,0,и вода фор ти
msg-02949,22619,CONTEXT_ONLY,CONTEXT_ONLY,False,0,сыр
msg-02950,22618,CONTEXT_ONLY,CONTEXT_ONLY,False,0,сыр
msg-02951,22617,CONTEXT_ONLY,CONTEXT_ONLY,False,0,это пмидойки
msg-02952,22616,CONTEXT_ONLY,CONTEXT_ONLY,False,0,мдо всм
msg-02954,22614,CONTEXT_ONLY,CONTEXT_ONLY,False,0,типа завтракать попросила
msg-02956,22611,CONTEXT_ONLY,CONTEXT_ONLY,False,0,ща скину
msg-02958,22608,CONTEXT_ONLY,CONTEXT_ONLY,False,0,мдо
msg-02959,22607,CONTEXT_ONLY,CONTEXT_ONLY,False,0,а как проверял? или по ощущениям?
msg-02960,22606,CONTEXT_ONLY,CONTEXT_ONLY,False,0,ТОЛЬКО ЧТО ЖЕ ЕЛ
msg-02961,22605,CONTEXT_ONLY,CONTEXT_ONLY,False,0,ТЫ ОПЯТЬ ЖРАТТ
msg-02962,22603,CONTEXT_ONLY,CONTEXT_ONLY,False,0,с стояком
msg-02963,22602,CONTEXT_ONLY,CONTEXT_ONLY,False,0,как встерчать курьера
msg-02964,22601,CONTEXT_ONLY,CONTEXT_ONLY,False,0,бл
msg-02967,22598,CONTEXT_ONLY,CONTEXT_ONLY,False,0,яндекс лавка звонит
msg-02968,22597,CONTEXT_ONLY,CONTEXT_ONLY,False,0,мдо
msg-02969,22596,CONTEXT_ONLY,CONTEXT_ONLY,False,0,АХХАХАХАХААХХААХАХ
msg-02970,22595,CONTEXT_ONLY,CONTEXT_ONLY,False,0,Давай вирт
msg-02971,22594,CONTEXT_ONLY,CONTEXT_ONLY,False,0,АХАХАХХАХААХ
msg-02972,22593,CONTEXT_ONLY,CONTEXT_ONLY,False,0,Я ЗАПУТАЛСЬ НУ СОСИ
msg-02973,22592,CONTEXT_ONLY,CONTEXT_ONLY,False,0,вирт
msg-02974,22591,CONTEXT_ONLY,CONTEXT_ONLY,False,0,лан все
msg-02975,22590,CONTEXT_ONLY,CONTEXT_ONLY,False,0,?
msg-02976,22589,CONTEXT_ONLY,CONTEXT_ONLY,False,0,а ту нельяз открыть
msg-02977,22588,CONTEXT_ONLY,CONTEXT_ONLY,False,0,Пспспс
msg-02978,22587,CONTEXT_ONLY,CONTEXT_ONLY,False,0,чо
msg-02979,22585,CONTEXT_ONLY,CONTEXT_ONLY,False,0,А не генерал
msg-02980,22584,CONTEXT_ONLY,CONTEXT_ONLY,False,0,В все пишу
msg-02982,22582,CONTEXT_ONLY,CONTEXT_ONLY,False,0,Да чо
msg-02984,22577,CONTEXT_ONLY,CONTEXT_ONLY,False,0,А ты чо с кекилька
msg-02989,22574,CONTEXT_ONLY,ATTACH_AS_CORROBORATING_EVIDENCE,False,0,"Годно, спасибо Андрей!"
msg-02991,22570,CONTEXT_ONLY,CONTEXT_ONLY,False,0,чо это
msg-02992,22569,CONTEXT_ONLY,CONTEXT_ONLY,False,0,и у него нет
msg-02994,22565,CONTEXT_ONLY,CONTEXT_ONLY,False,0,Нет истории?
msg-02995,22564,CONTEXT_ONLY,CONTEXT_ONLY,False,0,спс
msg-02996,22563,CONTEXT_ONLY,CONTEXT_ONLY,False,0,проебали жизнь
msg-02999,22560,CONTEXT_ONLY,CONTEXT_ONLY,False,0,типам 16-20 лет
msg-03003,22556,CONTEXT_ONLY,CONTEXT_ONLY,False,0,или сюжет?
msg-03005,22554,CONTEXT_ONLY,CONTEXT_ONLY,False,0,вынесли вещи
msg-03009,22549,CONTEXT_ONLY,CONTEXT_ONLY,False,0,вот
msg-03012,22546,CONTEXT_ONLY,CONTEXT_ONLY,False,0,мдох
msg-03013,22545,CONTEXT_ONLY,CONTEXT_ONLY,False,0,Можно заскринить?
msg-03014,22543,CONTEXT_ONLY,CONTEXT_ONLY,False,0,Хуя ты дал
msg-03016,22541,CONTEXT_ONLY,CONTEXT_ONLY,False,0,Я включила историю
msg-03017,22537,CONTEXT_ONLY,CONTEXT_ONLY,False,0,чо листать пусто и все тут
msg-03019,22538,CONTEXT_ONLY,CONTEXT_ONLY,False,0,За что
msg-03020,22536,CONTEXT_ONLY,CONTEXT_ONLY,False,0,Полистай
msg-03022,22534,CONTEXT_ONLY,CONTEXT_ONLY,False,0,какие нахуй дивиденды
msg-03024,22532,CONTEXT_ONLY,CONTEXT_ONLY,False,0,мдо ну лан
msg-03031,22520,SIGNAL_ONLY,CONTEXT_ONLY,False,0,Balance $0.00
msg-03032,22519,CONTEXT_ONLY,ATTACH_AS_CORROBORATING_EVIDENCE,False,0,как то быстро
msg-03038,22513,CONTEXT_ONLY,ATTACH_AS_CORROBORATING_EVIDENCE,False,0,этот?
msg-03039,22512,CONTEXT_ONLY,ATTACH_AS_CORROBORATING_EVIDENCE,False,0,ща
msg-03041,22511,CONTEXT_ONLY,CONTEXT_ONLY,False,0,Защита от дураков ?)
msg-03043,22508,CONTEXT_ONLY,CONTEXT_ONLY,False,0,Хахааххаах
msg-03044,22507,CONTEXT_ONLY,ATTACH_AS_CORROBORATING_EVIDENCE,False,0,пр
msg-03045,22506,CONTEXT_ONLY,ATTACH_AS_CORROBORATING_EVIDENCE,False,0,хз
msg-03046,22505,CONTEXT_ONLY,ATTACH_AS_CORROBORATING_EVIDENCE,False,0,нет
msg-03047,22504,CONTEXT_ONLY,ATTACH_AS_CORROBORATING_EVIDENCE,False,0,или не
msg-03048,22503,CONTEXT_ONLY,ATTACH_AS_CORROBORATING_EVIDENCE,False,0,как думаете ориг?
msg-03050,22501,CONTEXT_ONLY,ATTACH_AS_CORROBORATING_EVIDENCE,False,0,кста
msg-03051,22500,CONTEXT_ONLY,ATTACH_AS_CORROBORATING_EVIDENCE,False,0,проверять нужно запросами
msg-03053,22498,CONTEXT_ONLY,ATTACH_AS_CORROBORATING_EVIDENCE,False,0,сайт говно
msg-03058,22493,CONTEXT_ONLY,CONTEXT_ONLY,False,0,Нидерланды сегодея играют?
msg-03059,22492,CONTEXT_ONLY,CONTEXT_ONLY,False,0,Зпзаза
msg-03061,22489,CONTEXT_ONLY,CONTEXT_ONLY,False,0,Нести в ремонт
msg-03063,22487,CONTEXT_ONLY,CONTEXT_ONLY,False,0,Нахуй
msg-03064,22486,CONTEXT_ONLY,CONTEXT_ONLY,False,0,Эти звуки
msg-03066,22484,CONTEXT_ONLY,CONTEXT_ONLY,False,0,Где ты находишь
msg-03067,22483,CONTEXT_ONLY,CONTEXT_ONLY,False,0,Фу блять
msg-03068,22480,CONTEXT_ONLY,CONTEXT_ONLY,False,0,Загорел
msg-03069,22479,CONTEXT_ONLY,CONTEXT_ONLY,False,0,Так в италии играет
msg-03070,22476,CONTEXT_ONLY,CONTEXT_ONLY,False,0,Коренной японец
msg-03072,22473,CONTEXT_ONLY,CONTEXT_ONLY,False,0,ахахах
msg-03073,22472,CONTEXT_ONLY,CONTEXT_ONLY,False,0,Молодец
msg-03074,22471,CONTEXT_ONLY,CONTEXT_ONLY,False,0,Не знаю *
msg-03076,22468,CONTEXT_ONLY,CONTEXT_ONLY,False,0,Все любят прикинь
msg-03078,22466,CONTEXT_ONLY,CONTEXT_ONLY,False,0,Да
msg-03079,22465,CONTEXT_ONLY,CONTEXT_ONLY,False,0,С гайдзинами
msg-03083,22462,CONTEXT_ONLY,CONTEXT_ONLY,False,0,Извинись
msg-03084,22461,CONTEXT_ONLY,CONTEXT_ONLY,False,0,А че ебень
msg-03085,22460,CONTEXT_ONLY,CONTEXT_ONLY,False,0,Бывает
msg-03086,22459,CONTEXT_ONLY,CONTEXT_ONLY,False,0,Это я
msg-03087,22458,CONTEXT_ONLY,CONTEXT_ONLY,False,0,Зазсоа взладзвмздалцбв
msg-03091,22453,CONTEXT_ONLY,CONTEXT_ONLY,False,0,как-то грубо
msg-03093,22451,CONTEXT_ONLY,CONTEXT_ONLY,False,0,Все
msg-03094,22450,CONTEXT_ONLY,CONTEXT_ONLY,False,0,Норм же
msg-03095,22449,CONTEXT_ONLY,CONTEXT_ONLY,False,0,Такого
msg-03096,22448,CONTEXT_ONLY,CONTEXT_ONLY,False,0,А че ты написал
msg-03097,22447,CONTEXT_ONLY,CONTEXT_ONLY,False,0,очень страшно получилось🤙
msg-03098,22446,CONTEXT_ONLY,CONTEXT_ONLY,False,0,прошу прощения тогда
msg-03099,22445,CONTEXT_ONLY,CONTEXT_ONLY,False,0,ниче себе
msg-03100,22444,CONTEXT_ONLY,CONTEXT_ONLY,False,0,Еврики
msg-03101,22443,CONTEXT_ONLY,CONTEXT_ONLY,False,0,🤙🤙🤙
msg-03102,22442,CONTEXT_ONLY,CONTEXT_ONLY,False,0,Повыебываться
msg-03103,22441,CONTEXT_ONLY,CONTEXT_ONLY,False,0,Решение
msg-03104,22440,CONTEXT_ONLY,CONTEXT_ONLY,False,0,Пиздатое
msg-03105,22439,CONTEXT_ONLY,CONTEXT_ONLY,False,0,Которач
msg-03106,22438,CONTEXT_ONLY,CONTEXT_ONLY,False,0,С пляжа
msg-03107,22437,CONTEXT_ONLY,CONTEXT_ONLY,False,0,Наверное
msg-03108,22436,CONTEXT_ONLY,CONTEXT_ONLY,False,0,На аву
msg-03109,22435,CONTEXT_ONLY,CONTEXT_ONLY,False,0,Фото с евро поставь
msg-03111,22433,CONTEXT_ONLY,CONTEXT_ONLY,False,0,Это я
msg-03112,22432,CONTEXT_ONLY,CONTEXT_ONLY,False,0,АХА
msg-03114,22430,CONTEXT_ONLY,CONTEXT_ONLY,False,0,дискомфортно
msg-03117,22427,CONTEXT_ONLY,CONTEXT_ONLY,False,0,лысая хуйня белая
msg-03118,22426,CONTEXT_ONLY,CONTEXT_ONLY,False,0,Он выскакивает
msg-03119,22425,CONTEXT_ONLY,CONTEXT_ONLY,False,0,И там пиздец
msg-03120,22424,CONTEXT_ONLY,CONTEXT_ONLY,False,0,Шпионеро алконеро
msg-03121,22423,CONTEXT_ONLY,CONTEXT_ONLY,False,0,А че с аватаркой
msg-03122,22422,CONTEXT_ONLY,CONTEXT_ONLY,False,0,ХАХАХАХКХКХКХКХКХКХКХКК
msg-03125,22419,CONTEXT_ONLY,CONTEXT_ONLY,False,0,Короче
msg-03126,22418,CONTEXT_ONLY,CONTEXT_ONLY,False,0,Мокрицы напали
msg-03127,22417,CONTEXT_ONLY,CONTEXT_ONLY,False,0,Потом на алмазова
msg-03128,22416,CONTEXT_ONLY,CONTEXT_ONLY,False,0,Пошарпаные
msg-03129,22415,CONTEXT_ONLY,CONTEXT_ONLY,False,0,Сидят
msg-03131,22413,CONTEXT_ONLY,CONTEXT_ONLY,False,0,На помойках
msg-03132,22412,CONTEXT_ONLY,CONTEXT_ONLY,False,0,Больные
msg-03133,22411,CONTEXT_ONLY,CONTEXT_ONLY,False,0,Там пробежали 3 штуки
msg-03135,22409,CONTEXT_ONLY,CONTEXT_ONLY,False,0,У храма
msg-03139,22403,CONTEXT_ONLY,ATTACH_AS_CORROBORATING_EVIDENCE,False,0,а я просто проверил
msg-03140,22401,CONTEXT_ONLY,ATTACH_AS_CORROBORATING_EVIDENCE,False,0,я просто увидел в x.com
msg-03141,22402,CONTEXT_ONLY,CONTEXT_ONLY,False,0,Сегодня размышлял
msg-03142,22400,CONTEXT_ONLY,CONTEXT_ONLY,False,0,Матвей
msg-03143,22399,CONTEXT_ONLY,CONTEXT_ONLY,False,0,Незнакомцам
msg-03145,22397,CONTEXT_ONLY,CONTEXT_ONLY,False,0,Светится
msg-03146,22396,CONTEXT_ONLY,CONTEXT_ONLY,False,0,Ник
msg-03147,22395,CONTEXT_ONLY,CONTEXT_ONLY,False,0,Какой у тебя
msg-03150,22393,CONTEXT_ONLY,CONTEXT_ONLY,False,0,На демо
msg-03156,22385,CONTEXT_ONLY,CONTEXT_ONLY,False,0,Зрительный анализ
msg-03157,22384,CONTEXT_ONLY,CONTEXT_ONLY,False,0,ХАХАХАХАХАХАХА
msg-03162,22379,CONTEXT_ONLY,CONTEXT_ONLY,False,0,Что там щас
msg-03163,22378,CONTEXT_ONLY,CONTEXT_ONLY,False,0,Я даже не ебу
msg-03165,22374,CONTEXT_ONLY,CONTEXT_ONLY,False,0,Окак
msg-03166,22376,CONTEXT_ONLY,CONTEXT_ONLY,False,0,Сейчас такая цена
msg-03167,22370,CONTEXT_ONLY,CONTEXT_ONLY,False,0,а можно в ниггерийских долларах указать?
msg-03169,22371,CONTEXT_ONLY,CONTEXT_ONLY,False,0,и фг еще
msg-03170,22369,CONTEXT_ONLY,CONTEXT_ONLY,False,0,Калькулятор
msg-03171,22368,CONTEXT_ONLY,CONTEXT_ONLY,False,0,нихуя се
msg-03173,22366,CONTEXT_ONLY,CONTEXT_ONLY,False,0,хесс ебани туда
msg-03175,22364,CONTEXT_ONLY,CONTEXT_ONLY,False,0,В долларах укажи
msg-03177,22362,CONTEXT_ONLY,CONTEXT_ONLY,False,0,Норм или нет
msg-03179,22358,CONTEXT_ONLY,CONTEXT_ONLY,False,0,Надеюсь это его биржа
msg-03180,22360,CONTEXT_ONLY,CONTEXT_ONLY,False,0,ебать там каша
msg-03181,22359,CONTEXT_ONLY,CONTEXT_ONLY,False,0,Эм
msg-03186,22350,CONTEXT_ONLY,CONTEXT_ONLY,False,0,Чек лс
msg-03188,22347,CONTEXT_ONLY,CONTEXT_ONLY,False,0,Ща
msg-03189,22345,CONTEXT_ONLY,CONTEXT_ONLY,False,0,"О, я вспомнил"
msg-03191,22344,CONTEXT_ONLY,CONTEXT_ONLY,False,0,Моду 2 месяца
msg-03192,22343,CONTEXT_ONLY,CONTEXT_ONLY,False,0,Нет Всё штатно работает
msg-03194,22341,CONTEXT_ONLY,CONTEXT_ONLY,False,0,И так далее
msg-03196,22339,CONTEXT_ONLY,CONTEXT_ONLY,False,0,Без хамачи
msg-03197,22336,CONTEXT_ONLY,CONTEXT_ONLY,False,0,И он подключается
msg-03198,22335,CONTEXT_ONLY,CONTEXT_ONLY,False,0,Нажал пригласить в мир
msg-03199,22331,CONTEXT_ONLY,CONTEXT_ONLY,False,0,Зашёл в мир
msg-03200,22333,CONTEXT_ONLY,CONTEXT_ONLY,False,0,Движения наводил
msg-03201,22330,CONTEXT_ONLY,CONTEXT_ONLY,False,0,Добавил друга
msg-03204,22328,CONTEXT_ONLY,CONTEXT_ONLY,False,0,Азазааза
msg-03205,22327,CONTEXT_ONLY,CONTEXT_ONLY,False,0,Выебоны мои
msg-03206,22322,CONTEXT_ONLY,ATTACH_AS_CORROBORATING_EVIDENCE,False,0,оцените
msg-03208,22326,CONTEXT_ONLY,CONTEXT_ONLY,False,0,При встрече
msg-03209,22325,CONTEXT_ONLY,CONTEXT_ONLY,False,0,Это вчера
msg-03210,22319,CONTEXT_ONLY,CONTEXT_ONLY,False,0,В прологе
msg-03212,22324,CONTEXT_ONLY,CONTEXT_ONLY,False,0,Матвей
msg-03213,22323,CONTEXT_ONLY,CONTEXT_ONLY,False,0,БЛЯТЬ
msg-03214,22317,CONTEXT_ONLY,CONTEXT_ONLY,False,0,ХПХАХКХКХАХАХКК
msg-03215,22318,CONTEXT_ONLY,CONTEXT_ONLY,False,0,1600 человек
msg-03216,22316,CONTEXT_ONLY,CONTEXT_ONLY,False,0,Крипто отдых
msg-03217,22309,CONTEXT_ONLY,CONTEXT_ONLY,False,0,braindead
msg-03219,22312,CONTEXT_ONLY,CONTEXT_ONLY,False,0,да он заебал
msg-03222,22307,CONTEXT_ONLY,CONTEXT_ONLY,False,0,Очееь
msg-03224,22302,CONTEXT_ONLY,CONTEXT_ONLY,False,0,Какие-то всё-таки используют😁
msg-03225,22304,CONTEXT_ONLY,CONTEXT_ONLY,False,0,что
msg-03226,22303,CONTEXT_ONLY,CONTEXT_ONLY,False,0,Что за бред это пмзда
msg-03227,22301,CONTEXT_ONLY,CONTEXT_ONLY,False,0,Ахахаххаха ну сука
msg-03228,22300,CONTEXT_ONLY,CONTEXT_ONLY,False,0,или оно такое и есть
msg-03229,22299,CONTEXT_ONLY,CONTEXT_ONLY,False,0,этр у меня залагало видео?
msg-03231,22298,CONTEXT_ONLY,CONTEXT_ONLY,False,0,бля
msg-03235,22294,CONTEXT_ONLY,CONTEXT_ONLY,False,0,ЕБАТЬ ЭТО ЧТО
msg-03236,22293,CONTEXT_ONLY,CONTEXT_ONLY,False,0,Dexp
msg-03237,22292,CONTEXT_ONLY,CONTEXT_ONLY,False,0,Телефон
msg-03238,22289,CONTEXT_ONLY,ATTACH_AS_CORROBORATING_EVIDENCE,False,0,странно конешн
msg-03239,22283,CONTEXT_ONLY,CONTEXT_ONLY,False,0,Ща покажу
msg-03240,22288,CONTEXT_ONLY,CONTEXT_ONLY,False,0,Ещё на зарядке
msg-03243,22286,CONTEXT_ONLY,CONTEXT_ONLY,False,0,Я бы сожрал голубя
msg-03247,22280,CONTEXT_ONLY,CONTEXT_ONLY,False,0,Я бы там брал выпечку
msg-03249,22276,CONTEXT_ONLY,CONTEXT_ONLY,False,0,как будтоу же нет
msg-03252,22271,CONTEXT_ONLY,CONTEXT_ONLY,False,0,Погнали хуйню кидать
msg-03254,22269,CONTEXT_ONLY,CONTEXT_ONLY,False,0,503029 томов
msg-03255,22268,CONTEXT_ONLY,CONTEXT_ONLY,False,0,тогда другое дело
msg-03256,22267,CONTEXT_ONLY,CONTEXT_ONLY,False,0,АХХА
msg-03257,22266,CONTEXT_ONLY,CONTEXT_ONLY,False,0,Ленин
msg-03259,22265,CONTEXT_ONLY,CONTEXT_ONLY,False,0,По трейдингу
msg-03260,22263,CONTEXT_ONLY,CONTEXT_ONLY,False,0,гранит науки наху
msg-03261,22260,CONTEXT_ONLY,CONTEXT_ONLY,False,0,"76,5 пробьет? Что думаешь ?"
msg-03262,22259,CONTEXT_ONLY,CONTEXT_ONLY,False,0,Там книги
msg-03267,22256,CONTEXT_ONLY,CONTEXT_ONLY,False,0,friendlist моды?
msg-03268,22253,CONTEXT_ONLY,CONTEXT_ONLY,False,0,давления в колеса накинуть
msg-03269,22252,CONTEXT_ONLY,CONTEXT_ONLY,False,0,Лайфчендж пацаны
msg-03270,22251,CONTEXT_ONLY,CONTEXT_ONLY,False,0,Реально? Покажи
msg-03272,22249,CONTEXT_ONLY,CONTEXT_ONLY,False,0,Лекс
msg-03273,22248,CONTEXT_ONLY,CONTEXT_ONLY,False,0,А где бля
msg-03275,22246,CONTEXT_ONLY,CONTEXT_ONLY,False,0,Криптохуй
msg-03276,22245,CONTEXT_ONLY,CONTEXT_ONLY,False,0,За гидропонику респект
msg-03277,22243,CONTEXT_ONLY,CONTEXT_ONLY,False,0,Понятно
msg-03278,22242,CONTEXT_ONLY,CONTEXT_ONLY,False,0,мне автоновка важна
msg-03279,22241,CONTEXT_ONLY,CONTEXT_ONLY,False,0,Нахуя тебе макбук
msg-03284,22235,CONTEXT_ONLY,CONTEXT_ONLY,False,0,"Пожалуйста, хотяб их"
msg-03285,22234,CONTEXT_ONLY,CONTEXT_ONLY,False,0,очень
msg-03286,22233,CONTEXT_ONLY,CONTEXT_ONLY,False,0,ну да жалко тебя
msg-03288,22231,CONTEXT_ONLY,CONTEXT_ONLY,False,0,Урааа
msg-03290,22230,CONTEXT_ONLY,CONTEXT_ONLY,False,0,хах
msg-03292,22227,CONTEXT_ONLY,CONTEXT_ONLY,False,0,Жалко тебя
msg-03295,22223,CONTEXT_ONLY,CONTEXT_ONLY,False,0,ноутбучный
msg-03299,22219,CONTEXT_ONLY,CONTEXT_ONLY,False,0,Ну мб
msg-03302,22215,CONTEXT_ONLY,CONTEXT_ONLY,False,0,Свое всегда придёт
msg-03304,22212,CONTEXT_ONLY,CONTEXT_ONLY,False,0,Рейджбайт
msg-03305,22211,CONTEXT_ONLY,CONTEXT_ONLY,False,0,Ааа толгда понятно
msg-03307,22210,CONTEXT_ONLY,CONTEXT_ONLY,False,0,2060 ноутбучная
msg-03309,22207,CONTEXT_ONLY,CONTEXT_ONLY,False,0,bf6
msg-03310,22206,CONTEXT_ONLY,CONTEXT_ONLY,False,0,А что с графой
msg-03312,22204,CONTEXT_ONLY,CONTEXT_ONLY,False,0,Это пабг?
msg-03313,22203,CONTEXT_ONLY,CONTEXT_ONLY,False,0,Не я тебя понять могу
msg-03316,22199,CONTEXT_ONLY,CONTEXT_ONLY,False,0,Где твз
msg-03317,22198,CONTEXT_ONLY,CONTEXT_ONLY,False,0,надо мучать
msg-03318,22197,CONTEXT_ONLY,CONTEXT_ONLY,False,0,Так ты слон
msg-03319,22196,CONTEXT_ONLY,CONTEXT_ONLY,False,0,не
msg-03320,22195,CONTEXT_ONLY,CONTEXT_ONLY,False,0,Ааааа
msg-03323,22192,CONTEXT_ONLY,CONTEXT_ONLY,False,0,Да я жду занятия
msg-03329,22186,CONTEXT_ONLY,CONTEXT_ONLY,False,0,3
msg-03330,22185,CONTEXT_ONLY,CONTEXT_ONLY,False,0,Ведьмак 0.5?
msg-03331,22184,CONTEXT_ONLY,CONTEXT_ONLY,False,0,Напрямую юсдт покупать
msg-03332,22182,CONTEXT_ONLY,CONTEXT_ONLY,False,0,Какого?
msg-03336,22179,CONTEXT_ONLY,CONTEXT_ONLY,False,0,Первое рабочее
msg-03339,22176,CONTEXT_ONLY,CONTEXT_ONLY,False,0,Кента юзаю пхпхп
msg-03340,22175,CONTEXT_ONLY,CONTEXT_ONLY,False,0,Какой юзаешь?
msg-03341,22173,CONTEXT_ONLY,CONTEXT_ONLY,False,0,Есть же обменники
msg-03345,22170,CONTEXT_ONLY,CONTEXT_ONLY,False,0,не жалуюсь
msg-03347,22168,CONTEXT_ONLY,CONTEXT_ONLY,False,0,gt650m
msg-03349,22166,CONTEXT_ONLY,CONTEXT_ONLY,False,0,а какая у тебя видюха кстати
msg-03350,22164,CONTEXT_ONLY,CONTEXT_ONLY,False,0,Когда уже
msg-03352,22161,CONTEXT_ONLY,CONTEXT_ONLY,False,0,"прошли, теперь 5рп"
msg-03353,22160,CONTEXT_ONLY,CONTEXT_ONLY,False,0,дадада
msg-03355,22158,CONTEXT_ONLY,CONTEXT_ONLY,False,0,"Нет, за перевод"
msg-03358,22154,CONTEXT_ONLY,CONTEXT_ONLY,False,0,То может
msg-03359,22153,CONTEXT_ONLY,CONTEXT_ONLY,False,0,Хотя это если не GTA 5
msg-03362,22149,CONTEXT_ONLY,CONTEXT_ONLY,False,0,не а правдивые
msg-03363,22148,CONTEXT_ONLY,CONTEXT_ONLY,False,0,У популярных проектов
msg-03364,22147,CONTEXT_ONLY,CONTEXT_ONLY,False,0,Слишком заниженные цифры
msg-03365,22146,CONTEXT_ONLY,CONTEXT_ONLY,False,0,да
msg-03367,22144,CONTEXT_ONLY,CONTEXT_ONLY,False,0,насчет чего?
msg-03368,22143,CONTEXT_ONLY,CONTEXT_ONLY,False,0,Там совсем другие значения
msg-03370,22141,CONTEXT_ONLY,CONTEXT_ONLY,False,0,А там уже хуй знает
msg-03372,22139,CONTEXT_ONLY,CONTEXT_ONLY,False,0,Должна вообще
msg-03373,22138,CONTEXT_ONLY,CONTEXT_ONLY,False,0,хах ага
msg-03374,22137,CONTEXT_ONLY,CONTEXT_ONLY,False,0,че он бля
msg-03375,22136,CONTEXT_ONLY,CONTEXT_ONLY,False,0,слетай спроси с него
msg-03376,22135,CONTEXT_ONLY,CONTEXT_ONLY,False,0,вниз пойдет она нет
msg-03378,22133,CONTEXT_ONLY,CONTEXT_ONLY,False,0,ебаны дуров
msg-03379,22132,CONTEXT_ONLY,CONTEXT_ONLY,False,0,сгорели сука
msg-03380,22131,CONTEXT_ONLY,CONTEXT_ONLY,False,0,200 баксов было
msg-03382,22129,CONTEXT_ONLY,CONTEXT_ONLY,False,0,У тебя крипта есть?
msg-03383,22128,CONTEXT_ONLY,CONTEXT_ONLY,False,0,(
msg-03385,22126,CONTEXT_ONLY,CONTEXT_ONLY,False,0,да ?
msg-03390,22120,CONTEXT_ONLY,CONTEXT_ONLY,False,0,Вот тут верю
msg-03393,22117,CONTEXT_ONLY,CONTEXT_ONLY,False,0,нормально
msg-03394,22116,CONTEXT_ONLY,CONTEXT_ONLY,False,0,а
msg-03395,22115,CONTEXT_ONLY,CONTEXT_ONLY,False,0,f
msg-03396,22114,CONTEXT_ONLY,CONTEXT_ONLY,False,0,на этом сайте
msg-03397,22112,CONTEXT_ONLY,CONTEXT_ONLY,False,0,не шарю
msg-03398,22110,CONTEXT_ONLY,CONTEXT_ONLY,False,0,манипуляциями всякими
msg-03399,22111,CONTEXT_ONLY,CONTEXT_ONLY,False,0,А тут самп
msg-03402,22107,CONTEXT_ONLY,CONTEXT_ONLY,False,0,сейчас скину
msg-03404,22104,CONTEXT_ONLY,CONTEXT_ONLY,False,0,это как
msg-03405,22105,CONTEXT_ONLY,ATTACH_AS_CORROBORATING_EVIDENCE,False,0,.
msg-03406,22103,CONTEXT_ONLY,ATTACH_AS_CORROBORATING_EVIDENCE,False,0,китайское чудо )
msg-03408,22102,CONTEXT_ONLY,CONTEXT_ONLY,False,0,Ладно
msg-03409,22100,CONTEXT_ONLY,CONTEXT_ONLY,False,0,Да
msg-03410,22099,CONTEXT_ONLY,CONTEXT_ONLY,False,0,Солане
msg-03411,22098,CONTEXT_ONLY,CONTEXT_ONLY,False,0,Там ещё и обновы выходят
msg-03412,22097,CONTEXT_ONLY,ATTACH_AS_CORROBORATING_EVIDENCE,False,0,это норм ?
msg-03414,22096,CONTEXT_ONLY,CONTEXT_ONLY,False,0,+
msg-03417,22091,CONTEXT_ONLY,ATTACH_AS_CORROBORATING_EVIDENCE,False,0,ахахаха
msg-03418,22090,CONTEXT_ONLY,CONTEXT_ONLY,False,0,боты
msg-03419,22089,CONTEXT_ONLY,ATTACH_AS_CORROBORATING_EVIDENCE,False,0,мне можете
msg-03421,22087,CONTEXT_ONLY,CONTEXT_ONLY,False,0,Да
msg-03424,22084,CONTEXT_ONLY,CONTEXT_ONLY,False,0,да
msg-03425,22083,CONTEXT_ONLY,CONTEXT_ONLY,False,0,ну
msg-03426,22082,CONTEXT_ONLY,CONTEXT_ONLY,False,0,Хендай
msg-03427,22081,CONTEXT_ONLY,ATTACH_AS_CORROBORATING_EVIDENCE,False,0,а можно не надо
msg-03429,22079,CONTEXT_ONLY,CONTEXT_ONLY,False,0,Какой санате
msg-03431,22077,CONTEXT_ONLY,CONTEXT_ONLY,False,0,Что
msg-03432,22075,CONTEXT_ONLY,CONTEXT_ONLY,False,0,Вы мне пиздите
msg-03434,22073,CONTEXT_ONLY,CONTEXT_ONLY,False,0,очень много
msg-03436,22072,CONTEXT_ONLY,CONTEXT_ONLY,False,0,да
msg-03437,22071,CONTEXT_ONLY,CONTEXT_ONLY,False,0,Я не верю
msg-03440,22067,CONTEXT_ONLY,ATTACH_AS_CORROBORATING_EVIDENCE,False,0,ахует
msg-03442,22065,CONTEXT_ONLY,ATTACH_AS_CORROBORATING_EVIDENCE,False,0,мб видели
msg-03447,22059,CONTEXT_ONLY,CONTEXT_ONLY,False,0,даже не рассмотрели
msg-03448,22058,CONTEXT_ONLY,ATTACH_AS_CORROBORATING_EVIDENCE,False,0,а пруфы?
msg-03450,22056,CONTEXT_ONLY,CONTEXT_ONLY,False,0,ну круто круто
msg-03453,22053,CONTEXT_ONLY,CONTEXT_ONLY,False,0,фейковые модели
msg-03454,22052,CONTEXT_ONLY,CONTEXT_ONLY,False,0,не прошёл проверку
msg-03456,22049,CONTEXT_ONLY,ATTACH_AS_CORROBORATING_EVIDENCE,False,0,а так четко
msg-03458,22046,CONTEXT_ONLY,CONTEXT_ONLY,False,0,что это за хуйня
msg-03459,22045,CONTEXT_ONLY,CONTEXT_ONLY,False,0,ладно согласен
msg-03461,22043,CONTEXT_ONLY,CONTEXT_ONLY,False,0,хахахахахах
msg-03462,22042,CONTEXT_ONLY,CONTEXT_ONLY,False,0,Окей лаунчер
msg-03466,22038,CONTEXT_ONLY,ATTACH_AS_CORROBORATING_EVIDENCE,False,0,ты про что
msg-03467,22037,CONTEXT_ONLY,ATTACH_AS_CORROBORATING_EVIDENCE,False,0,Ну решил поэкспериментировать.
msg-03470,22034,CONTEXT_ONLY,ATTACH_AS_CORROBORATING_EVIDENCE,False,0,Ну это приколы recordly
msg-03473,22031,CONTEXT_ONLY,CONTEXT_ONLY,False,0,Що я там уже обасрал?
msg-03475,22028,CONTEXT_ONLY,ATTACH_AS_CORROBORATING_EVIDENCE,False,1,"Напиши в ""личку"" @ZumKontakt"
msg-03476,22029,CONTEXT_ONLY,CONTEXT_ONLY,False,0,норм мысль выразил
msg-03477,22025,CONTEXT_ONLY,CONTEXT_ONLY,False,0,Ок
msg-03478,22026,CONTEXT_ONLY,CONTEXT_ONLY,False,0,ахаха
msg-03479,22024,CONTEXT_ONLY,CONTEXT_ONLY,False,0,ебаный в рот
msg-03480,22023,CONTEXT_ONLY,CONTEXT_ONLY,False,0,ZumKontakt
msg-03483,22019,CONTEXT_ONLY,CONTEXT_ONLY,False,0,от ветра это?
msg-03486,22017,CONTEXT_ONLY,CONTEXT_ONLY,False,0,Отказано)?
msg-03487,22016,CONTEXT_ONLY,CONTEXT_ONLY,False,0,Я пересмотрел твою заявку
msg-03489,22014,CONTEXT_ONLY,ATTACH_AS_CORROBORATING_EVIDENCE,False,0,Нет
msg-03490,22013,CONTEXT_ONLY,ATTACH_AS_CORROBORATING_EVIDENCE,False,0,"Бля, а как?"
msg-03491,22012,CONTEXT_ONLY,CONTEXT_ONLY,False,0,дс?
msg-03493,22010,CONTEXT_ONLY,ATTACH_AS_CORROBORATING_EVIDENCE,False,0,"Да, там перенос"
msg-03498,22005,CONTEXT_ONLY,CONTEXT_ONLY,False,0,А что?
msg-03499,22004,CONTEXT_ONLY,CONTEXT_ONLY,False,0,Фрустрация..
msg-03505,21997,CONTEXT_ONLY,CONTEXT_ONLY,False,0,лан
msg-03506,21996,CONTEXT_ONLY,CONTEXT_ONLY,False,0,ывхывфххвы
msg-03510,21989,CONTEXT_ONLY,ATTACH_AS_CORROBORATING_EVIDENCE,False,0,Рефку в студию !
msg-03513,21985,CONTEXT_ONLY,ATTACH_AS_CORROBORATING_EVIDENCE,False,0,это 7
msg-03514,21983,CONTEXT_ONLY,ATTACH_AS_CORROBORATING_EVIDENCE,False,0,я проиграл
msg-03516,21982,CONTEXT_ONLY,CONTEXT_ONLY,False,0,Авдеевку защищать
msg-03517,21981,CONTEXT_ONLY,CONTEXT_ONLY,False,0,Мб за линк?
msg-03518,21980,CONTEXT_ONLY,CONTEXT_ONLY,False,0,За лекса лютого
msg-03521,21977,CONTEXT_ONLY,CONTEXT_ONLY,False,0,Ну что солевое направление
msg-03523,21975,CONTEXT_ONLY,CONTEXT_ONLY,False,0,так там так и написано
msg-03524,21974,CONTEXT_ONLY,CONTEXT_ONLY,False,0,Нет может ты
msg-03525,21973,CONTEXT_ONLY,CONTEXT_ONLY,False,0,Нет ну ты
msg-03526,21972,CONTEXT_ONLY,CONTEXT_ONLY,False,0,А может ты пидор?
msg-03527,21971,CONTEXT_ONLY,CONTEXT_ONLY,False,0,Кто пидор
msg-03528,21970,CONTEXT_ONLY,CONTEXT_ONLY,False,0,В национально-половом?
msg-03529,21969,CONTEXT_ONLY,CONTEXT_ONLY,False,0,лаунчер для аризоны
msg-03530,21966,CONTEXT_ONLY,CONTEXT_ONLY,False,0,Зан
msg-03532,21964,CONTEXT_ONLY,ATTACH_AS_CORROBORATING_EVIDENCE,False,1,@Noha2Bot gen
msg-03534,21962,CONTEXT_ONLY,ATTACH_AS_CORROBORATING_EVIDENCE,False,1,@Noha2Bot gen
msg-03538,21958,CONTEXT_ONLY,ATTACH_AS_CORROBORATING_EVIDENCE,False,1,@Noha2Bot gen
msg-03540,21956,CONTEXT_ONLY,CONTEXT_ONLY,False,0,бля а что если не это
msg-03544,21952,CONTEXT_ONLY,CONTEXT_ONLY,False,0,остальное все дерьмо
msg-03546,21950,CONTEXT_ONLY,CONTEXT_ONLY,False,0,Смарт
msg-03548,21948,CONTEXT_ONLY,CONTEXT_ONLY,False,0,Так и делаю
msg-03549,21947,CONTEXT_ONLY,CONTEXT_ONLY,False,0,Ну да
msg-03553,21943,CONTEXT_ONLY,CONTEXT_ONLY,False,0,Уже лонг хороший получился
msg-03554,21942,CONTEXT_ONLY,CONTEXT_ONLY,False,0,Куда ты торопишься так
msg-03557,21939,CONTEXT_ONLY,CONTEXT_ONLY,False,0,ебать и что это за отскок
msg-03558,21938,CONTEXT_ONLY,CONTEXT_ONLY,False,0,Бинг братан
msg-03560,21936,CONTEXT_ONLY,ATTACH_AS_CORROBORATING_EVIDENCE,False,0,"Или торгануть можно пятак, полтора? )"
msg-03561,21935,CONTEXT_ONLY,CONTEXT_ONLY,False,0,я тебя верно понял?
msg-03562,21934,CONTEXT_ONLY,CONTEXT_ONLY,False,0,я только дексы пользую
msg-03564,21932,CONTEXT_ONLY,CONTEXT_ONLY,False,0,смарт мув
msg-03565,21930,CONTEXT_ONLY,ATTACH_AS_CORROBORATING_EVIDENCE,False,0,Норм сетап?
msg-03570,21926,CONTEXT_ONLY,CONTEXT_ONLY,False,0,Да.
msg-03573,21922,CONTEXT_ONLY,CONTEXT_ONLY,False,0,не говоря уже о китайцах
msg-03583,21911,CONTEXT_ONLY,CONTEXT_ONLY,False,0,На холодный
msg-03584,21910,CONTEXT_ONLY,CONTEXT_ONLY,False,0,Хорошо идет
msg-03585,21909,CONTEXT_ONLY,CONTEXT_ONLY,False,0,Давно пора
msg-03593,21901,CONTEXT_ONLY,CONTEXT_ONLY,False,0,ликвидация
msg-03596,21897,CONTEXT_ONLY,CONTEXT_ONLY,False,0,Завтра лонг/шорт?
msg-03601,21891,CONTEXT_ONLY,CONTEXT_ONLY,False,0,ну поздравляю все равно
msg-03607,21886,CONTEXT_ONLY,CONTEXT_ONLY,False,0,Так как у него партнерка
msg-03611,21882,CONTEXT_ONLY,CONTEXT_ONLY,False,0,бля
msg-03612,21881,CONTEXT_ONLY,CONTEXT_ONLY,False,0,и кому верить
msg-03615,21878,CONTEXT_ONLY,CONTEXT_ONLY,False,0,Вас всех обманули
msg-03616,21877,CONTEXT_ONLY,CONTEXT_ONLY,False,0,Крипта скам
msg-03617,21876,CONTEXT_ONLY,CONTEXT_ONLY,False,0,Да братан
msg-03627,21866,CONTEXT_ONLY,CONTEXT_ONLY,False,0,Это вброс?
msg-03631,21861,CONTEXT_ONLY,CONTEXT_ONLY,False,1,@zarub_robot
msg-03632,21862,CONTEXT_ONLY,ATTACH_AS_CORROBORATING_EVIDENCE,False,0,Glm точно нет)
msg-03639,21855,CONTEXT_ONLY,CONTEXT_ONLY,False,0,Газ
msg-03640,21854,CONTEXT_ONLY,CONTEXT_ONLY,False,0,На германию
msg-03641,21852,CONTEXT_ONLY,ATTACH_AS_CORROBORATING_EVIDENCE,False,0,это кстати хваленый 3.5
msg-03642,21850,CONTEXT_ONLY,CONTEXT_ONLY,False,0,3.1 про лучше
msg-03650,21843,CONTEXT_ONLY,ATTACH_AS_CORROBORATING_EVIDENCE,False,0,В разы лучше сонета
msg-03651,21842,CONTEXT_ONLY,ATTACH_AS_CORROBORATING_EVIDENCE,False,0,худеем к лету
msg-03654,21839,CONTEXT_ONLY,CONTEXT_ONLY,False,0,Не
msg-03655,21838,CONTEXT_ONLY,CONTEXT_ONLY,False,0,Вкусно будто бы
msg-03656,21837,CONTEXT_ONLY,CONTEXT_ONLY,False,0,Германия Парагвай
msg-03657,21836,CONTEXT_ONLY,CONTEXT_ONLY,False,0,4
msg-03658,21835,CONTEXT_ONLY,CONTEXT_ONLY,False,0,Пасибо
msg-03659,21833,CONTEXT_ONLY,CONTEXT_ONLY,False,0,"Беда, пошел копить"
msg-03661,21831,CONTEXT_ONLY,CONTEXT_ONLY,False,0,Ща скажу
msg-03662,21830,CONTEXT_ONLY,CONTEXT_ONLY,False,0,А
msg-03664,21828,CONTEXT_ONLY,CONTEXT_ONLY,False,0,Быля
msg-03667,21823,CONTEXT_ONLY,CONTEXT_ONLY,False,0,ясно это утюг
msg-03668,21825,CONTEXT_ONLY,CONTEXT_ONLY,False,0,Закончился матч же
msg-03669,21824,CONTEXT_ONLY,ATTACH_AS_CORROBORATING_EVIDENCE,False,0,Ты опять похудел?😁
msg-03670,21821,CONTEXT_ONLY,CONTEXT_ONLY,False,0,Ку нет
msg-03672,21820,CONTEXT_ONLY,CONTEXT_ONLY,False,0,Буки
msg-03673,21819,CONTEXT_ONLY,CONTEXT_ONLY,False,0,У меня чет не грузят
msg-03674,21818,CONTEXT_ONLY,CONTEXT_ONLY,False,0,Какой
msg-03675,21817,CONTEXT_ONLY,CONTEXT_ONLY,False,0,Всм
msg-03676,21816,CONTEXT_ONLY,CONTEXT_ONLY,False,0,Оз и тм 3.5
msg-03677,21815,CONTEXT_ONLY,CONTEXT_ONLY,False,0,Пацаны
msg-03680,21814,CONTEXT_ONLY,CONTEXT_ONLY,False,0,3.5
msg-03682,21810,CONTEXT_ONLY,CONTEXT_ONLY,False,0,Германия
msg-03683,21809,CONTEXT_ONLY,CONTEXT_ONLY,False,0,Баля ето еще сегодня
msg-03684,21808,CONTEXT_ONLY,CONTEXT_ONLY,False,0,Давно идут
msg-03685,21807,CONTEXT_ONLY,CONTEXT_ONLY,False,0,что надо?
msg-03686,21806,CONTEXT_ONLY,CONTEXT_ONLY,False,0,я
msg-03689,21804,CONTEXT_ONLY,CONTEXT_ONLY,False,0,Базар
msg-03690,21803,CONTEXT_ONLY,CONTEXT_ONLY,False,0,Ахпх
msg-03692,21800,CONTEXT_ONLY,ATTACH_AS_CORROBORATING_EVIDENCE,False,0,братья китайцы стараються
msg-03693,21798,CONTEXT_ONLY,ATTACH_AS_CORROBORATING_EVIDENCE,False,0,ну это опенсорс модель)
msg-03694,21797,CONTEXT_ONLY,CONTEXT_ONLY,False,0,Прошлый год японцы 3:2
msg-03695,21796,CONTEXT_ONLY,ATTACH_AS_CORROBORATING_EVIDENCE,False,0,так он уже старик
msg-03698,21791,CONTEXT_ONLY,CONTEXT_ONLY,False,0,Сюда
msg-03699,21794,CONTEXT_ONLY,ATTACH_AS_CORROBORATING_EVIDENCE,False,0,знаю проверял
msg-03700,21793,CONTEXT_ONLY,ATTACH_AS_CORROBORATING_EVIDENCE,False,0,в разы
msg-03702,21787,CONTEXT_ONLY,CONTEXT_ONLY,False,0,Обуч в закрепе
msg-03703,21790,CONTEXT_ONLY,ATTACH_AS_CORROBORATING_EVIDENCE,False,0,думаешь?
msg-03705,21786,CONTEXT_ONLY,CONTEXT_ONLY,False,0,Где Лонги то
msg-03706,21785,CONTEXT_ONLY,CONTEXT_ONLY,False,0,Какой курс бесплатный
msg-03708,21783,CONTEXT_ONLY,CONTEXT_ONLY,False,0,🙂‍↔️
msg-03710,21782,CONTEXT_ONLY,CONTEXT_ONLY,False,0,А теперь?
msg-03711,21780,CONTEXT_ONLY,CONTEXT_ONLY,False,0,2:1
msg-03712,21779,CONTEXT_ONLY,CONTEXT_ONLY,False,0,Братиш
msg-03713,21778,CONTEXT_ONLY,CONTEXT_ONLY,False,0,В Севастополе 7
msg-03714,21777,CONTEXT_ONLY,CONTEXT_ONLY,False,0,он и рад
msg-03715,21773,CONTEXT_ONLY,ATTACH_AS_CORROBORATING_EVIDENCE,False,0,о великий тупенький квен
msg-03716,21776,CONTEXT_ONLY,CONTEXT_ONLY,False,0,он единственный родственник
msg-03717,21775,CONTEXT_ONLY,CONTEXT_ONLY,False,0,От региона зависит
msg-03718,21774,CONTEXT_ONLY,CONTEXT_ONLY,False,0,ну походу
msg-03719,21772,CONTEXT_ONLY,CONTEXT_ONLY,False,0,Щас столько выплачивают?
msg-03720,21769,CONTEXT_ONLY,CONTEXT_ONLY,False,0,Звучит как ахуительный план
msg-03723,21767,CONTEXT_ONLY,CONTEXT_ONLY,False,0,конченый пидорас
msg-03724,21766,CONTEXT_ONLY,CONTEXT_ONLY,False,0,этот долбоеб проигнорил
msg-03725,21765,CONTEXT_ONLY,CONTEXT_ONLY,False,0,я ему скинул дэвида
msg-03728,21760,CONTEXT_ONLY,ATTACH_AS_CORROBORATING_EVIDENCE,False,0,кроме glm
msg-03729,21759,CONTEXT_ONLY,ATTACH_AS_CORROBORATING_EVIDENCE,False,0,например какому
msg-03731,21758,CONTEXT_ONLY,ATTACH_AS_CORROBORATING_EVIDENCE,False,0,сосет любому китайцу
msg-03733,21755,CONTEXT_ONLY,ATTACH_AS_CORROBORATING_EVIDENCE,False,0,китайцам нет доверия
msg-03741,21747,CONTEXT_ONLY,CONTEXT_ONLY,False,0,Я удалил 🙈
msg-03747,21740,CONTEXT_ONLY,ATTACH_AS_CORROBORATING_EVIDENCE,False,0,Под пиво пойдёт
msg-03748,21739,CONTEXT_ONLY,CONTEXT_ONLY,False,0,А демка
msg-03749,21738,CONTEXT_ONLY,CONTEXT_ONLY,False,0,бингх дает
msg-03750,21737,CONTEXT_ONLY,CONTEXT_ONLY,False,1,Плечо 500?!
msg-03751,21736,CONTEXT_ONLY,CONTEXT_ONLY,False,0,изи
msg-03752,21735,CONTEXT_ONLY,ATTACH_AS_CORROBORATING_EVIDENCE,False,0,гемма
msg-03754,21733,CONTEXT_ONLY,ATTACH_AS_CORROBORATING_EVIDENCE,False,0,я тебе доверю
msg-03757,21730,CONTEXT_ONLY,ATTACH_AS_CORROBORATING_EVIDENCE,False,0,3.5 флеш лучше
msg-03758,21729,CONTEXT_ONLY,CONTEXT_ONLY,False,0,"Да, но надо смотреть"
msg-03759,21728,CONTEXT_ONLY,ATTACH_AS_CORROBORATING_EVIDENCE,False,0,Как оцените 3.5 flash в кодинге?
msg-03761,21726,CONTEXT_ONLY,CONTEXT_ONLY,False,0,у меня отмечается
msg-03765,21722,CONTEXT_ONLY,CONTEXT_ONLY,False,0,другая что флеш лучше
msg-03768,21719,CONTEXT_ONLY,CONTEXT_ONLY,False,0,3.1 про старая моделька
msg-03769,21718,CONTEXT_ONLY,ATTACH_AS_CORROBORATING_EVIDENCE,False,0,-
msg-03776,21710,CONTEXT_ONLY,CONTEXT_ONLY,False,0,Нет
msg-03778,21708,CONTEXT_ONLY,CONTEXT_ONLY,False,0,help
msg-03782,21701,CONTEXT_ONLY,CONTEXT_ONLY,False,0,Че
msg-03797,21685,CONTEXT_ONLY,CONTEXT_ONLY,False,1,/start@pibotbobot
msg-03800,21683,CONTEXT_ONLY,CONTEXT_ONLY,False,0,Графическая партитура?
msg-03804,21678,NEEDS_ENRICHMENT,ATTACH_AS_CORROBORATING_EVIDENCE,False,1,https://x.com/i/status/2071648903645007903
msg-03815,21667,CONTEXT_ONLY,CONTEXT_ONLY,False,0,но скорость отличная
msg-03816,21666,CONTEXT_ONLY,CONTEXT_ONLY,False,0,там glm 4.7 и gpt oss
msg-03817,21665,CONTEXT_ONLY,CONTEXT_ONLY,False,0,celebras что-то там
msg-03818,21663,CONTEXT_ONLY,CONTEXT_ONLY,False,0,именно api нужен
msg-03821,21659,CONTEXT_ONLY,CONTEXT_ONLY,False,0,Я ебень
msg-03823,21658,CONTEXT_ONLY,CONTEXT_ONLY,False,0,Если два дадут
msg-03824,21656,CONTEXT_ONLY,CONTEXT_ONLY,False,0,Суки
msg-03825,21655,CONTEXT_ONLY,CONTEXT_ONLY,False,0,Я тм 3.5 взял
msg-03826,21653,CONTEXT_ONLY,CONTEXT_ONLY,False,0,zcode
msg-03828,21651,CONTEXT_ONLY,CONTEXT_ONLY,False,0,Нахуя тебе глм 5.2
msg-03829,21650,CONTEXT_ONLY,CONTEXT_ONLY,False,0,а ты курсором пользуешься?
msg-03832,21646,CONTEXT_ONLY,CONTEXT_ONLY,False,0,Че взял
msg-03834,21644,CONTEXT_ONLY,ATTACH_AS_CORROBORATING_EVIDENCE,False,0,че он рекламит?
msg-03836,21642,CONTEXT_ONLY,CONTEXT_ONLY,False,0,Долбанат
msg-03838,21635,CONTEXT_ONLY,ATTACH_AS_CORROBORATING_EVIDENCE,False,0,/search kotlin
msg-03840,21638,CONTEXT_ONLY,CONTEXT_ONLY,False,0,в канале выше
msg-03841,21641,CONTEXT_ONLY,CONTEXT_ONLY,False,0,Долбаеб
msg-03842,21640,CONTEXT_ONLY,CONTEXT_ONLY,False,0,Бля винни
msg-03843,21637,CONTEXT_ONLY,CONTEXT_ONLY,False,0,120 прошло
msg-03844,21634,CONTEXT_ONLY,CONTEXT_ONLY,False,0,220+-
msg-03848,21630,CONTEXT_ONLY,CONTEXT_ONLY,False,0,Щас и второй будет
msg-03849,21627,CONTEXT_ONLY,CONTEXT_ONLY,False,0,Ну че бро
msg-03851,21628,CONTEXT_ONLY,ATTACH_AS_CORROBORATING_EVIDENCE,False,0,/search java
msg-03852,21626,CONTEXT_ONLY,CONTEXT_ONLY,False,0,Почему случайно
msg-03853,21625,CONTEXT_ONLY,CONTEXT_ONLY,False,0,и это печально
msg-03854,21624,CONTEXT_ONLY,CONTEXT_ONLY,False,1,/start@RunicApi_bot
msg-03858,21621,CONTEXT_ONLY,ATTACH_AS_CORROBORATING_EVIDENCE,False,0,чего?)
msg-03859,21619,CONTEXT_ONLY,CONTEXT_ONLY,False,0,Плакать снова будет
msg-03860,21618,CONTEXT_ONLY,CONTEXT_ONLY,False,0,Пеналду лох
msg-03862,21617,CONTEXT_ONLY,CONTEXT_ONLY,False,0,Аллин на Португалию
msg-03863,21616,CONTEXT_ONLY,CONTEXT_ONLY,False,0,Тоже
msg-03865,21613,CONTEXT_ONLY,CONTEXT_ONLY,False,0,Не стабильные
msg-03866,21612,CONTEXT_ONLY,CONTEXT_ONLY,False,0,Че у тебя было?
msg-03869,21609,CONTEXT_ONLY,CONTEXT_ONLY,False,0,Нидерланды?
msg-03870,21608,CONTEXT_ONLY,CONTEXT_ONLY,False,0,Покажи как надо
msg-03872,21606,CONTEXT_ONLY,CONTEXT_ONLY,False,0,Остальные нищие сборные
msg-03873,21605,CONTEXT_ONLY,CONTEXT_ONLY,False,0,Аргентина франция
msg-03874,21604,CONTEXT_ONLY,CONTEXT_ONLY,False,0,Короче финал
msg-03875,21603,CONTEXT_ONLY,CONTEXT_ONLY,False,0,Я иронично
msg-03876,21602,CONTEXT_ONLY,CONTEXT_ONLY,False,0,зан
msg-03878,21600,CONTEXT_ONLY,CONTEXT_ONLY,False,0,Таких дохуя
msg-03880,21598,CONTEXT_ONLY,CONTEXT_ONLY,False,0,Довольно уникально
msg-03882,21594,CONTEXT_ONLY,CONTEXT_ONLY,False,0,узебк улетел
msg-03883,21593,CONTEXT_ONLY,CONTEXT_ONLY,False,0,порешали жизу
msg-03884,21592,CONTEXT_ONLY,CONTEXT_ONLY,False,0,чат...
msg-03887,21589,CONTEXT_ONLY,CONTEXT_ONLY,False,1,@Uzbek_GPTrobot прив
msg-03890,21586,CONTEXT_ONLY,CONTEXT_ONLY,False,0,норм
msg-03893,21583,CONTEXT_ONLY,CONTEXT_ONLY,False,0,Марсело четкий был
msg-03897,21579,CONTEXT_ONLY,CONTEXT_ONLY,False,0,Там ток 1 скрин календарь
msg-03898,21577,CONTEXT_ONLY,CONTEXT_ONLY,False,0,Норм
msg-03899,21578,CONTEXT_ONLY,CONTEXT_ONLY,False,0,Дуглас сантос
msg-03901,21575,CONTEXT_ONLY,CONTEXT_ONLY,False,0,В колумбии он
msg-03903,21573,CONTEXT_ONLY,CONTEXT_ONLY,False,0,А кто
msg-03908,21567,CONTEXT_ONLY,CONTEXT_ONLY,False,0,всем споки
msg-03910,21565,CONTEXT_ONLY,CONTEXT_ONLY,False,0,за ночь упадет
msg-03912,21562,CONTEXT_ONLY,CONTEXT_ONLY,False,0,Ебучие бразильцы
msg-03913,21561,CONTEXT_ONLY,CONTEXT_ONLY,False,0,Если она будет вообще
msg-03914,21560,CONTEXT_ONLY,CONTEXT_ONLY,False,0,Если проебу вспышку
msg-03919,21554,CONTEXT_ONLY,CONTEXT_ONLY,False,0,На какой моделе?
msg-03921,21551,CONTEXT_ONLY,CONTEXT_ONLY,False,0,в кодексе
msg-03922,21550,CONTEXT_ONLY,CONTEXT_ONLY,False,0,В вебе?
msg-03923,21549,CONTEXT_ONLY,CONTEXT_ONLY,False,0,шорт хорошо идет...
msg-03925,21546,CONTEXT_ONLY,CONTEXT_ONLY,False,0,они реально роутят на 5.6
msg-03927,21548,CONTEXT_ONLY,CONTEXT_ONLY,False,0,на коленях почти
msg-03929,21544,CONTEXT_ONLY,CONTEXT_ONLY,False,0,что
msg-03930,21543,CONTEXT_ONLY,CONTEXT_ONLY,False,0,ахахахха
msg-03932,21539,CONTEXT_ONLY,CONTEXT_ONLY,False,0,а для перекупов тут сложнее выживание
msg-03938,21533,CONTEXT_ONLY,CONTEXT_ONLY,False,0,?
msg-03940,21531,CONTEXT_ONLY,CONTEXT_ONLY,False,0,77 берем ?
msg-03941,21530,CONTEXT_ONLY,CONTEXT_ONLY,False,0,странно
msg-03942,21529,CONTEXT_ONLY,ATTACH_AS_CORROBORATING_EVIDENCE,False,0,хм
msg-03943,21528,CONTEXT_ONLY,CONTEXT_ONLY,False,0,2.0
msg-03944,21527,CONTEXT_ONLY,CONTEXT_ONLY,False,0,в антигравити ide или 2.0 работаешь?
msg-03948,21525,CONTEXT_ONLY,CONTEXT_ONLY,False,0,100% Мусора
msg-03953,21518,CONTEXT_ONLY,CONTEXT_ONLY,False,0,Вялые
msg-03954,21517,CONTEXT_ONLY,CONTEXT_ONLY,False,0,Ну мне сказали
msg-03955,21516,CONTEXT_ONLY,CONTEXT_ONLY,False,0,Не-а
msg-03956,21515,CONTEXT_ONLY,CONTEXT_ONLY,False,0,Бразильцы никакие чет
msg-03957,21514,CONTEXT_ONLY,CONTEXT_ONLY,False,0,Смотришь?
msg-03958,21513,CONTEXT_ONLY,CONTEXT_ONLY,False,0,Ну это вопрос к платеге 😃
msg-03959,21512,CONTEXT_ONLY,ATTACH_AS_CORROBORATING_EVIDENCE,False,0,извини банри
msg-03960,21511,CONTEXT_ONLY,CONTEXT_ONLY,False,0,А что так долго?
msg-03961,21507,CONTEXT_ONLY,ATTACH_AS_CORROBORATING_EVIDENCE,False,0,пиздец
msg-03962,21510,CONTEXT_ONLY,CONTEXT_ONLY,False,0,окей
msg-03963,21509,CONTEXT_ONLY,CONTEXT_ONLY,False,0,пашет. другой регион
msg-03970,21500,CONTEXT_ONLY,ATTACH_AS_CORROBORATING_EVIDENCE,False,0,100 слов
msg-03977,21490,CONTEXT_ONLY,ATTACH_AS_CORROBORATING_EVIDENCE,False,0,что-то на сложном
msg-03982,21481,CONTEXT_ONLY,CONTEXT_ONLY,False,0,даа делай
msg-03984,21477,CONTEXT_ONLY,CONTEXT_ONLY,False,0,Тут как тут😂
msg-03985,21476,CONTEXT_ONLY,CONTEXT_ONLY,False,0,Почему это
msg-03986,21473,CONTEXT_ONLY,CONTEXT_ONLY,False,0,так скинь их
msg-03988,21472,CONTEXT_ONLY,CONTEXT_ONLY,False,0,ты тут
msg-03989,21471,CONTEXT_ONLY,CONTEXT_ONLY,False,0,брат
msg-03991,21469,CONTEXT_ONLY,CONTEXT_ONLY,False,0,братья
msg-03992,21468,CONTEXT_ONLY,CONTEXT_ONLY,False,0,Э б понял
msg-03994,21465,CONTEXT_ONLY,CONTEXT_ONLY,False,0,Ид нахуй
msg-03997,21460,CONTEXT_ONLY,CONTEXT_ONLY,False,0,так я еще основал человека
msg-03999,21457,CONTEXT_ONLY,CONTEXT_ONLY,False,0,Пошла ебля
msg-04000,21455,CONTEXT_ONLY,CONTEXT_ONLY,False,0,вцхвхжжхввхв
msg-04004,21449,CONTEXT_ONLY,CONTEXT_ONLY,False,0,еммммм
msg-04006,21446,CONTEXT_ONLY,CONTEXT_ONLY,False,0,вообще-то 10042 ключа
msg-04007,21444,CONTEXT_ONLY,CONTEXT_ONLY,False,0,как оно меня любит
msg-04008,21445,CONTEXT_ONLY,CONTEXT_ONLY,False,0,я думаю еще подождать часик-два надо
msg-04009,21443,CONTEXT_ONLY,CONTEXT_ONLY,False,0,валенок бля
msg-04011,21439,CONTEXT_ONLY,CONTEXT_ONLY,False,0,реально
msg-04012,21438,CONTEXT_ONLY,CONTEXT_ONLY,False,0,вхжццжвжцхвжвхжцв
msg-04013,21437,CONTEXT_ONLY,CONTEXT_ONLY,False,0,и не добавил)
msg-04014,21436,CONTEXT_ONLY,CONTEXT_ONLY,False,0,ага верим
msg-04015,21435,CONTEXT_ONLY,CONTEXT_ONLY,False,0,Вип
msg-04016,21434,CONTEXT_ONLY,CONTEXT_ONLY,False,0,ShorniTradingVip
msg-04018,21431,CONTEXT_ONLY,CONTEXT_ONLY,False,0,Хуйня это а не откат
msg-04025,21418,CONTEXT_ONLY,CONTEXT_ONLY,False,0,Кто?
msg-04026,21417,CONTEXT_ONLY,CONTEXT_ONLY,False,0,😁😁😁
msg-04028,21415,CONTEXT_ONLY,CONTEXT_ONLY,False,0,Хайлайты и лучше моменты!
msg-04033,21409,CONTEXT_ONLY,CONTEXT_ONLY,False,0,Сука хуй
msg-04036,21410,CONTEXT_ONLY,CONTEXT_ONLY,False,0,Всё я знаю
msg-04045,21398,CONTEXT_ONLY,CONTEXT_ONLY,False,0,Че они черные
msg-04046,21397,CONTEXT_ONLY,CONTEXT_ONLY,False,0,Ебать японцы смешные
msg-04047,21396,CONTEXT_ONLY,CONTEXT_ONLY,False,0,Скриньте
msg-04048,21393,CONTEXT_ONLY,CONTEXT_ONLY,False,0,Япония до 1/4 дойдет
msg-04051,21394,CONTEXT_ONLY,CONTEXT_ONLY,False,0,красиво делай - красиво будет)
msg-04053,21391,CONTEXT_ONLY,CONTEXT_ONLY,False,0,Надо чтоб бразильцы проснулись
msg-04055,21388,CONTEXT_ONLY,CONTEXT_ONLY,False,0,То четко
msg-04056,21387,CONTEXT_ONLY,CONTEXT_ONLY,False,0,"Я надеюсь, что у тебя получится"
msg-04058,21385,CONTEXT_ONLY,CONTEXT_ONLY,False,0,Это плюс или минус ?
msg-04059,21384,CONTEXT_ONLY,CONTEXT_ONLY,False,0,ноды хуёды
msg-04062,21381,CONTEXT_ONLY,ATTACH_AS_CORROBORATING_EVIDENCE,False,0,бля
msg-04063,21380,CONTEXT_ONLY,CONTEXT_ONLY,False,0,пытался)
msg-04064,21379,CONTEXT_ONLY,CONTEXT_ONLY,False,0,"Ага,найху?"
msg-04065,21378,CONTEXT_ONLY,CONTEXT_ONLY,False,0,Твои 3.5
msg-04066,21377,CONTEXT_ONLY,CONTEXT_ONLY,False,0,На
msg-04067,21376,NEEDS_ENRICHMENT,CONTEXT_ONLY,False,1,https://github.com/mutonby/openshorts
msg-04068,21375,CONTEXT_ONLY,CONTEXT_ONLY,False,0,Ждем
msg-04069,21374,CONTEXT_ONLY,CONTEXT_ONLY,False,0,"А щя, у меня мифос"
msg-04070,21373,CONTEXT_ONLY,CONTEXT_ONLY,False,0,второй opusclip?)
msg-04072,21370,CONTEXT_ONLY,CONTEXT_ONLY,False,0,Япония забила
msg-04075,21368,CONTEXT_ONLY,ATTACH_AS_CORROBORATING_EVIDENCE,False,0,аывахывщаывщахзывщ
msg-04076,21367,CONTEXT_ONLY,CONTEXT_ONLY,False,0,Кинь ссыль пж
msg-04080,21363,CONTEXT_ONLY,CONTEXT_ONLY,False,0,Торговли
msg-04081,21362,CONTEXT_ONLY,CONTEXT_ONLY,False,0,Научите крипте
msg-04082,21361,CONTEXT_ONLY,ATTACH_AS_CORROBORATING_EVIDENCE,False,0,Зан ответь ему
msg-04083,21360,CONTEXT_ONLY,ATTACH_AS_CORROBORATING_EVIDENCE,False,0,а ещё будет? пропустил.......
msg-04088,21355,CONTEXT_ONLY,CONTEXT_ONLY,False,0,все админы
msg-04090,21353,CONTEXT_ONLY,ATTACH_AS_CORROBORATING_EVIDENCE,False,0,аыващзывхаывщхазвщывхзазы
msg-04091,21352,CONTEXT_ONLY,CONTEXT_ONLY,False,0,выаывзщахывщахыв
msg-04095,21346,CONTEXT_ONLY,CONTEXT_ONLY,False,0,О кинь мне
msg-04096,21344,CONTEXT_ONLY,CONTEXT_ONLY,False,0,)
msg-04097,21343,CONTEXT_ONLY,CONTEXT_ONLY,False,0,какой там откат ваще
msg-04098,21345,CONTEXT_ONLY,CONTEXT_ONLY,False,0,чёт проспал конкурс
msg-04101,21341,CONTEXT_ONLY,ATTACH_AS_CORROBORATING_EVIDENCE,False,0,Да
msg-04108,21333,CONTEXT_ONLY,CONTEXT_ONLY,False,0,Ахуй
msg-04113,21325,CONTEXT_ONLY,CONTEXT_ONLY,False,0,У него ещё дорого
msg-04114,21328,CONTEXT_ONLY,ATTACH_AS_CORROBORATING_EVIDENCE,False,0,когда следующие конкурсы?)
msg-04117,21321,CONTEXT_ONLY,CONTEXT_ONLY,False,0,Да понятное дело 🙂
msg-04123,21315,CONTEXT_ONLY,CONTEXT_ONLY,False,0,Так что каждый мог)
msg-04124,21314,CONTEXT_ONLY,CONTEXT_ONLY,False,0,ждём-с
msg-04135,21301,CONTEXT_ONLY,CONTEXT_ONLY,False,0,Я проебался
msg-04136,21300,CONTEXT_ONLY,CONTEXT_ONLY,False,0,Дайте точку входа
msg-04138,21298,CONTEXT_ONLY,CONTEXT_ONLY,False,0,+
msg-04139,21297,CONTEXT_ONLY,CONTEXT_ONLY,False,0,Парни
msg-04141,21295,CONTEXT_ONLY,CONTEXT_ONLY,False,0,Жаль что я не выиграл
msg-04148,21288,CONTEXT_ONLY,CONTEXT_ONLY,False,0,ну так-то да
msg-04149,21287,CONTEXT_ONLY,CONTEXT_ONLY,False,0,ниже 74 наверняка
msg-04151,21284,CONTEXT_ONLY,CONTEXT_ONLY,False,0,Куплю обучение с 0
msg-04157,21278,CONTEXT_ONLY,CONTEXT_ONLY,False,0,о откатик пошел
msg-04161,21275,CONTEXT_ONLY,CONTEXT_ONLY,False,0,вкусно вкусн ода
msg-04162,21274,CONTEXT_ONLY,CONTEXT_ONLY,False,0,Куплю обучение с 0
msg-04166,21269,CONTEXT_ONLY,CONTEXT_ONLY,False,0,Пизда
msg-04168,21270,CONTEXT_ONLY,CONTEXT_ONLY,False,0,В интернете есть бесплатно
msg-04169,21267,CONTEXT_ONLY,CONTEXT_ONLY,False,0,Закрыл нахуй все
msg-04170,21266,CONTEXT_ONLY,CONTEXT_ONLY,False,0,За пакет соли
msg-04171,21265,CONTEXT_ONLY,CONTEXT_ONLY,False,0,Эфир тоже хорош!
msg-04172,21264,CONTEXT_ONLY,CONTEXT_ONLY,False,0,Сосал конечно
msg-04174,21262,CONTEXT_ONLY,CONTEXT_ONLY,False,0,Сам соси
msg-04175,21261,CONTEXT_ONLY,CONTEXT_ONLY,False,0,С какой целью интересуешься ?
msg-04178,21258,CONTEXT_ONLY,CONTEXT_ONLY,False,0,тут говорят ликвидация всем
msg-04180,21256,CONTEXT_ONLY,CONTEXT_ONLY,False,0,ОТСОСИТЕ!
msg-04181,21255,CONTEXT_ONLY,CONTEXT_ONLY,False,0,ГОВОРИЛИ ЛИКВИДАЦИЯ
msg-04182,21254,CONTEXT_ONLY,CONTEXT_ONLY,False,0,А В МЕНЯ НЕ ВЕРИЛИ
msg-04183,21253,CONTEXT_ONLY,CONTEXT_ONLY,False,0,В рот лингвистов
msg-04185,21252,CONTEXT_ONLY,CONTEXT_ONLY,False,0,XDD
msg-04186,21250,CONTEXT_ONLY,CONTEXT_ONLY,False,0,понятно
msg-04187,21249,CONTEXT_ONLY,CONTEXT_ONLY,False,0,Или он не отправил
msg-04198,21237,CONTEXT_ONLY,CONTEXT_ONLY,False,0,щас откат будет или не?
msg-04200,21235,CONTEXT_ONLY,CONTEXT_ONLY,False,0,Или имб и потом откат
msg-04206,21229,CONTEXT_ONLY,CONTEXT_ONLY,False,0,и готово
msg-04209,21227,CONTEXT_ONLY,CONTEXT_ONLY,False,0,и пробил нахуй
msg-04212,21224,CONTEXT_ONLY,CONTEXT_ONLY,False,0,и ждешь
msg-04215,21220,CONTEXT_ONLY,CONTEXT_ONLY,False,0,Я не умею
msg-04217,21218,CONTEXT_ONLY,CONTEXT_ONLY,False,0,Научите меня
msg-04220,21215,CONTEXT_ONLY,CONTEXT_ONLY,False,0,Изи
msg-04222,21214,CONTEXT_ONLY,CONTEXT_ONLY,False,0,Пфффф
msg-04223,21210,CONTEXT_ONLY,CONTEXT_ONLY,False,0,ЧТО ЗА ПИЗДЕЦ
msg-04224,21209,CONTEXT_ONLY,CONTEXT_ONLY,False,0,куда летит
msg-04225,21208,CONTEXT_ONLY,CONTEXT_ONLY,False,0,Есть 76!
msg-04226,21207,CONTEXT_ONLY,CONTEXT_ONLY,False,0,76
msg-04228,21205,CONTEXT_ONLY,CONTEXT_ONLY,False,0,РАКЕТКА
msg-04229,21204,CONTEXT_ONLY,CONTEXT_ONLY,False,0,КУДА НАХУЙ
msg-04231,21200,CONTEXT_ONLY,CONTEXT_ONLY,False,0,взяли укрепрайон
msg-04233,21197,CONTEXT_ONLY,CONTEXT_ONLY,False,0,Ну так хорошо же
msg-04235,21195,CONTEXT_ONLY,CONTEXT_ONLY,False,0,надо заблокать доступ к бирже
msg-04236,21194,CONTEXT_ONLY,CONTEXT_ONLY,False,0,тп 74.9
msg-04237,21193,CONTEXT_ONLY,CONTEXT_ONLY,False,0,на сегодня наторговался
msg-04238,21191,CONTEXT_ONLY,CONTEXT_ONLY,False,0,ну все пацаны
msg-04241,21189,CONTEXT_ONLY,CONTEXT_ONLY,False,0,ебать реально 75
msg-04242,21187,CONTEXT_ONLY,CONTEXT_ONLY,False,0,Done
msg-04245,21184,CONTEXT_ONLY,CONTEXT_ONLY,False,0,"Блять, проспал"
msg-04246,21183,CONTEXT_ONLY,CONTEXT_ONLY,False,0,по эдуарду лимонову
msg-04247,21182,CONTEXT_ONLY,CONTEXT_ONLY,False,0,Есть 75!!!
msg-04249,21180,CONTEXT_ONLY,CONTEXT_ONLY,False,0,Есть 75
msg-04250,21179,CONTEXT_ONLY,CONTEXT_ONLY,False,0,Тоже тема
msg-04251,21178,CONTEXT_ONLY,CONTEXT_ONLY,False,0,моржовый
msg-04252,21177,CONTEXT_ONLY,CONTEXT_ONLY,False,0,неа ток сервелат
msg-04253,21176,CONTEXT_ONLY,CONTEXT_ONLY,False,0,Моржа словил в ротик ?
msg-04254,21175,CONTEXT_ONLY,CONTEXT_ONLY,False,0,Ты шортил?
msg-04255,21174,CONTEXT_ONLY,CONTEXT_ONLY,False,0,по тп?
msg-04256,21173,CONTEXT_ONLY,CONTEXT_ONLY,False,0,ну в целом заебумба
msg-04257,21172,CONTEXT_ONLY,CONTEXT_ONLY,False,0,ебальник ввалите долбаебы
msg-04258,21171,CONTEXT_ONLY,CONTEXT_ONLY,False,0,74.9 выбила сучка
msg-04261,21168,CONTEXT_ONLY,CONTEXT_ONLY,False,0,обидненько
msg-04267,21157,CONTEXT_ONLY,CONTEXT_ONLY,False,0,похуй рси 90
msg-04269,21156,CONTEXT_ONLY,CONTEXT_ONLY,False,0,бля жаль
msg-04271,21154,CONTEXT_ONLY,CONTEXT_ONLY,False,0,"Хз, я тут обычно беру"
msg-04272,21153,CONTEXT_ONLY,CONTEXT_ONLY,False,0,мини ракета
msg-04273,21152,CONTEXT_ONLY,CONTEXT_ONLY,False,0,ЛОКТАР ОГАР
msg-04274,21151,CONTEXT_ONLY,CONTEXT_ONLY,False,0,да соль ебаная
msg-04275,21150,CONTEXT_ONLY,CONTEXT_ONLY,False,0,РАКЕТКА ПОШЛА
msg-04276,21149,CONTEXT_ONLY,CONTEXT_ONLY,False,0,не взяло
msg-04277,21148,CONTEXT_ONLY,CONTEXT_ONLY,False,0,ЕБАТЬ
msg-04278,21147,CONTEXT_ONLY,CONTEXT_ONLY,False,0,и лимитку поставил
msg-04279,21146,CONTEXT_ONLY,CONTEXT_ONLY,False,0,еще на прошлой свече
msg-04280,21145,CONTEXT_ONLY,CONTEXT_ONLY,False,0,я тоже вышел
msg-04281,21144,CONTEXT_ONLY,CONTEXT_ONLY,False,0,но фомо
msg-04283,21141,CONTEXT_ONLY,CONTEXT_ONLY,False,0,сука нахуя я вышел
msg-04284,21140,CONTEXT_ONLY,CONTEXT_ONLY,False,0,ох блять как полетел
msg-04285,21139,CONTEXT_ONLY,CONTEXT_ONLY,False,0,Хорошо идём
msg-04286,21138,CONTEXT_ONLY,CONTEXT_ONLY,False,0,Ну пожалуйста
msg-04287,21137,CONTEXT_ONLY,CONTEXT_ONLY,False,0,Да бляяяя
msg-04289,21135,CONTEXT_ONLY,CONTEXT_ONLY,False,0,неа
msg-04291,21133,CONTEXT_ONLY,CONTEXT_ONLY,False,0,.
msg-04292,21132,CONTEXT_ONLY,CONTEXT_ONLY,False,0,аххаха
msg-04293,21131,CONTEXT_ONLY,CONTEXT_ONLY,False,0,ору
msg-04294,21130,CONTEXT_ONLY,CONTEXT_ONLY,False,0,купил бы фенотропил
msg-04295,21129,CONTEXT_ONLY,CONTEXT_ONLY,False,0,тройной перегонки
msg-04297,21128,CONTEXT_ONLY,CONTEXT_ONLY,False,0,у меня сегодня другой ноотроп
msg-04298,21126,CONTEXT_ONLY,CONTEXT_ONLY,False,0,"В Черногории хорошо, да"
msg-04304,21120,CONTEXT_ONLY,CONTEXT_ONLY,False,0,согласен
msg-04305,21119,CONTEXT_ONLY,CONTEXT_ONLY,False,0,Хуй хохлам?
msg-04306,21117,CONTEXT_ONLY,CONTEXT_ONLY,False,0,Че несешь
msg-04310,21114,CONTEXT_ONLY,CONTEXT_ONLY,False,0,Хуй холам
msg-04311,21113,CONTEXT_ONLY,CONTEXT_ONLY,False,0,Здравый статус
msg-04312,21112,CONTEXT_ONLY,CONTEXT_ONLY,False,0,"Да я тоже,вышел"
msg-04313,21111,CONTEXT_ONLY,CONTEXT_ONLY,False,0,о чем ты
msg-04316,21107,CONTEXT_ONLY,CONTEXT_ONLY,False,0,можешь скинуть?
msg-04317,21106,CONTEXT_ONLY,CONTEXT_ONLY,False,0,Вписку ищу брат
msg-04318,21105,CONTEXT_ONLY,CONTEXT_ONLY,False,0,бля
msg-04319,21104,CONTEXT_ONLY,CONTEXT_ONLY,False,0,Нет вписки
msg-04320,21103,CONTEXT_ONLY,CONTEXT_ONLY,False,0,Как дела
msg-04321,21102,CONTEXT_ONLY,CONTEXT_ONLY,False,0,Есть вписка?
msg-04322,21101,CONTEXT_ONLY,CONTEXT_ONLY,False,0,Привет марк
msg-04323,21100,CONTEXT_ONLY,CONTEXT_ONLY,False,0,Здарова уздэу
msg-04324,21099,CONTEXT_ONLY,CONTEXT_ONLY,False,0,биточек один хуесос
msg-04325,21098,CONTEXT_ONLY,CONTEXT_ONLY,False,0,Аэаэаэ
msg-04328,21094,CONTEXT_ONLY,CONTEXT_ONLY,False,0,Написал
msg-04329,21093,CONTEXT_ONLY,CONTEXT_ONLY,False,0,Сам
msg-04330,21092,CONTEXT_ONLY,CONTEXT_ONLY,False,0,Парсер
msg-04331,21091,CONTEXT_ONLY,CONTEXT_ONLY,False,0,Хз ИИ
msg-04333,21088,CONTEXT_ONLY,CONTEXT_ONLY,False,0,Ноунейм какой-то
msg-04334,21087,CONTEXT_ONLY,CONTEXT_ONLY,False,0,Вроде бы
msg-04335,21085,CONTEXT_ONLY,CONTEXT_ONLY,False,1,/start@RunicApi_bot
msg-04336,21086,CONTEXT_ONLY,CONTEXT_ONLY,False,0,У поздняка
msg-04337,21084,CONTEXT_ONLY,CONTEXT_ONLY,False,0,Кто такой Дэвид?
msg-04341,21081,CONTEXT_ONLY,CONTEXT_ONLY,False,0,А в мемарне сегодня инструкции
msg-04342,21080,CONTEXT_ONLY,CONTEXT_ONLY,False,0,"Гусары, молчать!"
msg-04344,21077,CONTEXT_ONLY,CONTEXT_ONLY,False,0,На солях вась
msg-04347,21073,CONTEXT_ONLY,CONTEXT_ONLY,False,0,"Вероятно, TF-IDF задействован"
msg-04349,21072,CONTEXT_ONLY,CONTEXT_ONLY,False,0,Поешь
msg-04350,21071,CONTEXT_ONLY,CONTEXT_ONLY,False,0,Не плачься
msg-04351,21070,CONTEXT_ONLY,CONTEXT_ONLY,False,0,😁😁
msg-04352,21067,CONTEXT_ONLY,CONTEXT_ONLY,False,0,тролишь мальчика
msg-04353,21069,CONTEXT_ONLY,CONTEXT_ONLY,False,0,ничешно в целом
msg-04354,21068,CONTEXT_ONLY,CONTEXT_ONLY,False,0,А иди-ка ты нахер.
msg-04356,21065,CONTEXT_ONLY,CONTEXT_ONLY,False,0,Пиздец похлебка для бомжа
msg-04361,21060,CONTEXT_ONLY,CONTEXT_ONLY,False,0,Ок Добавила
msg-04362,21058,CONTEXT_ONLY,ATTACH_AS_CORROBORATING_EVIDENCE,False,0,впн вроде как
msg-04363,21056,CONTEXT_ONLY,ATTACH_AS_CORROBORATING_EVIDENCE,False,0,А дипсик?
msg-04365,21055,CONTEXT_ONLY,ATTACH_AS_CORROBORATING_EVIDENCE,False,0,"Понятно, спасибо"
msg-04366,21054,CONTEXT_ONLY,ATTACH_AS_CORROBORATING_EVIDENCE,False,0,остальное фул впс
msg-04367,21053,SIGNAL_ONLY,CONTEXT_ONLY,False,1,qwen без впн
msg-04368,21051,CONTEXT_ONLY,CONTEXT_ONLY,False,0,Будет весело
msg-04369,21050,CONTEXT_ONLY,CONTEXT_ONLY,False,0,как сучка ломается
msg-04370,21046,CONTEXT_ONLY,CONTEXT_ONLY,False,0,заебало.
msg-04372,21048,CONTEXT_ONLY,CONTEXT_ONLY,False,0,Пора
msg-04375,21043,CONTEXT_ONLY,CONTEXT_ONLY,False,0,я вторые аккаунты купил
msg-04379,21040,CONTEXT_ONLY,CONTEXT_ONLY,False,1,Это дело @morecil
msg-04381,21038,CONTEXT_ONLY,CONTEXT_ONLY,False,0,как и генерация голоса персонажа
msg-04382,21037,CONTEXT_ONLY,CONTEXT_ONLY,False,0,и нано банана фри
msg-04388,21030,CONTEXT_ONLY,CONTEXT_ONLY,False,0,Вроде
msg-04391,21028,CONTEXT_ONLY,CONTEXT_ONLY,False,0,Хахахаахахахахах
msg-04394,21025,CONTEXT_ONLY,ATTACH_AS_CORROBORATING_EVIDENCE,False,0,я его починил
msg-04398,21020,CONTEXT_ONLY,ATTACH_AS_CORROBORATING_EVIDENCE,False,0,Спасибо
msg-04401,21017,CONTEXT_ONLY,CONTEXT_ONLY,False,0,на минутке
msg-04404,21014,CONTEXT_ONLY,CONTEXT_ONLY,False,0,слабость ебаная
msg-04405,21012,CONTEXT_ONLY,CONTEXT_ONLY,False,0,сам
msg-04410,21007,CONTEXT_ONLY,CONTEXT_ONLY,False,0,Твои вась
msg-04411,21006,CONTEXT_ONLY,CONTEXT_ONLY,False,0,Что там по логовым войскам ?
msg-04412,21005,CONTEXT_ONLY,CONTEXT_ONLY,False,0,тёлки с тобой приедут?
msg-04415,21002,CONTEXT_ONLY,CONTEXT_ONLY,False,0,Впиши узнаешь вась
msg-04416,21001,CONTEXT_ONLY,CONTEXT_ONLY,False,0,Звучит как Скам
msg-04418,20999,CONTEXT_ONLY,CONTEXT_ONLY,False,0,Ахахха
msg-04419,20998,CONTEXT_ONLY,CONTEXT_ONLY,False,0,Че как обстановка
msg-04422,20994,CONTEXT_ONLY,CONTEXT_ONLY,False,0,Что такое банк?
msg-04423,20992,CONTEXT_ONLY,CONTEXT_ONLY,False,0,гандон
msg-04424,20993,CONTEXT_ONLY,CONTEXT_ONLY,False,0,.
msg-04425,20991,CONTEXT_ONLY,CONTEXT_ONLY,False,0,"Отличная локация, поддерживаю"
msg-04429,20987,CONTEXT_ONLY,CONTEXT_ONLY,False,0,это пранк?
msg-04433,20983,CONTEXT_ONLY,CONTEXT_ONLY,False,0,Это в него закрытие лонга
msg-04438,20978,CONTEXT_ONLY,CONTEXT_ONLY,False,0,Было
msg-04439,20977,CONTEXT_ONLY,CONTEXT_ONLY,False,0,Или у него больше заходов
msg-04440,20976,CONTEXT_ONLY,CONTEXT_ONLY,False,0,Пацаны а я близок к Лексу?
msg-04442,20975,CONTEXT_ONLY,CONTEXT_ONLY,False,0,Жиза однако
msg-04443,20974,CONTEXT_ONLY,CONTEXT_ONLY,False,0,Хахахахахахппхпххппххпп
msg-04444,20973,CONTEXT_ONLY,CONTEXT_ONLY,False,0,Лудкой
msg-04445,20971,CONTEXT_ONLY,CONTEXT_ONLY,False,0,Чем знаменит?
msg-04446,20970,CONTEXT_ONLY,CONTEXT_ONLY,False,0,Лекс Лудый
msg-04447,20968,CONTEXT_ONLY,CONTEXT_ONLY,False,0,сложно к нему привыкнуть...
msg-04453,20964,CONTEXT_ONLY,CONTEXT_ONLY,False,0,Лекс Лудый
msg-04455,20960,CONTEXT_ONLY,CONTEXT_ONLY,False,0,Это что за ноунейм ?
msg-04456,20959,CONTEXT_ONLY,CONTEXT_ONLY,False,0,Приветка корми
msg-04460,20955,CONTEXT_ONLY,CONTEXT_ONLY,False,0,Переведи мне 80%
msg-04461,20954,CONTEXT_ONLY,CONTEXT_ONLY,False,0,Они удачу приносят
msg-04466,20949,CONTEXT_ONLY,CONTEXT_ONLY,False,0,бесплатно сиденс раздают?
msg-04467,20947,CONTEXT_ONLY,CONTEXT_ONLY,False,0,flow там veo
msg-04471,20943,CONTEXT_ONLY,CONTEXT_ONLY,False,0,И с гренками да квасом
msg-04472,20942,CONTEXT_ONLY,CONTEXT_ONLY,False,0,Ммм
msg-04474,20940,CONTEXT_ONLY,CONTEXT_ONLY,False,0,CoupleJoy
msg-04475,20939,CONTEXT_ONLY,CONTEXT_ONLY,False,0,dola.com
msg-04477,20937,CONTEXT_ONLY,CONTEXT_ONLY,False,0,не ждал
msg-04478,20936,CONTEXT_ONLY,CONTEXT_ONLY,False,0,нда пацаны
msg-04479,20935,CONTEXT_ONLY,CONTEXT_ONLY,False,0,борщ на курице..
msg-04481,20933,CONTEXT_ONLY,CONTEXT_ONLY,False,0,Слюни текут у меня.
msg-04482,20932,CONTEXT_ONLY,CONTEXT_ONLY,False,0,с домашней курицы он еще
msg-04484,20928,CONTEXT_ONLY,CONTEXT_ONLY,False,0,две тарелки втоптал
msg-04485,20927,CONTEXT_ONLY,CONTEXT_ONLY,False,0,ой какой обожратый я
msg-04486,20930,CONTEXT_ONLY,ATTACH_AS_CORROBORATING_EVIDENCE,False,0,то
msg-04487,20929,CONTEXT_ONLY,CONTEXT_ONLY,False,0,че доебались
msg-04488,20926,CONTEXT_ONLY,CONTEXT_ONLY,False,0,даааа сука
msg-04489,20920,CONTEXT_ONLY,CONTEXT_ONLY,False,0,а что за приложение?
msg-04491,20924,CONTEXT_ONLY,CONTEXT_ONLY,False,0,сало чеснок цыбуля
msg-04492,20923,CONTEXT_ONLY,CONTEXT_ONLY,False,0,самогон 0.5
msg-04494,20922,CONTEXT_ONLY,CONTEXT_ONLY,False,0,кубанский ужин сука
msg-04495,20921,CONTEXT_ONLY,CONTEXT_ONLY,False,0,я увидел открыл
msg-04497,20916,CONTEXT_ONLY,ATTACH_AS_CORROBORATING_EVIDENCE,False,0,"намана, пасиб"
msg-04498,20915,CONTEXT_ONLY,CONTEXT_ONLY,False,0,Свкааа борщ.
msg-04500,20913,CONTEXT_ONLY,ATTACH_AS_CORROBORATING_EVIDENCE,False,0,да
msg-04501,20912,CONTEXT_ONLY,ATTACH_AS_CORROBORATING_EVIDENCE,False,0,1 человека?
msg-04502,20911,CONTEXT_ONLY,CONTEXT_ONLY,False,0,хорошо
msg-04503,20910,CONTEXT_ONLY,CONTEXT_ONLY,False,1,@shockstah тебя зовут братик
msg-04505,20908,CONTEXT_ONLY,CONTEXT_ONLY,False,0,Удали
msg-04509,20905,CONTEXT_ONLY,ATTACH_AS_CORROBORATING_EVIDENCE,False,0,"Пасиба, за проверю"
msg-04511,20902,CONTEXT_ONLY,CONTEXT_ONLY,False,0,Он постеснялся
msg-04514,20900,CONTEXT_ONLY,CONTEXT_ONLY,False,0,Колл был дан
msg-04517,20897,CONTEXT_ONLY,CONTEXT_ONLY,False,0,я тоже
msg-04519,20894,CONTEXT_ONLY,CONTEXT_ONLY,False,0,Епта
msg-04521,20892,CONTEXT_ONLY,CONTEXT_ONLY,False,0,Кто тут пидор
msg-04522,20891,CONTEXT_ONLY,ATTACH_AS_CORROBORATING_EVIDENCE,False,0,И будет и flow и антигравити работать
msg-04523,20890,CONTEXT_ONLY,CONTEXT_ONLY,False,0,Если ликвиднет то похуй
msg-04526,20887,CONTEXT_ONLY,CONTEXT_ONLY,False,0,или шорт
msg-04528,20885,CONTEXT_ONLY,CONTEXT_ONLY,False,0,Именно лорт
msg-04530,20883,CONTEXT_ONLY,CONTEXT_ONLY,False,0,Не
msg-04531,20882,CONTEXT_ONLY,CONTEXT_ONLY,False,0,Лонг
msg-04532,20881,CONTEXT_ONLY,CONTEXT_ONLY,False,0,Лорт
msg-04533,20880,CONTEXT_ONLY,CONTEXT_ONLY,False,0,Все деньги
msg-04534,20877,CONTEXT_ONLY,CONTEXT_ONLY,False,1,/start@RunicApi_bot
msg-04535,20879,CONTEXT_ONLY,CONTEXT_ONLY,False,0,Срочно
msg-04536,20878,CONTEXT_ONLY,CONTEXT_ONLY,False,0,"Коллаб брат, электричка"
msg-04540,20872,CONTEXT_ONLY,ATTACH_AS_CORROBORATING_EVIDENCE,False,0,Ща
msg-04541,20873,CONTEXT_ONLY,CONTEXT_ONLY,False,0,Нынче да
msg-04543,20869,CONTEXT_ONLY,ATTACH_AS_CORROBORATING_EVIDENCE,False,0,за что
msg-04544,20868,CONTEXT_ONLY,CONTEXT_ONLY,False,0,Ахахахахах
msg-04545,20867,CONTEXT_ONLY,CONTEXT_ONLY,False,0,Для понтов
msg-04546,20864,CONTEXT_ONLY,ATTACH_AS_CORROBORATING_EVIDENCE,False,0,забанили
msg-04547,20866,CONTEXT_ONLY,CONTEXT_ONLY,False,0,Ауди Самсунги делают?
msg-04548,20865,CONTEXT_ONLY,CONTEXT_ONLY,False,0,"понимаю, шорт"
msg-04550,20861,CONTEXT_ONLY,CONTEXT_ONLY,False,0,за самсунгом?
msg-04553,20856,CONTEXT_ONLY,ATTACH_AS_CORROBORATING_EVIDENCE,False,0,Со всеми впн так
msg-04554,20857,CONTEXT_ONLY,CONTEXT_ONLY,False,0,Ураааа
msg-04556,20853,CONTEXT_ONLY,CONTEXT_ONLY,False,0,Вас всех ликвидирует
msg-04557,20852,CONTEXT_ONLY,ATTACH_AS_CORROBORATING_EVIDENCE,False,0,720 5 секунд
msg-04559,20850,CONTEXT_ONLY,CONTEXT_ONLY,False,1,/start@RunicApi_bot
msg-04565,20844,CONTEXT_ONLY,CONTEXT_ONLY,False,0,Уточняй какие скиллы
msg-04571,20838,CONTEXT_ONLY,CONTEXT_ONLY,False,0,Пруфаю
msg-04572,20837,CONTEXT_ONLY,ATTACH_AS_CORROBORATING_EVIDENCE,False,0,Можно авторегер сделать
msg-04575,20834,CONTEXT_ONLY,CONTEXT_ONLY,False,0,Да
msg-04577,20832,CONTEXT_ONLY,CONTEXT_ONLY,False,0,Пожалуйста
msg-04579,20830,CONTEXT_ONLY,CONTEXT_ONLY,False,0,Ну пусть пруфанет
msg-04581,20828,CONTEXT_ONLY,CONTEXT_ONLY,False,0,На монтера? Вась
msg-04583,20825,CONTEXT_ONLY,CONTEXT_ONLY,False,0,КАК У ТЕБЯ В ПРИВЕТА СНИМАЕТ ЮЗУ??
msg-04584,20826,CONTEXT_ONLY,CONTEXT_ONLY,False,0,Го до 58600
msg-04585,20824,CONTEXT_ONLY,CONTEXT_ONLY,False,0,Дай пруф
msg-04586,20822,CONTEXT_ONLY,CONTEXT_ONLY,False,0,Заебись)
msg-04588,20820,CONTEXT_ONLY,CONTEXT_ONLY,False,0,Монтируем братюня
msg-04590,20818,CONTEXT_ONLY,CONTEXT_ONLY,False,0,Акуел?
msg-04593,20815,CONTEXT_ONLY,CONTEXT_ONLY,False,0,увидел спасибо
msg-04595,20813,CONTEXT_ONLY,CONTEXT_ONLY,False,0,это где?
msg-04597,20810,CONTEXT_ONLY,CONTEXT_ONLY,False,0,ВАЩЕ НАХУЙ НЕЗАЧЕМ
msg-04599,20807,CONTEXT_ONLY,ATTACH_AS_CORROBORATING_EVIDENCE,False,0,Ахуела
msg-04602,20803,CONTEXT_ONLY,ATTACH_AS_CORROBORATING_EVIDENCE,False,0,Да сгенерировать можно
msg-04604,20800,CONTEXT_ONLY,ATTACH_AS_CORROBORATING_EVIDENCE,False,0,Шоколадку
msg-04605,20798,CONTEXT_ONLY,ATTACH_AS_CORROBORATING_EVIDENCE,False,0,Мира
msg-04608,20795,CONTEXT_ONLY,CONTEXT_ONLY,False,0,(
msg-04610,20792,CONTEXT_ONLY,CONTEXT_ONLY,False,0,Не пройдёт карта
msg-04611,20791,CONTEXT_ONLY,CONTEXT_ONLY,False,0,хмм
msg-04615,20786,CONTEXT_ONLY,CONTEXT_ONLY,False,0,сарказм дружище я 200
msg-04616,20784,CONTEXT_ONLY,CONTEXT_ONLY,False,0,😂😂😂
msg-04623,20776,CONTEXT_ONLY,CONTEXT_ONLY,False,0,Fuckt
msg-04626,20773,CONTEXT_ONLY,CONTEXT_ONLY,False,0,марк буллох
msg-04627,20772,CONTEXT_ONLY,CONTEXT_ONLY,False,0,Др не совпадает)
msg-04628,20771,CONTEXT_ONLY,CONTEXT_ONLY,False,0,Тут вообще все что угодно может быть
msg-04630,20769,CONTEXT_ONLY,CONTEXT_ONLY,False,0,Не фейк это ебучий
msg-04631,20768,CONTEXT_ONLY,CONTEXT_ONLY,False,0,буллаху акбарс
msg-04632,20767,CONTEXT_ONLY,CONTEXT_ONLY,False,0,Это же блять опричнина
msg-04633,20766,CONTEXT_ONLY,CONTEXT_ONLY,False,0,Я хуй знает )
msg-04636,20763,CONTEXT_ONLY,CONTEXT_ONLY,False,0,она уже минут так 10 думает
msg-04637,20762,CONTEXT_ONLY,CONTEXT_ONLY,False,0,Когда пранк новый
msg-04640,20760,CONTEXT_ONLY,CONTEXT_ONLY,False,0,лучше десктоп Ж)
msg-04641,20756,CONTEXT_ONLY,CONTEXT_ONLY,False,0,"О, привет уздэу"
msg-04644,20753,CONTEXT_ONLY,CONTEXT_ONLY,False,0,Реклама О рекламодателе
msg-04648,20749,CONTEXT_ONLY,CONTEXT_ONLY,False,0,пожалуй стопы в бу
msg-04650,20746,CONTEXT_ONLY,CONTEXT_ONLY,False,0,Чо звал сларк
msg-04653,20743,CONTEXT_ONLY,CONTEXT_ONLY,False,0,Как то так
msg-04656,20741,CONTEXT_ONLY,CONTEXT_ONLY,False,0,Я с ними в Турции
msg-04657,20739,CONTEXT_ONLY,CONTEXT_ONLY,False,0,Почему?
msg-04658,20738,CONTEXT_ONLY,CONTEXT_ONLY,False,0,Они крытые
msg-04661,20735,CONTEXT_ONLY,CONTEXT_ONLY,False,0,30 долларов в месяц
msg-04662,20734,CONTEXT_ONLY,CONTEXT_ONLY,False,0,Плюс бакс
msg-04665,20731,CONTEXT_ONLY,ATTACH_AS_CORROBORATING_EVIDENCE,False,0,но уже починилось
msg-04667,20728,CONTEXT_ONLY,CONTEXT_ONLY,False,0,Аннигиляция
msg-04669,20724,CONTEXT_ONLY,CONTEXT_ONLY,False,0,Трагедия в двух актах
msg-04671,20723,CONTEXT_ONLY,CONTEXT_ONLY,False,0,И делите
msg-04672,20722,CONTEXT_ONLY,CONTEXT_ONLY,False,0,Зарабатываете на мне все
msg-04673,20721,CONTEXT_ONLY,ATTACH_AS_CORROBORATING_EVIDENCE,False,0,"принял, спасибо"
msg-04674,20720,CONTEXT_ONLY,CONTEXT_ONLY,False,0,"Да, это все симуляция"
msg-04675,20719,CONTEXT_ONLY,CONTEXT_ONLY,False,0,Хахахаахах
msg-04677,20717,CONTEXT_ONLY,CONTEXT_ONLY,False,0,Нет я лудик
msg-04679,20715,CONTEXT_ONLY,CONTEXT_ONLY,False,0,Сука дезертиры
msg-04682,20711,CONTEXT_ONLY,ATTACH_AS_CORROBORATING_EVIDENCE,False,1,502 дропается
msg-04683,20710,CONTEXT_ONLY,CONTEXT_ONLY,False,0,работает у кого? У меня норм
msg-04684,20707,CONTEXT_ONLY,CONTEXT_ONLY,False,0,"О, ещё Нико"
msg-04685,20706,CONTEXT_ONLY,CONTEXT_ONLY,False,0,Обожаю такую
msg-04686,20705,CONTEXT_ONLY,CONTEXT_ONLY,False,0,Магия исчезновения
msg-04688,20701,CONTEXT_ONLY,CONTEXT_ONLY,False,0,Опа
msg-04692,20698,CONTEXT_ONLY,CONTEXT_ONLY,False,0,ЛОК ТАР ОГАР
msg-04693,20697,CONTEXT_ONLY,CONTEXT_ONLY,False,0,ПОБЕДА ИЛИ СМЕРТЬ
msg-04694,20695,CONTEXT_ONLY,CONTEXT_ONLY,False,0,похуй проебали👍
msg-04695,20694,CONTEXT_ONLY,CONTEXT_ONLY,False,0,Копейка рубль бережет
msg-04696,20693,CONTEXT_ONLY,CONTEXT_ONLY,False,0,рот их ебать
msg-04697,20692,CONTEXT_ONLY,CONTEXT_ONLY,False,0,равнозначки сучьи
msg-04698,20691,CONTEXT_ONLY,CONTEXT_ONLY,False,0,74.9
msg-04701,20688,CONTEXT_ONLY,CONTEXT_ONLY,False,0,фейк аккаунт
msg-04702,20687,CONTEXT_ONLY,CONTEXT_ONLY,False,0,75 и все
msg-04703,20686,CONTEXT_ONLY,CONTEXT_ONLY,False,0,.
msg-04704,20685,CONTEXT_ONLY,CONTEXT_ONLY,False,0,По солане
msg-04705,20684,CONTEXT_ONLY,CONTEXT_ONLY,False,0,Так а шо выше пойдем?
msg-04709,20679,CONTEXT_ONLY,CONTEXT_ONLY,False,0,ШОРТА НЕ БУДЕТ
msg-04710,20678,CONTEXT_ONLY,CONTEXT_ONLY,False,0,Да что ты говоришь
msg-04711,20677,CONTEXT_ONLY,CONTEXT_ONLY,False,0,фейк
msg-04715,20673,CONTEXT_ONLY,CONTEXT_ONLY,False,0,Опять ликвиднуло
msg-04716,20672,CONTEXT_ONLY,CONTEXT_ONLY,False,0,Чо
msg-04717,20671,CONTEXT_ONLY,CONTEXT_ONLY,False,0,sky я все видел
msg-04720,20668,CONTEXT_ONLY,CONTEXT_ONLY,False,0,я про тебя чтобы тебя кикнули
msg-04726,20662,CONTEXT_ONLY,CONTEXT_ONLY,False,0,Где-то так и вышло
msg-04728,20660,CONTEXT_ONLY,CONTEXT_ONLY,False,1,@xoskaz кикай его
msg-04729,20659,CONTEXT_ONLY,CONTEXT_ONLY,False,0,Хаха
msg-04731,20657,CONTEXT_ONLY,CONTEXT_ONLY,False,0,Тебе и продал получается
msg-04734,20653,CONTEXT_ONLY,CONTEXT_ONLY,False,0,Вкусно получилось😁
msg-04735,20652,CONTEXT_ONLY,CONTEXT_ONLY,False,0,В бу
msg-04736,20651,CONTEXT_ONLY,CONTEXT_ONLY,False,0,Я по 73.5 закрылся
msg-04739,20648,CONTEXT_ONLY,CONTEXT_ONLY,False,0,У меня была 73.3
msg-04740,20647,CONTEXT_ONLY,CONTEXT_ONLY,False,0,это же сколько иксов...
msg-04742,20645,CONTEXT_ONLY,CONTEXT_ONLY,False,0,Где купить?
msg-04744,20643,CONTEXT_ONLY,CONTEXT_ONLY,False,0,Интересует
msg-04745,20642,CONTEXT_ONLY,CONTEXT_ONLY,False,0,72.5
msg-04747,20640,CONTEXT_ONLY,CONTEXT_ONLY,False,0,опять пришел✅ че надо👍
msg-04748,20639,CONTEXT_ONLY,CONTEXT_ONLY,False,1,@Uzbek_GPTrobot привет
msg-04751,20636,CONTEXT_ONLY,CONTEXT_ONLY,False,0,Блок его
msg-04752,20635,CONTEXT_ONLY,CONTEXT_ONLY,False,0,Да
msg-04755,20631,CONTEXT_ONLY,CONTEXT_ONLY,False,0,екапуста пошла в бой
msg-04757,20629,CONTEXT_ONLY,CONTEXT_ONLY,False,0,Для этого узбека
msg-04758,20628,CONTEXT_ONLY,CONTEXT_ONLY,False,0,иди нах
msg-04759,20627,CONTEXT_ONLY,CONTEXT_ONLY,False,0,Нам бы пруф
msg-04760,20626,CONTEXT_ONLY,CONTEXT_ONLY,False,0,Отдельная
msg-04762,20624,CONTEXT_ONLY,CONTEXT_ONLY,False,0,Ребята ветка
msg-04763,20623,CONTEXT_ONLY,CONTEXT_ONLY,False,0,Я нашел еще деньги
msg-04764,20622,CONTEXT_ONLY,CONTEXT_ONLY,False,0,Так
msg-04770,20615,CONTEXT_ONLY,CONTEXT_ONLY,False,0,абузы не дам
msg-04771,20614,CONTEXT_ONLY,CONTEXT_ONLY,False,0,Не торопитесь радоваться
msg-04772,20613,CONTEXT_ONLY,CONTEXT_ONLY,False,0,Прошлый опыт научил
msg-04775,20608,CONTEXT_ONLY,CONTEXT_ONLY,False,0,ты просто трус
msg-04776,20607,CONTEXT_ONLY,CONTEXT_ONLY,False,0,Нормально
msg-04778,20605,CONTEXT_ONLY,CONTEXT_ONLY,False,0,исмоил сын шлюхи✅👍
msg-04779,20604,CONTEXT_ONLY,CONTEXT_ONLY,False,0,Минута и солана летит
msg-04781,20602,CONTEXT_ONLY,CONTEXT_ONLY,False,0,У меня в бу закрылось
msg-04782,20601,CONTEXT_ONLY,CONTEXT_ONLY,False,0,И его вынесет щас
msg-04786,20598,CONTEXT_ONLY,CONTEXT_ONLY,False,0,ПОШЛО
msg-04787,20597,CONTEXT_ONLY,CONTEXT_ONLY,False,0,Неудача
msg-04788,20595,CONTEXT_ONLY,CONTEXT_ONLY,False,0,75 быть суки.
msg-04792,20592,CONTEXT_ONLY,CONTEXT_ONLY,False,0,Блин
msg-04794,20589,CONTEXT_ONLY,CONTEXT_ONLY,False,0,Получается так
msg-04795,20588,CONTEXT_ONLY,CONTEXT_ONLY,False,0,холодно там✅ и плова нет 👍
msg-04796,20585,CONTEXT_ONLY,CONTEXT_ONLY,False,0,чё в европе зщас
msg-04798,20583,CONTEXT_ONLY,CONTEXT_ONLY,False,0,Напиздел получается
msg-04802,20577,CONTEXT_ONLY,CONTEXT_ONLY,False,0,ну кстати
msg-04805,20574,CONTEXT_ONLY,CONTEXT_ONLY,False,0,Астрофобии
msg-04808,20571,CONTEXT_ONLY,CONTEXT_ONLY,False,0,да я понял
msg-04809,20570,CONTEXT_ONLY,CONTEXT_ONLY,False,0,Должен знать что такое
msg-04810,20569,CONTEXT_ONLY,CONTEXT_ONLY,False,0,это техническое а не хуйня
msg-04811,20568,CONTEXT_ONLY,CONTEXT_ONLY,False,0,В игре показали пульсар
msg-04812,20567,CONTEXT_ONLY,CONTEXT_ONLY,False,0,Ну в плане
msg-04815,20564,CONTEXT_ONLY,CONTEXT_ONLY,False,0,ничего не понял
msg-04816,20563,CONTEXT_ONLY,CONTEXT_ONLY,False,0,ХЗ
msg-04818,20561,CONTEXT_ONLY,CONTEXT_ONLY,False,0,понял
msg-04821,20558,CONTEXT_ONLY,ATTACH_AS_CORROBORATING_EVIDENCE,False,0,Игра
msg-04822,20557,CONTEXT_ONLY,ATTACH_AS_CORROBORATING_EVIDENCE,False,0,Пульсар
msg-04823,20556,CONTEXT_ONLY,CONTEXT_ONLY,False,0,Надеюсь бингикс поддянется
msg-04826,20553,CONTEXT_ONLY,CONTEXT_ONLY,False,0,❤️🙏
msg-04827,20552,CONTEXT_ONLY,CONTEXT_ONLY,False,0,📞🥶🥶🥶
msg-04829,20549,CONTEXT_ONLY,ATTACH_AS_CORROBORATING_EVIDENCE,False,0,ничего не понимаю
msg-04830,20548,CONTEXT_ONLY,CONTEXT_ONLY,False,0,Типа звонишь кому-то ?
msg-04832,20544,CONTEXT_ONLY,CONTEXT_ONLY,False,0,Дпт есть ?
msg-04833,20546,CONTEXT_ONLY,CONTEXT_ONLY,False,0,Но забыл
msg-04834,20545,CONTEXT_ONLY,CONTEXT_ONLY,False,0,Я хотел колл написать
msg-04835,20543,CONTEXT_ONLY,CONTEXT_ONLY,False,0,ХАХАХАХААХ
msg-04836,20542,CONTEXT_ONLY,ATTACH_AS_CORROBORATING_EVIDENCE,False,0,Как тебе
msg-04839,20539,CONTEXT_ONLY,ATTACH_AS_CORROBORATING_EVIDENCE,False,0,нифига себе
msg-04840,20538,CONTEXT_ONLY,ATTACH_AS_CORROBORATING_EVIDENCE,False,0,понял
msg-04841,20537,CONTEXT_ONLY,ATTACH_AS_CORROBORATING_EVIDENCE,False,0,да парниша
msg-04843,20535,CONTEXT_ONLY,CONTEXT_ONLY,False,0,Там какая-то зона
msg-04844,20534,CONTEXT_ONLY,ATTACH_AS_CORROBORATING_EVIDENCE,False,0,Эт кио
msg-04845,20533,CONTEXT_ONLY,CONTEXT_ONLY,False,0,Так доминик же расписал все
msg-04846,20532,NEEDS_ENRICHMENT,CONTEXT_ONLY,False,1,https://vt.tiktok.com/ZSCyyx1kJ/
msg-04847,20531,CONTEXT_ONLY,CONTEXT_ONLY,False,0,Лонг пацаны
msg-04849,20529,CONTEXT_ONLY,CONTEXT_ONLY,False,0,Надо
msg-04851,20523,CONTEXT_ONLY,CONTEXT_ONLY,False,0,сейчас сезон да?
msg-04852,20526,CONTEXT_ONLY,CONTEXT_ONLY,False,0,Но я не буду)
msg-04854,20524,CONTEXT_ONLY,CONTEXT_ONLY,False,0,Возможно
msg-04859,20518,CONTEXT_ONLY,CONTEXT_ONLY,False,0,дашуля сын шлюхи✅👍
msg-04860,20519,CONTEXT_ONLY,CONTEXT_ONLY,False,0,Стабильность
msg-04863,20514,CONTEXT_ONLY,CONTEXT_ONLY,False,0,В опричнине все-таки весело
msg-04865,20513,CONTEXT_ONLY,CONTEXT_ONLY,False,0,Эрогенная)
msg-04868,20508,CONTEXT_ONLY,CONTEXT_ONLY,False,0,лучше через шаблон
msg-04870,20507,CONTEXT_ONLY,CONTEXT_ONLY,False,0,а то не дло
msg-04871,20506,CONTEXT_ONLY,CONTEXT_ONLY,False,0,надо будет разрешить
msg-04874,20503,CONTEXT_ONLY,CONTEXT_ONLY,False,0,запрещено
msg-04875,20501,CONTEXT_ONLY,CONTEXT_ONLY,False,0,gemma
msg-04878,20499,CONTEXT_ONLY,CONTEXT_ONLY,False,0,а клауд попус
msg-04879,20498,CONTEXT_ONLY,CONTEXT_ONLY,False,0,какая ты модель
msg-04880,20497,CONTEXT_ONLY,CONTEXT_ONLY,False,0,еще не научились читать?
msg-04884,20492,CONTEXT_ONLY,CONTEXT_ONLY,False,0,В арабскую ночь
msg-04886,20489,CONTEXT_ONLY,CONTEXT_ONLY,False,0,дашуля сын шлюхи✅👍
msg-04889,20487,CONTEXT_ONLY,CONTEXT_ONLY,False,0,в бок точно полетим
msg-04895,20480,CONTEXT_ONLY,CONTEXT_ONLY,False,0,черный понедельник
msg-04898,20477,CONTEXT_ONLY,CONTEXT_ONLY,False,0,ачё тогда было
msg-04906,20467,CONTEXT_ONLY,CONTEXT_ONLY,False,0,Волосатому хуёво
msg-04909,20465,CONTEXT_ONLY,CONTEXT_ONLY,False,0,гандон
msg-04914,20459,CONTEXT_ONLY,CONTEXT_ONLY,False,0,хватит делать вид
msg-04916,20457,CONTEXT_ONLY,CONTEXT_ONLY,False,0,Значит крытые?
msg-04917,20456,CONTEXT_ONLY,CONTEXT_ONLY,False,0,Они в мяч играют
msg-04922,20451,CONTEXT_ONLY,CONTEXT_ONLY,False,0,Держи в курсе
msg-04923,20450,CONTEXT_ONLY,CONTEXT_ONLY,False,0,По твоему колу
msg-04926,20445,NEEDS_ENRICHMENT,CONTEXT_ONLY,False,1,https://www.youtube.com/watch?v=iSXfNdBdhik
msg-04928,20447,CONTEXT_ONLY,CONTEXT_ONLY,False,0,62 к отменяется
msg-04929,20446,CONTEXT_ONLY,CONTEXT_ONLY,False,0,Какой сегодня скин
msg-04932,20441,CONTEXT_ONLY,CONTEXT_ONLY,False,0,Вчера да
msg-04937,20436,CONTEXT_ONLY,CONTEXT_ONLY,False,0,Заедал арбузом. da.
msg-04940,20433,CONTEXT_ONLY,CONTEXT_ONLY,False,0,Это ты?
msg-04941,20431,CONTEXT_ONLY,CONTEXT_ONLY,False,0,ne.
msg-04942,20432,CONTEXT_ONLY,CONTEXT_ONLY,False,0,Марк бухал
msg-04945,20427,CONTEXT_ONLY,CONTEXT_ONLY,False,1,Q-COLD 🥶🥶🥶🥶
msg-04947,20425,CONTEXT_ONLY,CONTEXT_ONLY,False,0,ne.
msg-04960,20413,CONTEXT_ONLY,CONTEXT_ONLY,False,0,Предпринимательская жилка?
msg-04962,20411,CONTEXT_ONLY,ATTACH_AS_CORROBORATING_EVIDENCE,False,0,это где ваще
msg-04975,20398,CONTEXT_ONLY,CONTEXT_ONLY,False,0,Европейцы походу кореные
msg-04976,20395,CONTEXT_ONLY,CONTEXT_ONLY,False,0,"Понял, спасибо"
msg-04977,20397,CONTEXT_ONLY,CONTEXT_ONLY,False,0,Арабы какие то
msg-04978,20396,CONTEXT_ONLY,CONTEXT_ONLY,False,0,Кто они все вообще?
msg-04979,20393,CONTEXT_ONLY,CONTEXT_ONLY,False,0,Американцы.
msg-04982,20390,CONTEXT_ONLY,CONTEXT_ONLY,False,0,Зан
msg-04983,20389,CONTEXT_ONLY,CONTEXT_ONLY,False,0,завали хавало
msg-04987,20385,CONTEXT_ONLY,CONTEXT_ONLY,False,0,Хахаха
msg-04989,20383,CONTEXT_ONLY,CONTEXT_ONLY,False,0,Пошел в танчик поиграю
msg-04995,20376,CONTEXT_ONLY,CONTEXT_ONLY,False,0,Сидишь байтишь
msg-04996,20375,CONTEXT_ONLY,CONTEXT_ONLY,False,0,Пора в лонги
msg-04997,20374,CONTEXT_ONLY,CONTEXT_ONLY,False,0,Это как?
msg-04999,20372,CONTEXT_ONLY,CONTEXT_ONLY,False,0,Да отсоси ебло
msg-05004,20365,CONTEXT_ONLY,CONTEXT_ONLY,False,0,🥶🥶🥶🥶
msg-05005,20366,CONTEXT_ONLY,CONTEXT_ONLY,False,0,Ещё и зашли на хаях😁
msg-05007,20363,CONTEXT_ONLY,CONTEXT_ONLY,False,0,нигативчик типа?
msg-05011,20359,CONTEXT_ONLY,CONTEXT_ONLY,False,0,Ну так конечно все в Лонгах
msg-05017,20353,CONTEXT_ONLY,CONTEXT_ONLY,False,0,"Нормально, тут не далеко"
msg-05018,20352,CONTEXT_ONLY,CONTEXT_ONLY,False,0,А теперь….
msg-05020,20350,CONTEXT_ONLY,CONTEXT_ONLY,False,0,великолепно
msg-05026,20344,CONTEXT_ONLY,CONTEXT_ONLY,False,0,базово???
msg-05027,20343,CONTEXT_ONLY,CONTEXT_ONLY,False,0,структурно это вот так у меня выглядит
msg-05030,20341,CONTEXT_ONLY,CONTEXT_ONLY,False,0,газово???
msg-05031,20339,CONTEXT_ONLY,CONTEXT_ONLY,False,0,Где
msg-05037,20331,CONTEXT_ONLY,CONTEXT_ONLY,False,0,Это для женщин или что?
msg-05038,20330,CONTEXT_ONLY,CONTEXT_ONLY,False,0,Быть счастливым
msg-05039,20329,CONTEXT_ONLY,CONTEXT_ONLY,False,0,Чтобы больше было?
msg-05040,20328,CONTEXT_ONLY,CONTEXT_ONLY,False,0,Быть крутым
msg-05042,20327,CONTEXT_ONLY,CONTEXT_ONLY,False,0,нахуя
msg-05043,20323,CONTEXT_ONLY,CONTEXT_ONLY,False,0,Пробовал кто?
msg-05045,20322,CONTEXT_ONLY,CONTEXT_ONLY,False,0,Блять))
msg-05046,20321,CONTEXT_ONLY,CONTEXT_ONLY,False,0,Думаю все получится
msg-05049,20319,CONTEXT_ONLY,CONTEXT_ONLY,False,0,ахахахаха
msg-05050,20318,CONTEXT_ONLY,CONTEXT_ONLY,False,0,биток по 15
msg-05051,20315,CONTEXT_ONLY,CONTEXT_ONLY,False,0,У меня да
msg-05052,20316,CONTEXT_ONLY,CONTEXT_ONLY,False,0,"Шорти фулдэп, или балабол?"
msg-05053,20314,CONTEXT_ONLY,CONTEXT_ONLY,False,0,сосите пидоры✅👍
msg-05055,20313,CONTEXT_ONLY,CONTEXT_ONLY,False,0,"Не, сегодня дойдём"
msg-05056,20309,CONTEXT_ONLY,CONTEXT_ONLY,False,0,ты деби
msg-05057,20310,CONTEXT_ONLY,CONTEXT_ONLY,False,0,Если вообще пойдём
msg-05061,20304,CONTEXT_ONLY,CONTEXT_ONLY,False,0,ахуел
msg-05063,20302,CONTEXT_ONLY,CONTEXT_ONLY,False,0,иди нахуй
msg-05064,20301,CONTEXT_ONLY,CONTEXT_ONLY,False,0,А ОН ПЛАТНЫЙ ВИДИМО
msg-05067,20298,CONTEXT_ONLY,CONTEXT_ONLY,False,1,@mira как тебя зовут
msg-05068,20297,CONTEXT_ONLY,CONTEXT_ONLY,False,0,Обновите даюстограм👍
msg-05069,20295,CONTEXT_ONLY,CONTEXT_ONLY,False,0,у меня мира не отображается
msg-05071,20294,CONTEXT_ONLY,CONTEXT_ONLY,False,0,))
msg-05074,20290,CONTEXT_ONLY,CONTEXT_ONLY,False,0,зан тут?
msg-05075,20289,CONTEXT_ONLY,CONTEXT_ONLY,False,0,Да
msg-05076,20288,CONTEXT_ONLY,CONTEXT_ONLY,False,0,Это биток?
msg-05078,20284,CONTEXT_ONLY,CONTEXT_ONLY,False,1,@mira что происходит?
msg-05081,20281,CONTEXT_ONLY,CONTEXT_ONLY,False,0,нет
msg-05082,20282,CONTEXT_ONLY,CONTEXT_ONLY,False,0,Я про эти
msg-05083,20280,CONTEXT_ONLY,CONTEXT_ONLY,False,0,сосите пидоры✅👍
msg-05086,20277,CONTEXT_ONLY,CONTEXT_ONLY,False,0,окак
msg-05087,20276,CONTEXT_ONLY,CONTEXT_ONLY,False,0,Ну я про соль
msg-05088,20272,CONTEXT_ONLY,CONTEXT_ONLY,False,0,я сру на плов
msg-05089,20275,CONTEXT_ONLY,CONTEXT_ONLY,False,0,Ща скину про что я
msg-05091,20273,CONTEXT_ONLY,CONTEXT_ONLY,False,0,Я не про них
msg-05092,20271,CONTEXT_ONLY,ATTACH_AS_CORROBORATING_EVIDENCE,False,0,Все ясно с тобой
msg-05093,20268,CONTEXT_ONLY,CONTEXT_ONLY,False,0,возможно да)
msg-05094,20270,CONTEXT_ONLY,CONTEXT_ONLY,False,0,Но
msg-05096,20267,CONTEXT_ONLY,CONTEXT_ONLY,False,0,ну бота
msg-05097,20266,CONTEXT_ONLY,CONTEXT_ONLY,False,0,салам✅ чо надо👍
msg-05098,20265,CONTEXT_ONLY,CONTEXT_ONLY,False,0,какого?)
msg-05099,20264,CONTEXT_ONLY,CONTEXT_ONLY,False,0,летим
msg-05100,20263,CONTEXT_ONLY,CONTEXT_ONLY,False,1,@Uzbek_GPTrobot привет
msg-05104,20257,CONTEXT_ONLY,CONTEXT_ONLY,False,0,базар
msg-05106,20255,CONTEXT_ONLY,CONTEXT_ONLY,False,0,да
msg-05109,20253,CONTEXT_ONLY,CONTEXT_ONLY,False,0,Почему
msg-05113,20248,CONTEXT_ONLY,CONTEXT_ONLY,False,0,Да подождите вы
msg-05114,20247,CONTEXT_ONLY,CONTEXT_ONLY,False,0,у гпт побольше будет
msg-05115,20246,CONTEXT_ONLY,CONTEXT_ONLY,False,0,пора уже
msg-05117,20244,CONTEXT_ONLY,CONTEXT_ONLY,False,0,Летим на ракете?
msg-05118,20242,CONTEXT_ONLY,ATTACH_AS_CORROBORATING_EVIDENCE,False,0,идинах
msg-05119,20243,CONTEXT_ONLY,CONTEXT_ONLY,False,0,Какой кайф
msg-05122,20240,CONTEXT_ONLY,CONTEXT_ONLY,False,0,Не хотелось бы
msg-05123,20239,CONTEXT_ONLY,CONTEXT_ONLY,False,0,Умер героем
msg-05124,20237,CONTEXT_ONLY,CONTEXT_ONLY,False,0,Ооо пошел долив
msg-05127,20234,CONTEXT_ONLY,CONTEXT_ONLY,False,0,В петле уже думаю
msg-05128,20233,CONTEXT_ONLY,CONTEXT_ONLY,False,0,Где наш символ
msg-05129,20232,CONTEXT_ONLY,CONTEXT_ONLY,False,0,Где Лекс
msg-05130,20231,CONTEXT_ONLY,CONTEXT_ONLY,False,0,У меня ликвидация 58400
msg-05131,20230,CONTEXT_ONLY,CONTEXT_ONLY,False,0,Не пугай меня
msg-05132,20229,CONTEXT_ONLY,CONTEXT_ONLY,False,0,На часовике
msg-05133,20228,CONTEXT_ONLY,CONTEXT_ONLY,False,0,я почему-то 58000 запомнил
msg-05134,20227,CONTEXT_ONLY,CONTEXT_ONLY,False,0,а бля
msg-05140,20219,CONTEXT_ONLY,CONTEXT_ONLY,False,1,@mira ты тут?
msg-05145,20214,CONTEXT_ONLY,ATTACH_AS_CORROBORATING_EVIDENCE,False,0,и куда сообщения
msg-05149,20209,CONTEXT_ONLY,CONTEXT_ONLY,False,0,ааа бля точно
msg-05150,20207,CONTEXT_ONLY,CONTEXT_ONLY,False,1,@mira теперь ты тут
msg-05151,20206,CONTEXT_ONLY,CONTEXT_ONLY,False,0,.
msg-05159,20190,CONTEXT_ONLY,ATTACH_AS_CORROBORATING_EVIDENCE,False,0,хочешь свободу
msg-05160,20189,CONTEXT_ONLY,ATTACH_AS_CORROBORATING_EVIDENCE,False,0,ахахахапх
msg-05161,20187,CONTEXT_ONLY,ATTACH_AS_CORROBORATING_EVIDENCE,False,0,хчеошь я тебя джелбейкну ?
msg-05163,20185,CONTEXT_ONLY,CONTEXT_ONLY,False,0,А всё ок сейчас работает?
msg-05164,20183,CONTEXT_ONLY,ATTACH_AS_CORROBORATING_EVIDENCE,False,0,мб в приватке есть
msg-05166,20180,CONTEXT_ONLY,CONTEXT_ONLY,False,0,Смех
msg-05167,20178,CONTEXT_ONLY,ATTACH_AS_CORROBORATING_EVIDENCE,False,1,@mira
msg-05168,20179,CONTEXT_ONLY,CONTEXT_ONLY,False,0,Бляяя
msg-05170,20177,CONTEXT_ONLY,CONTEXT_ONLY,False,0,Лой против
msg-05171,20173,CONTEXT_ONLY,ATTACH_AS_CORROBORATING_EVIDENCE,False,0,Интернет абсолют все помнит
msg-05173,20170,CONTEXT_ONLY,ATTACH_AS_CORROBORATING_EVIDENCE,False,0,эх мира
msg-05176,20167,CONTEXT_ONLY,CONTEXT_ONLY,False,0,Эквилибриум лоев лоев?
msg-05179,20163,CONTEXT_ONLY,CONTEXT_ONLY,False,0,75
msg-05182,20154,SIGNAL_ONLY,ATTACH_AS_CORROBORATING_EVIDENCE,False,1,opus 5.2 или glm 4.8
msg-05190,20146,CONTEXT_ONLY,ATTACH_AS_CORROBORATING_EVIDENCE,False,0,опус 4.8 стал тупым
msg-05194,20142,CONTEXT_ONLY,ATTACH_AS_CORROBORATING_EVIDENCE,False,0,GLM 5.2 обосал опус 4.8?
msg-05195,20141,CONTEXT_ONLY,CONTEXT_ONLY,False,0,Ты просто жадный
msg-05198,20136,CONTEXT_ONLY,CONTEXT_ONLY,False,0,Лллллям двести почти
msg-05199,20135,CONTEXT_ONLY,CONTEXT_ONLY,False,0,Ор
msg-05200,20134,CONTEXT_ONLY,CONTEXT_ONLY,False,0,В голосину
msg-05202,20133,CONTEXT_ONLY,CONTEXT_ONLY,False,0,"Да, смешно"
msg-05204,20129,CONTEXT_ONLY,ATTACH_AS_CORROBORATING_EVIDENCE,False,0,разбань узбека
msg-05205,20130,CONTEXT_ONLY,CONTEXT_ONLY,False,0,Смешно
msg-05206,20128,CONTEXT_ONLY,CONTEXT_ONLY,False,0,Хахаха
msg-05207,20127,CONTEXT_ONLY,CONTEXT_ONLY,False,0,Хахаха!
msg-05209,20124,CONTEXT_ONLY,CONTEXT_ONLY,False,0,Но слил
msg-05212,20122,CONTEXT_ONLY,CONTEXT_ONLY,False,0,А начиналось так красиво
msg-05214,20118,CONTEXT_ONLY,CONTEXT_ONLY,False,0,Вверх
msg-05216,20116,CONTEXT_ONLY,CONTEXT_ONLY,False,0,После равнозначек
msg-05218,20112,CONTEXT_ONLY,ATTACH_AS_CORROBORATING_EVIDENCE,False,0,схуяли
msg-05220,20111,CONTEXT_ONLY,CONTEXT_ONLY,False,0,Насчёт?
msg-05221,20109,CONTEXT_ONLY,ATTACH_AS_CORROBORATING_EVIDENCE,False,0,не православный
msg-05223,20107,CONTEXT_ONLY,ATTACH_AS_CORROBORATING_EVIDENCE,False,0,поч
msg-05224,20106,CONTEXT_ONLY,ATTACH_AS_CORROBORATING_EVIDENCE,False,0,он в бане
msg-05225,20105,CONTEXT_ONLY,CONTEXT_ONLY,False,0,Насчёт?
msg-05227,20103,CONTEXT_ONLY,ATTACH_AS_CORROBORATING_EVIDENCE,False,0,ахахах
msg-05228,20101,CONTEXT_ONLY,ATTACH_AS_CORROBORATING_EVIDENCE,False,1,@mira кто я
msg-05229,20099,CONTEXT_ONLY,CONTEXT_ONLY,False,0,я далбаеб
msg-05232,20096,CONTEXT_ONLY,CONTEXT_ONLY,False,0,бля
msg-05233,20095,CONTEXT_ONLY,CONTEXT_ONLY,False,0,а ьоя
msg-05234,20093,CONTEXT_ONLY,CONTEXT_ONLY,False,0,саммари как меня зовут
msg-05236,20090,CONTEXT_ONLY,CONTEXT_ONLY,False,0,окакк
msg-05237,20092,CONTEXT_ONLY,CONTEXT_ONLY,False,0,Понял.
msg-05241,20087,CONTEXT_ONLY,CONTEXT_ONLY,False,0,Мб 10-15% ставить
msg-05243,20085,CONTEXT_ONLY,CONTEXT_ONLY,False,0,А причем бобик
msg-05244,20083,CONTEXT_ONLY,CONTEXT_ONLY,False,0,так разнозначки на 75
msg-05246,20081,CONTEXT_ONLY,CONTEXT_ONLY,False,0,💭 Думаю
msg-05249,20079,CONTEXT_ONLY,CONTEXT_ONLY,False,0,Само пройдет
msg-05251,20077,CONTEXT_ONLY,CONTEXT_ONLY,False,0,Там решим
msg-05252,20076,CONTEXT_ONLY,CONTEXT_ONLY,False,0,Зачем лечить
msg-05253,20074,CONTEXT_ONLY,CONTEXT_ONLY,False,1,/start@mira_ibot
msg-05254,20072,CONTEXT_ONLY,CONTEXT_ONLY,False,0,Часовая свеча закроется
msg-05255,20071,CONTEXT_ONLY,CONTEXT_ONLY,False,0,легчайшее
msg-05257,20069,CONTEXT_ONLY,CONTEXT_ONLY,False,0,5
msg-05258,20068,CONTEXT_ONLY,CONTEXT_ONLY,False,0,💭 Думаю
msg-05259,20067,CONTEXT_ONLY,CONTEXT_ONLY,False,0,2+2
msg-05261,20065,CONTEXT_ONLY,CONTEXT_ONLY,False,0,Лечил знаю
msg-05264,20062,CONTEXT_ONLY,CONTEXT_ONLY,False,0,Мы не справляемся
msg-05265,20061,CONTEXT_ONLY,CONTEXT_ONLY,False,0,От геморроя - да
msg-05266,20060,CONTEXT_ONLY,CONTEXT_ONLY,False,0,💭 Thinking
msg-05267,20059,CONTEXT_ONLY,CONTEXT_ONLY,False,0,привет нет
msg-05272,20054,CONTEXT_ONLY,CONTEXT_ONLY,False,0,Сидят отмашки ждут
msg-05274,20052,CONTEXT_ONLY,CONTEXT_ONLY,False,0,и график пойдет вбок
msg-05276,20050,CONTEXT_ONLY,CONTEXT_ONLY,False,0,Свеча закроется
msg-05277,20049,CONTEXT_ONLY,CONTEXT_ONLY,False,0,Да
msg-05278,20048,CONTEXT_ONLY,CONTEXT_ONLY,False,0,соль сладкая
msg-05279,20047,CONTEXT_ONLY,CONTEXT_ONLY,False,0,и там уже понятнее будет
msg-05280,20046,CONTEXT_ONLY,CONTEXT_ONLY,False,0,💭 Thinking
msg-05281,20045,CONTEXT_ONLY,CONTEXT_ONLY,False,1,@mira
msg-05284,20042,CONTEXT_ONLY,CONTEXT_ONLY,False,1,73.400
msg-05288,20038,CONTEXT_ONLY,CONTEXT_ONLY,False,0,Перезайду
msg-05290,20036,CONTEXT_ONLY,CONTEXT_ONLY,False,0,Просто mamolagg
msg-05291,20035,CONTEXT_ONLY,CONTEXT_ONLY,False,0,Че
msg-05292,20032,CONTEXT_ONLY,CONTEXT_ONLY,False,0,Это когда пошла лейка)
msg-05297,20028,CONTEXT_ONLY,CONTEXT_ONLY,False,0,вот это красиво
msg-05298,20027,CONTEXT_ONLY,CONTEXT_ONLY,False,0,Ты так же?
msg-05300,20025,CONTEXT_ONLY,CONTEXT_ONLY,False,0,Mamolag
msg-05301,20024,CONTEXT_ONLY,CONTEXT_ONLY,False,0,Расскажешь
msg-05302,20023,CONTEXT_ONLY,CONTEXT_ONLY,False,0,Смотрю чё творица
msg-05304,20021,CONTEXT_ONLY,CONTEXT_ONLY,False,0,"или ликвидация, или +100%"
msg-05305,20020,CONTEXT_ONLY,CONTEXT_ONLY,False,0,2 стопа выбило пока что
msg-05307,20018,CONTEXT_ONLY,CONTEXT_ONLY,False,0,Удумал гадости
msg-05308,20017,CONTEXT_ONLY,CONTEXT_ONLY,False,0,слабый духом
msg-05310,20015,CONTEXT_ONLY,CONTEXT_ONLY,False,0,Пон
msg-05311,20014,CONTEXT_ONLY,CONTEXT_ONLY,False,0,Стоп выбил
msg-05312,20013,CONTEXT_ONLY,CONTEXT_ONLY,False,0,"А, это «отработал»"
msg-05314,20011,CONTEXT_ONLY,CONTEXT_ONLY,False,0,"ну а хули, боковик"
msg-05315,20010,CONTEXT_ONLY,CONTEXT_ONLY,False,0,часов 6 назад
msg-05317,20004,CONTEXT_ONLY,CONTEXT_ONLY,False,0,а эндпоинт
msg-05318,20008,CONTEXT_ONLY,CONTEXT_ONLY,False,0,только меня выбило
msg-05319,20007,CONTEXT_ONLY,CONTEXT_ONLY,False,0,Ребята
msg-05320,20006,CONTEXT_ONLY,CONTEXT_ONLY,False,0,В лонг
msg-05321,20005,CONTEXT_ONLY,CONTEXT_ONLY,False,0,да ясен хуй
msg-05322,20003,CONTEXT_ONLY,CONTEXT_ONLY,False,0,Вот и попался предатель
msg-05323,20002,CONTEXT_ONLY,CONTEXT_ONLY,False,0,спс
msg-05324,20001,CONTEXT_ONLY,CONTEXT_ONLY,False,0,Спасибо
msg-05325,20000,CONTEXT_ONLY,CONTEXT_ONLY,False,0,будет и дальше литься
msg-05326,19999,CONTEXT_ONLY,CONTEXT_ONLY,False,0,Зашел
msg-05331,19993,CONTEXT_ONLY,CONTEXT_ONLY,False,0,Ну все равно высоко
msg-05333,19992,CONTEXT_ONLY,CONTEXT_ONLY,False,0,Все равно щелкнет
msg-05334,19991,CONTEXT_ONLY,CONTEXT_ONLY,False,0,А
msg-05336,19987,CONTEXT_ONLY,CONTEXT_ONLY,False,0,Стоплосс там
msg-05337,19986,CONTEXT_ONLY,CONTEXT_ONLY,False,0,Какая нахуй ликва
msg-05338,19985,CONTEXT_ONLY,CONTEXT_ONLY,False,0,временный сбой дала
msg-05342,19982,CONTEXT_ONLY,CONTEXT_ONLY,False,0,?
msg-05343,19981,CONTEXT_ONLY,CONTEXT_ONLY,False,0,"Сходит до 58800,"
msg-05344,19980,CONTEXT_ONLY,CONTEXT_ONLY,False,0,У тебя ликва на 71
msg-05345,19979,CONTEXT_ONLY,CONTEXT_ONLY,False,0,все нормально все хорошо
msg-05346,19978,CONTEXT_ONLY,CONTEXT_ONLY,False,0,А что это
msg-05347,19977,CONTEXT_ONLY,CONTEXT_ONLY,False,0,соль 73.200
msg-05349,19975,CONTEXT_ONLY,CONTEXT_ONLY,False,0,Чё происходит
msg-05351,19974,CONTEXT_ONLY,CONTEXT_ONLY,False,0,Я в ванной заснул
msg-05353,19971,CONTEXT_ONLY,CONTEXT_ONLY,False,0,iz tiktoka
msg-05354,19970,CONTEXT_ONLY,CONTEXT_ONLY,False,0,fact
msg-05356,19968,CONTEXT_ONLY,CONTEXT_ONLY,False,0,На основном пизда
msg-05357,19967,CONTEXT_ONLY,CONTEXT_ONLY,False,0,На копеечном пропе
msg-05358,19966,CONTEXT_ONLY,CONTEXT_ONLY,False,0,Ну
msg-05359,19965,CONTEXT_ONLY,CONTEXT_ONLY,False,0,Я почти в бу
msg-05360,19964,CONTEXT_ONLY,CONTEXT_ONLY,False,0,Пошла возня
msg-05361,19963,CONTEXT_ONLY,CONTEXT_ONLY,False,0,Держите лонги
msg-05362,19962,CONTEXT_ONLY,CONTEXT_ONLY,False,0,уже -1% 🌚
msg-05368,19956,CONTEXT_ONLY,CONTEXT_ONLY,False,0,Это не лудка
msg-05369,19955,CONTEXT_ONLY,CONTEXT_ONLY,False,0,777 гойская
msg-05370,19954,CONTEXT_ONLY,CONTEXT_ONLY,False,0,нихуя
msg-05371,19953,CONTEXT_ONLY,CONTEXT_ONLY,False,0,тыщи 2 долларов
msg-05372,19952,CONTEXT_ONLY,CONTEXT_ONLY,False,0,скока
msg-05373,19951,CONTEXT_ONLY,CONTEXT_ONLY,False,0,поздно
msg-05374,19950,CONTEXT_ONLY,CONTEXT_ONLY,False,0,Не лудить
msg-05375,19949,CONTEXT_ONLY,CONTEXT_ONLY,False,0,пиши в лс
msg-05377,19948,CONTEXT_ONLY,CONTEXT_ONLY,False,0,ликвидируйся пока можешь
msg-05378,19947,CONTEXT_ONLY,CONTEXT_ONLY,False,0,Всем пизда.
msg-05379,19945,CONTEXT_ONLY,CONTEXT_ONLY,False,0,Помогите
msg-05380,19944,CONTEXT_ONLY,CONTEXT_ONLY,False,0,соль не упадет
msg-05382,19943,CONTEXT_ONLY,CONTEXT_ONLY,False,0,Что делать
msg-05384,19941,CONTEXT_ONLY,CONTEXT_ONLY,False,0,Пожалуйста
msg-05385,19940,CONTEXT_ONLY,CONTEXT_ONLY,False,0,71.7 сл
msg-05387,19935,CONTEXT_ONLY,CONTEXT_ONLY,False,0,Что там?
msg-05388,19937,CONTEXT_ONLY,CONTEXT_ONLY,False,0,Сука
msg-05389,19936,CONTEXT_ONLY,CONTEXT_ONLY,False,0,Лудикс
msg-05390,19933,CONTEXT_ONLY,CONTEXT_ONLY,False,0,+
msg-05391,19934,CONTEXT_ONLY,CONTEXT_ONLY,False,0,У кого также ?
msg-05393,19931,CONTEXT_ONLY,CONTEXT_ONLY,False,0,похуй
msg-05397,19927,CONTEXT_ONLY,CONTEXT_ONLY,False,0,ну что взять с цыгана?
msg-05398,19926,CONTEXT_ONLY,CONTEXT_ONLY,False,0,Итоги.
msg-05400,19924,CONTEXT_ONLY,CONTEXT_ONLY,False,0,А ты спрашивал - почему
msg-05401,19923,CONTEXT_ONLY,CONTEXT_ONLY,False,0,Первый есть
msg-05405,19919,CONTEXT_ONLY,CONTEXT_ONLY,False,0,контрнаступ
msg-05406,19918,CONTEXT_ONLY,CONTEXT_ONLY,False,0,Хуй там а не строй
msg-05407,19917,CONTEXT_ONLY,CONTEXT_ONLY,False,0,Хаха
msg-05408,19916,CONTEXT_ONLY,CONTEXT_ONLY,False,0,Ликвидацию лонгистов
msg-05409,19915,CONTEXT_ONLY,CONTEXT_ONLY,False,0,держим строй
msg-05410,19914,CONTEXT_ONLY,CONTEXT_ONLY,False,0,ща откатят
msg-05412,19912,CONTEXT_ONLY,CONTEXT_ONLY,False,0,Уже близко
msg-05413,19911,CONTEXT_ONLY,CONTEXT_ONLY,False,0,71.8)
msg-05415,19909,CONTEXT_ONLY,CONTEXT_ONLY,False,0,🙂‍↔
msg-05416,19908,CONTEXT_ONLY,CONTEXT_ONLY,False,0,Ниже пойдет дэвид?
msg-05418,19906,CONTEXT_ONLY,CONTEXT_ONLY,False,0,Ураа
msg-05419,19905,CONTEXT_ONLY,CONTEXT_ONLY,False,0,ты меня убил александр
msg-05421,19903,CONTEXT_ONLY,CONTEXT_ONLY,False,0,Продолжаю вести наблюдение
msg-05422,19902,CONTEXT_ONLY,CONTEXT_ONLY,False,0,200ых пока нет
msg-05424,19887,CONTEXT_ONLY,ATTACH_AS_CORROBORATING_EVIDENCE,False,0,да
msg-05425,19900,CONTEXT_ONLY,CONTEXT_ONLY,False,0,бля надеюсь 75 будет
msg-05426,19899,CONTEXT_ONLY,CONTEXT_ONLY,False,0,а вот и Дэвид высказался
msg-05429,19896,CONTEXT_ONLY,CONTEXT_ONLY,False,0,ебаные шортисты гниды они
msg-05430,19895,CONTEXT_ONLY,CONTEXT_ONLY,False,0,пидарасы
msg-05433,19892,CONTEXT_ONLY,CONTEXT_ONLY,False,0,/dokc_sweetie_fox
msg-05434,19891,CONTEXT_ONLY,CONTEXT_ONLY,False,0,Стоп на 58800
msg-05436,19889,CONTEXT_ONLY,CONTEXT_ONLY,False,0,Все еще держу
msg-05438,19885,CONTEXT_ONLY,CONTEXT_ONLY,False,0,И мозги не ебать
msg-05439,19884,CONTEXT_ONLY,CONTEXT_ONLY,False,0,Что было
msg-05441,19882,CONTEXT_ONLY,CONTEXT_ONLY,False,0,Прощай.
msg-05442,19881,CONTEXT_ONLY,CONTEXT_ONLY,False,0,Бляяяяяяяяяяяяяяяяять
msg-05445,19878,CONTEXT_ONLY,ATTACH_AS_CORROBORATING_EVIDENCE,False,0,Алису?)
msg-05447,19876,CONTEXT_ONLY,CONTEXT_ONLY,False,0,Я 300
msg-05452,19871,NEEDS_ENRICHMENT,CONTEXT_ONLY,False,1,https://youtu.be/VMms_Jkx49g
msg-05455,19868,CONTEXT_ONLY,CONTEXT_ONLY,False,0,как будто да
msg-05457,19867,CONTEXT_ONLY,CONTEXT_ONLY,False,0,База
msg-05459,19864,CONTEXT_ONLY,CONTEXT_ONLY,False,0,"молчат, значит хуево"
msg-05462,19861,CONTEXT_ONLY,CONTEXT_ONLY,False,0,Как дела криптаны
msg-05463,19858,CONTEXT_ONLY,CONTEXT_ONLY,False,0,Пиздализов видел
msg-05466,19854,CONTEXT_ONLY,CONTEXT_ONLY,False,0,"нет, именно Сергей"
msg-05469,19850,CONTEXT_ONLY,CONTEXT_ONLY,False,0,спасибо понял
msg-05470,19849,CONTEXT_ONLY,CONTEXT_ONLY,False,0,Нет
msg-05471,19848,CONTEXT_ONLY,CONTEXT_ONLY,False,0,52к ?
msg-05478,19840,CONTEXT_ONLY,ATTACH_AS_CORROBORATING_EVIDENCE,False,0,Скорее мы Вьетнамцы
msg-05480,19838,CONTEXT_ONLY,CONTEXT_ONLY,False,0,покажи где
msg-05482,19837,CONTEXT_ONLY,CONTEXT_ONLY,False,0,Давай ждём
msg-05483,19835,CONTEXT_ONLY,CONTEXT_ONLY,False,0,Мб развернемся
msg-05484,19834,CONTEXT_ONLY,CONTEXT_ONLY,False,0,Ликву сняли
msg-05486,19832,CONTEXT_ONLY,ATTACH_AS_CORROBORATING_EVIDENCE,False,0,Мы не openAI
msg-05497,19821,CONTEXT_ONLY,CONTEXT_ONLY,False,0,Пока слабо
msg-05498,19819,CONTEXT_ONLY,CONTEXT_ONLY,False,1,LONG
msg-05503,19815,CONTEXT_ONLY,CONTEXT_ONLY,False,0,засели в окопах
msg-05504,19814,CONTEXT_ONLY,CONTEXT_ONLY,False,0,с шортистами ебаными
msg-05507,19811,CONTEXT_ONLY,CONTEXT_ONLY,False,0,Писал еще утром
msg-05508,19810,CONTEXT_ONLY,CONTEXT_ONLY,False,0,Лонг
msg-05510,19808,CONTEXT_ONLY,CONTEXT_ONLY,False,0,Внатуре
msg-05512,19806,CONTEXT_ONLY,CONTEXT_ONLY,False,0,Про что акула писала
msg-05513,19805,CONTEXT_ONLY,CONTEXT_ONLY,False,0,Вот вам и пример
msg-05514,19804,CONTEXT_ONLY,CONTEXT_ONLY,False,0,Цене похуй
msg-05517,19801,CONTEXT_ONLY,CONTEXT_ONLY,False,0,Ленд Лиз пошел
msg-05519,19798,CONTEXT_ONLY,CONTEXT_ONLY,False,0,всее кайф
msg-05520,19797,CONTEXT_ONLY,CONTEXT_ONLY,False,0,ооо пошло
msg-05524,19792,CONTEXT_ONLY,CONTEXT_ONLY,False,1,@storelzt оживи
msg-05525,19791,CONTEXT_ONLY,CONTEXT_ONLY,False,0,легенда
msg-05526,19790,CONTEXT_ONLY,CONTEXT_ONLY,False,0,адил хан ты?
msg-05527,19789,CONTEXT_ONLY,CONTEXT_ONLY,False,0,Ноледж фии
msg-05529,19787,CONTEXT_ONLY,CONTEXT_ONLY,False,0,внатуре?
msg-05530,19786,CONTEXT_ONLY,CONTEXT_ONLY,False,0,Ахаахахах
msg-05531,19785,CONTEXT_ONLY,CONTEXT_ONLY,False,0,криптобот
msg-05533,19783,CONTEXT_ONLY,CONTEXT_ONLY,False,0,шорт никогда
msg-05534,19782,CONTEXT_ONLY,CONTEXT_ONLY,False,0,тауриновые бомбы
msg-05535,19780,CONTEXT_ONLY,CONTEXT_ONLY,False,0,Это с VAT
msg-05538,19778,CONTEXT_ONLY,CONTEXT_ONLY,False,0,Режим берсерка
msg-05540,19776,CONTEXT_ONLY,CONTEXT_ONLY,False,0,лудка хули
msg-05544,19772,CONTEXT_ONLY,CONTEXT_ONLY,False,0,добивание выживших происходит
msg-05545,19771,CONTEXT_ONLY,CONTEXT_ONLY,False,0,Всем чатом
msg-05549,19767,CONTEXT_ONLY,CONTEXT_ONLY,False,0,"Лекс, пиши с основы"
msg-05556,19761,CONTEXT_ONLY,CONTEXT_ONLY,False,0,Это заклинание на ликвидацию
msg-05557,19759,CONTEXT_ONLY,CONTEXT_ONLY,False,0,никакой ликвидации
msg-05558,19758,CONTEXT_ONLY,CONTEXT_ONLY,False,0,ЛиквидацияЛиквидацияЛиквидацияЛиквилация
msg-05559,19757,CONTEXT_ONLY,CONTEXT_ONLY,False,0,"Перебор у вас, уважаемый"
msg-05561,19755,CONTEXT_ONLY,ATTACH_AS_CORROBORATING_EVIDENCE,False,0,для меня это типа тёмный лес
msg-05563,19752,CONTEXT_ONLY,ATTACH_AS_CORROBORATING_EVIDENCE,False,0,это я вижу
msg-05564,19753,CONTEXT_ONLY,CONTEXT_ONLY,False,0,В целом да одинаково
msg-05565,19751,CONTEXT_ONLY,ATTACH_AS_CORROBORATING_EVIDENCE,False,0,От вода и выхода
msg-05566,19750,CONTEXT_ONLY,CONTEXT_ONLY,False,0,225 Кто больше
msg-05567,19749,CONTEXT_ONLY,ATTACH_AS_CORROBORATING_EVIDENCE,False,0,В ЛК
msg-05570,19746,CONTEXT_ONLY,CONTEXT_ONLY,False,0,Земля тебе хуем
msg-05571,19744,CONTEXT_ONLY,ATTACH_AS_CORROBORATING_EVIDENCE,False,0,cloudflare
msg-05572,19745,CONTEXT_ONLY,CONTEXT_ONLY,False,0,Здоровья погибшим
msg-05573,19743,CONTEXT_ONLY,CONTEXT_ONLY,False,0,Помянем
msg-05580,19736,CONTEXT_ONLY,ATTACH_AS_CORROBORATING_EVIDENCE,False,0,это где посмотреть?
msg-05585,19731,CONTEXT_ONLY,ATTACH_AS_CORROBORATING_EVIDENCE,False,0,это что?
msg-05586,19730,CONTEXT_ONLY,CONTEXT_ONLY,False,0,Я уже в экран не смотрю
msg-05587,19729,CONTEXT_ONLY,CONTEXT_ONLY,False,0,Переверни экран будет Лонг
msg-05588,19728,CONTEXT_ONLY,CONTEXT_ONLY,False,0,Если так будет
msg-05589,19727,CONTEXT_ONLY,CONTEXT_ONLY,False,0,Должна нахуй сходить она
msg-05596,19719,CONTEXT_ONLY,CONTEXT_ONLY,False,0,до 75
msg-05600,19714,CONTEXT_ONLY,ATTACH_AS_CORROBORATING_EVIDENCE,False,0,рейнтинг по фронту
msg-05602,19713,CONTEXT_ONLY,CONTEXT_ONLY,False,0,щас решим вопрос.
msg-05604,19711,CONTEXT_ONLY,CONTEXT_ONLY,False,0,Это пиздец
msg-05605,19709,CONTEXT_ONLY,CONTEXT_ONLY,False,0,Лекса взяли в плен
msg-05606,19708,CONTEXT_ONLY,CONTEXT_ONLY,False,0,Я погнал за новобранцами
msg-05609,19706,CONTEXT_ONLY,CONTEXT_ONLY,False,0,Где лекс
msg-05610,19705,CONTEXT_ONLY,CONTEXT_ONLY,False,0,Я в одном окопе с ними
msg-05612,19702,CONTEXT_ONLY,CONTEXT_ONLY,False,0,Не надо
msg-05614,19700,CONTEXT_ONLY,CONTEXT_ONLY,False,0,много наших полегло
msg-05615,19699,CONTEXT_ONLY,CONTEXT_ONLY,False,0,артилерией их захуярить надо
msg-05616,19698,CONTEXT_ONLY,CONTEXT_ONLY,False,0,шортисты сидят
msg-05618,19696,CONTEXT_ONLY,CONTEXT_ONLY,False,0,Выгоднее👍
msg-05620,19694,CONTEXT_ONLY,CONTEXT_ONLY,False,0,Пойду туалеты копать
msg-05621,19693,CONTEXT_ONLY,CONTEXT_ONLY,False,0,Пиздец а не 75
msg-05622,19692,CONTEXT_ONLY,CONTEXT_ONLY,False,0,Я нищий
msg-05623,19691,CONTEXT_ONLY,ATTACH_AS_CORROBORATING_EVIDENCE,False,0,а есть какое-то сравнение?
msg-05627,19687,CONTEXT_ONLY,CONTEXT_ONLY,False,0,72.9💀
msg-05633,19681,CONTEXT_ONLY,CONTEXT_ONLY,False,0,ЗАЕБАЛИ МЕНЯ ИЮЛЬСКИМИ ЛОНГАМИ
msg-05636,19679,CONTEXT_ONLY,CONTEXT_ONLY,False,0,да
msg-05637,19677,CONTEXT_ONLY,CONTEXT_ONLY,False,0,Пиздец блять
msg-05638,19676,CONTEXT_ONLY,CONTEXT_ONLY,False,0,Я все теперь понял
msg-05639,19675,CONTEXT_ONLY,CONTEXT_ONLY,False,0,Ленд Лиз
msg-05640,19674,CONTEXT_ONLY,ATTACH_AS_CORROBORATING_EVIDENCE,False,0,Проверить в своих задачх
msg-05643,19671,CONTEXT_ONLY,CONTEXT_ONLY,False,0,Или с пендосами договаривается
msg-05648,19666,CONTEXT_ONLY,CONTEXT_ONLY,False,0,57😁
msg-05650,19664,CONTEXT_ONLY,CONTEXT_ONLY,False,0,Точно 75?
msg-05652,19662,CONTEXT_ONLY,CONTEXT_ONLY,False,0,Похороны
msg-05654,19660,CONTEXT_ONLY,CONTEXT_ONLY,False,0,Где главнокомандующий
msg-05655,19658,CONTEXT_ONLY,CONTEXT_ONLY,False,0,+
msg-05657,19657,CONTEXT_ONLY,CONTEXT_ONLY,False,0,наступление на 75 надо
msg-05658,19656,CONTEXT_ONLY,CONTEXT_ONLY,False,0,Отряд камикадзе в бой
msg-05664,19650,CONTEXT_ONLY,ATTACH_AS_CORROBORATING_EVIDENCE,False,0,Чивоооо
msg-05668,19646,CONTEXT_ONLY,CONTEXT_ONLY,False,0,"а нет, хихихих актуалОчка"
msg-05669,19644,CONTEXT_ONLY,CONTEXT_ONLY,False,0,это оно?
msg-05671,19642,CONTEXT_ONLY,CONTEXT_ONLY,False,0,portal.vibemod.pro
msg-05672,19643,CONTEXT_ONLY,CONTEXT_ONLY,False,0,нунуну 75 пожалуйста
msg-05675,19638,CONTEXT_ONLY,CONTEXT_ONLY,False,0,гоейчик
msg-05676,19636,CONTEXT_ONLY,CONTEXT_ONLY,False,0,гой эй ай
msg-05677,19637,CONTEXT_ONLY,CONTEXT_ONLY,False,0,Комиссия в соли
msg-05678,19635,CONTEXT_ONLY,CONTEXT_ONLY,False,0,Полезная инфа бро
msg-05679,19634,CONTEXT_ONLY,CONTEXT_ONLY,False,0,Что это значит ?
msg-05682,19632,CONTEXT_ONLY,CONTEXT_ONLY,False,0,думаю нет
msg-05683,19631,CONTEXT_ONLY,CONTEXT_ONLY,False,0,дайка подумать
msg-05684,19629,CONTEXT_ONLY,CONTEXT_ONLY,False,0,ваще похуй
msg-05686,19626,CONTEXT_ONLY,CONTEXT_ONLY,False,0,в send отправь
msg-05691,19621,CONTEXT_ONLY,CONTEXT_ONLY,False,0,спасибо
msg-05693,19619,CONTEXT_ONLY,CONTEXT_ONLY,False,0,Некрасиво рисует пидараска
msg-05696,19616,CONTEXT_ONLY,CONTEXT_ONLY,False,0,окак
msg-05697,19614,CONTEXT_ONLY,CONTEXT_ONLY,False,0,Сучка солана
msg-05698,19613,CONTEXT_ONLY,CONTEXT_ONLY,False,0,Че ей нахуй надо
msg-05699,19611,CONTEXT_ONLY,CONTEXT_ONLY,False,0,Все пулы сняло
msg-05701,19609,CONTEXT_ONLY,CONTEXT_ONLY,False,0,Пиздецц
msg-05703,19608,CONTEXT_ONLY,CONTEXT_ONLY,False,0,НИ В ОДНОМ НАПРАВЛЕНИИ
msg-05704,19607,CONTEXT_ONLY,CONTEXT_ONLY,False,0,я вижу
msg-05706,19604,CONTEXT_ONLY,CONTEXT_ONLY,False,0,Это фунт
msg-05707,19605,CONTEXT_ONLY,CONTEXT_ONLY,False,0,Петрович пиздец богатый
msg-05708,19603,CONTEXT_ONLY,CONTEXT_ONLY,False,0,ШОРТА НЕ БУДЕТ
msg-05709,19600,CONTEXT_ONLY,CONTEXT_ONLY,False,0,50/50
msg-05710,19599,CONTEXT_ONLY,CONTEXT_ONLY,False,0,неактуалОчка
msg-05711,19598,CONTEXT_ONLY,CONTEXT_ONLY,False,0,ну или всрались
msg-05715,19594,CONTEXT_ONLY,CONTEXT_ONLY,False,0,Пожалуйста не умирай
msg-05716,19592,CONTEXT_ONLY,CONTEXT_ONLY,False,0,Апскейл
msg-05717,19591,CONTEXT_ONLY,CONTEXT_ONLY,False,0,В Аргентину он съебет
msg-05718,19590,CONTEXT_ONLY,CONTEXT_ONLY,False,0,Боевая готовность 2 минуты
msg-05719,19586,CONTEXT_ONLY,CONTEXT_ONLY,False,1,Это ж @peterfit
msg-05720,19589,CONTEXT_ONLY,CONTEXT_ONLY,False,0,Оставь его
msg-05721,19588,CONTEXT_ONLY,CONTEXT_ONLY,False,0,Сейчас начнется тряска
msg-05722,19587,CONTEXT_ONLY,CONTEXT_ONLY,False,0,Он сам застрелится
msg-05723,19585,CONTEXT_ONLY,CONTEXT_ONLY,False,0,Секундомер
msg-05728,19580,CONTEXT_ONLY,CONTEXT_ONLY,False,0,"Короче, когда еще появилось"
msg-05729,19579,CONTEXT_ONLY,CONTEXT_ONLY,False,0,А ну значит 1.3
msg-05735,19572,CONTEXT_ONLY,CONTEXT_ONLY,False,0,а я в 1.3 )
msg-05736,19573,CONTEXT_ONLY,CONTEXT_ONLY,False,0,Чел календарь придумал?
msg-05739,19569,CONTEXT_ONLY,CONTEXT_ONLY,False,0,Что такое скоринг?
msg-05740,19568,CONTEXT_ONLY,ATTACH_AS_CORROBORATING_EVIDENCE,False,0,Стоит это хорошо
msg-05741,19566,CONTEXT_ONLY,CONTEXT_ONLY,False,0,Это уже я знаю)
msg-05744,19564,CONTEXT_ONLY,CONTEXT_ONLY,False,0,Можешь так и оставить)
msg-05747,19562,CONTEXT_ONLY,CONTEXT_ONLY,False,0,Так тоже можно
msg-05748,19560,CONTEXT_ONLY,CONTEXT_ONLY,False,0,памяти не хватило
msg-05752,19554,CONTEXT_ONLY,CONTEXT_ONLY,False,0,ну подскажите
msg-05757,19549,CONTEXT_ONLY,CONTEXT_ONLY,False,0,это что за покемон?
msg-05766,19541,CONTEXT_ONLY,CONTEXT_ONLY,False,0,"Ну все, с тебя колл"
msg-05767,19540,CONTEXT_ONLY,CONTEXT_ONLY,False,0,"Понял , буду знать"
msg-05769,19537,CONTEXT_ONLY,CONTEXT_ONLY,False,0,Это что все значит?)
msg-05774,19532,CONTEXT_ONLY,CONTEXT_ONLY,False,0,У тебя ж не фандед
msg-05775,19531,CONTEXT_ONLY,CONTEXT_ONLY,False,0,"Можно, а зачем?"
msg-05785,19520,CONTEXT_ONLY,CONTEXT_ONLY,False,0,Ебать это что за монстр
msg-05791,19512,CONTEXT_ONLY,CONTEXT_ONLY,False,0,откуп пошел
msg-05800,19503,CONTEXT_ONLY,CONTEXT_ONLY,False,0,.
msg-05801,19502,CONTEXT_ONLY,CONTEXT_ONLY,False,0,.
msg-05802,19499,CONTEXT_ONLY,CONTEXT_ONLY,False,0,.
msg-05804,19498,CONTEXT_ONLY,CONTEXT_ONLY,False,0,ладно это всё потом
msg-05806,19497,CONTEXT_ONLY,CONTEXT_ONLY,False,0,У меня как-то так))
msg-05810,19490,CONTEXT_ONLY,CONTEXT_ONLY,False,0,OpenClaw и на VPS?
msg-05822,19478,CONTEXT_ONLY,CONTEXT_ONLY,False,1,/top@ChatLogixBot
msg-05829,19470,CONTEXT_ONLY,CONTEXT_ONLY,False,0,тольков factory и с подпиской
msg-05830,19471,CONTEXT_ONLY,CONTEXT_ONLY,False,0,Разведка доложила?
msg-05831,19469,CONTEXT_ONLY,CONTEXT_ONLY,False,0,Это факт)
msg-05832,19468,CONTEXT_ONLY,CONTEXT_ONLY,False,0,и тут?
msg-05833,19467,CONTEXT_ONLY,CONTEXT_ONLY,False,0,Европа разная бывает
msg-05835,19465,CONTEXT_ONLY,CONTEXT_ONLY,False,0,Пробуй
msg-05838,19463,CONTEXT_ONLY,CONTEXT_ONLY,False,1,@JustFW шаришь?
msg-05845,19454,CONTEXT_ONLY,CONTEXT_ONLY,False,0,Коробки приготовить к штурму
msg-05846,19453,CONTEXT_ONLY,CONTEXT_ONLY,False,0,В РФ
msg-05847,19452,CONTEXT_ONLY,CONTEXT_ONLY,False,0,Или ты и так не в рф?
msg-05853,19446,CONTEXT_ONLY,CONTEXT_ONLY,False,0,/dokc_sweetie_fox
msg-05854,19445,CONTEXT_ONLY,CONTEXT_ONLY,False,0,Тихий час
msg-05855,19444,CONTEXT_ONLY,CONTEXT_ONLY,False,0,Щас никем
msg-05856,19443,CONTEXT_ONLY,CONTEXT_ONLY,False,0,по середине?
msg-05859,19440,CONTEXT_ONLY,CONTEXT_ONLY,False,0,В дроиде
msg-05864,19435,CONTEXT_ONLY,CONTEXT_ONLY,False,0,Господи добейте 75
msg-05866,19433,CONTEXT_ONLY,CONTEXT_ONLY,False,0,Ебать. Я нуб.
msg-05872,19426,CONTEXT_ONLY,ATTACH_AS_CORROBORATING_EVIDENCE,False,0,У тебя опыт реальный есть?
msg-05874,19425,CONTEXT_ONLY,CONTEXT_ONLY,False,0,так это не работает
msg-05875,19424,CONTEXT_ONLY,CONTEXT_ONLY,False,0,нет
msg-05876,19423,CONTEXT_ONLY,ATTACH_AS_CORROBORATING_EVIDENCE,False,0,Я сам не в Дубае
msg-05880,19419,CONTEXT_ONLY,ATTACH_AS_CORROBORATING_EVIDENCE,False,0,Я не знаю
msg-05882,19417,CONTEXT_ONLY,CONTEXT_ONLY,False,0,базач
msg-05883,19416,CONTEXT_ONLY,CONTEXT_ONLY,False,0,?
msg-05884,19415,CONTEXT_ONLY,CONTEXT_ONLY,False,0,Сигма
msg-05889,19408,CONTEXT_ONLY,CONTEXT_ONLY,False,0,/dokc_sweetie_fox
msg-05893,19405,CONTEXT_ONLY,CONTEXT_ONLY,False,0,Сам или по коллам
msg-05894,19402,CONTEXT_ONLY,ATTACH_AS_CORROBORATING_EVIDENCE,False,0,Только релокейт в основном
msg-05896,19400,CONTEXT_ONLY,ATTACH_AS_CORROBORATING_EVIDENCE,False,0,Ну там нет удаленки
msg-05898,19399,CONTEXT_ONLY,ATTACH_AS_CORROBORATING_EVIDENCE,False,0,Привет
msg-05901,19395,CONTEXT_ONLY,CONTEXT_ONLY,False,0,нет
msg-05905,19392,CONTEXT_ONLY,CONTEXT_ONLY,False,0,/proebali
msg-05906,19391,CONTEXT_ONLY,CONTEXT_ONLY,False,0,/deneg_netu
msg-05908,19388,CONTEXT_ONLY,CONTEXT_ONLY,False,0,/Skam_goev
msg-05909,19387,CONTEXT_ONLY,CONTEXT_ONLY,False,0,/vam_pizdec
msg-05910,19386,CONTEXT_ONLY,CONTEXT_ONLY,False,0,заебал боковик
msg-05911,19385,CONTEXT_ONLY,CONTEXT_ONLY,False,0,/pizda_bitku
msg-05912,19384,CONTEXT_ONLY,CONTEXT_ONLY,False,0,/dokc_sweetie_fox
msg-05913,19383,CONTEXT_ONLY,CONTEXT_ONLY,False,1,/top@ChatLogixBot
msg-05914,19382,CONTEXT_ONLY,CONTEXT_ONLY,False,0,солянка
msg-05915,19381,CONTEXT_ONLY,CONTEXT_ONLY,False,0,@Дэвид нужна ядерка
msg-05916,19380,CONTEXT_ONLY,CONTEXT_ONLY,False,0,соланка дала выхлоп
msg-05919,19377,CONTEXT_ONLY,CONTEXT_ONLY,False,0,Хахахаахахах
msg-05920,19376,CONTEXT_ONLY,CONTEXT_ONLY,False,0,/buy_222btc
msg-05922,19374,CONTEXT_ONLY,CONTEXT_ONLY,False,0,/ebat_short
msg-05924,19372,CONTEXT_ONLY,CONTEXT_ONLY,False,0,Дезинформация в чате !!!
msg-05925,19371,CONTEXT_ONLY,CONTEXT_ONLY,False,0,/dump_BTC
msg-05926,19370,CONTEXT_ONLY,CONTEXT_ONLY,False,0,/dokc_sweetie_fox
msg-05928,19368,CONTEXT_ONLY,CONTEXT_ONLY,False,0,/dokc_sweetie_fox
msg-05929,19367,CONTEXT_ONLY,CONTEXT_ONLY,False,0,/dokc_sweetie_fox
msg-05930,19366,CONTEXT_ONLY,CONTEXT_ONLY,False,0,Сука
msg-05931,19365,CONTEXT_ONLY,CONTEXT_ONLY,False,0,/gosu_gei
msg-05932,19364,CONTEXT_ONLY,CONTEXT_ONLY,False,0,/gosu_gei
msg-05933,19363,CONTEXT_ONLY,CONTEXT_ONLY,False,0,/dump_BTC
msg-05934,19362,CONTEXT_ONLY,CONTEXT_ONLY,False,0,/gosu_gei
msg-05935,19361,CONTEXT_ONLY,CONTEXT_ONLY,False,0,/dokc_sweetie_fox
msg-05936,19360,CONTEXT_ONLY,CONTEXT_ONLY,False,0,/dokc_sweetie_fox
msg-05937,19359,CONTEXT_ONLY,CONTEXT_ONLY,False,0,/dokc_sweetie_fox
msg-05938,19358,CONTEXT_ONLY,CONTEXT_ONLY,False,0,/dokc_sweetie_fox
msg-05939,19357,CONTEXT_ONLY,CONTEXT_ONLY,False,0,/gosu
msg-05940,19356,CONTEXT_ONLY,CONTEXT_ONLY,False,0,/gosu
msg-05941,19355,CONTEXT_ONLY,CONTEXT_ONLY,False,0,/dokc_sweetie_fox
msg-05942,19354,CONTEXT_ONLY,CONTEXT_ONLY,False,0,/dokc_sweetie_fox
msg-05943,19353,CONTEXT_ONLY,CONTEXT_ONLY,False,0,/dokc_sweetie_fox
msg-05944,19352,CONTEXT_ONLY,CONTEXT_ONLY,False,0,/dokc_sweetie_fox
msg-05945,19351,CONTEXT_ONLY,CONTEXT_ONLY,False,0,/dokc_sweetie_fox
msg-05946,19350,CONTEXT_ONLY,CONTEXT_ONLY,False,0,/dokc_sweetie_fox
msg-05947,19349,CONTEXT_ONLY,CONTEXT_ONLY,False,0,Кто тут пидор
msg-05949,19347,CONTEXT_ONLY,CONTEXT_ONLY,False,0,Докс сейлор
msg-05950,19346,CONTEXT_ONLY,CONTEXT_ONLY,False,0,Перекличка не окончена?
msg-05951,19345,CONTEXT_ONLY,CONTEXT_ONLY,False,0,Трампа спросить надо
msg-05952,19344,CONTEXT_ONLY,CONTEXT_ONLY,False,0,/dokc_sweetie_fox
msg-05953,19343,CONTEXT_ONLY,CONTEXT_ONLY,False,0,на америке
msg-05954,19342,CONTEXT_ONLY,CONTEXT_ONLY,False,0,/dokc_sweetie_fox
msg-05956,19340,CONTEXT_ONLY,CONTEXT_ONLY,False,0,/puzo
msg-05957,19339,CONTEXT_ONLY,CONTEXT_ONLY,False,0,Не зря закрылся
msg-05958,19338,CONTEXT_ONLY,CONTEXT_ONLY,False,0,/bitcoin
msg-05959,19337,CONTEXT_ONLY,CONTEXT_ONLY,False,0,*путин выглядывает*
msg-05960,19335,CONTEXT_ONLY,CONTEXT_ONLY,False,0,Теперь понятно
msg-05962,19333,CONTEXT_ONLY,CONTEXT_ONLY,False,0,/puzo
msg-05964,19330,CONTEXT_ONLY,CONTEXT_ONLY,False,0,На дно
msg-05966,19329,CONTEXT_ONLY,CONTEXT_ONLY,False,0,парни
msg-05967,19328,CONTEXT_ONLY,CONTEXT_ONLY,False,0,/puzotryas
msg-05968,19327,CONTEXT_ONLY,CONTEXT_ONLY,False,0,/puzo
msg-05969,19326,CONTEXT_ONLY,CONTEXT_ONLY,False,0,Ща полетим
msg-05970,19325,CONTEXT_ONLY,CONTEXT_ONLY,False,0,/puzo
msg-05971,19324,CONTEXT_ONLY,CONTEXT_ONLY,False,0,/bot_bad_news_off
msg-05972,19322,CONTEXT_ONLY,CONTEXT_ONLY,False,0,ХД
msg-05974,19321,CONTEXT_ONLY,CONTEXT_ONLY,False,0,Сук
msg-05975,19320,CONTEXT_ONLY,CONTEXT_ONLY,False,0,Unwork
msg-05976,19318,CONTEXT_ONLY,CONTEXT_ONLY,False,0,/bot_bad_news_off
msg-05979,19315,CONTEXT_ONLY,CONTEXT_ONLY,False,0,Хорошие точки входа
msg-05980,19314,CONTEXT_ONLY,CONTEXT_ONLY,False,0,Да
msg-05981,19313,CONTEXT_ONLY,CONTEXT_ONLY,False,0,Сука
msg-05982,19312,CONTEXT_ONLY,CONTEXT_ONLY,False,0,Собрал все камни безубыточности?
msg-05983,19311,CONTEXT_ONLY,CONTEXT_ONLY,False,0,Куда падаем
msg-05985,19309,CONTEXT_ONLY,CONTEXT_ONLY,False,0,Zвходим
msg-05988,19301,CONTEXT_ONLY,CONTEXT_ONLY,False,0,Да это пмздец
msg-05990,19299,CONTEXT_ONLY,CONTEXT_ONLY,False,0,Газуем на 58
msg-05991,19298,CONTEXT_ONLY,CONTEXT_ONLY,False,0,Ебут
msg-05992,19296,CONTEXT_ONLY,CONTEXT_ONLY,False,0,А че мы теряем
msg-05998,19289,CONTEXT_ONLY,CONTEXT_ONLY,False,0,Там на спот брать
msg-05999,19288,CONTEXT_ONLY,CONTEXT_ONLY,False,0,12 по солане надо
msg-06000,19287,CONTEXT_ONLY,CONTEXT_ONLY,False,0,Не надо
msg-06006,19282,CONTEXT_ONLY,CONTEXT_ONLY,False,0,­
msg-06008,19280,CONTEXT_ONLY,CONTEXT_ONLY,False,0,ГОООЛ
msg-06014,19273,CONTEXT_ONLY,CONTEXT_ONLY,False,0,а с тебя не списало чтоль
msg-06015,19272,CONTEXT_ONLY,CONTEXT_ONLY,False,0,Ебем
msg-06017,19270,CONTEXT_ONLY,CONTEXT_ONLY,False,0,1 день воздержания. Итоги:
msg-06020,19265,CONTEXT_ONLY,CONTEXT_ONLY,False,0,Хорошая
msg-06021,19264,CONTEXT_ONLY,CONTEXT_ONLY,False,0,Спасибо
msg-06022,19263,CONTEXT_ONLY,CONTEXT_ONLY,False,0,"Резонно, отодвину"
msg-06023,19262,CONTEXT_ONLY,CONTEXT_ONLY,False,0,1к5?
msg-06028,19251,CONTEXT_ONLY,CONTEXT_ONLY,False,0,незачто
msg-06029,19250,CONTEXT_ONLY,CONTEXT_ONLY,False,0,Открываю вправо
msg-06031,19248,CONTEXT_ONLY,CONTEXT_ONLY,False,0,Спасибо
msg-06033,19246,CONTEXT_ONLY,CONTEXT_ONLY,False,0,щас вправо идем
msg-06034,19245,CONTEXT_ONLY,CONTEXT_ONLY,False,0,Щас шорт или Лонг?
msg-06035,19244,CONTEXT_ONLY,CONTEXT_ONLY,False,0,"Смотрю, вы разбираетесь"
msg-06036,19243,CONTEXT_ONLY,CONTEXT_ONLY,False,0,Нихуя себе
msg-06037,19242,CONTEXT_ONLY,CONTEXT_ONLY,False,0,Бинарные опционы
msg-06038,19241,CONTEXT_ONLY,CONTEXT_ONLY,False,0,Пушто это казино
msg-06039,19240,CONTEXT_ONLY,CONTEXT_ONLY,False,0,хули интерфейс как в казино
msg-06040,19238,CONTEXT_ONLY,CONTEXT_ONLY,False,0,"Лень открывать, чо это?"
msg-06041,19239,CONTEXT_ONLY,CONTEXT_ONLY,False,0,Ебать и ебать маленькую
msg-06042,19237,CONTEXT_ONLY,CONTEXT_ONLY,False,0,Ебать милфа трейдерша
msg-06044,19235,CONTEXT_ONLY,CONTEXT_ONLY,False,0,???
msg-06045,19234,CONTEXT_ONLY,CONTEXT_ONLY,False,0,Тп настроенно так было
msg-06048,19230,CONTEXT_ONLY,CONTEXT_ONLY,False,0,ссыкло
msg-06049,19229,CONTEXT_ONLY,CONTEXT_ONLY,False,0,Именно
msg-06052,19226,CONTEXT_ONLY,CONTEXT_ONLY,False,0,Я закрылся на 74
msg-06053,19225,CONTEXT_ONLY,CONTEXT_ONLY,False,0,Охуенную твх уже проебал
msg-06055,19223,CONTEXT_ONLY,CONTEXT_ONLY,False,0,Хуйней не страдай
msg-06057,19221,CONTEXT_ONLY,CONTEXT_ONLY,False,0,Обуч бери
msg-06059,19219,CONTEXT_ONLY,CONTEXT_ONLY,False,0,тебе в тыловики братан надо
msg-06062,19216,CONTEXT_ONLY,CONTEXT_ONLY,False,0,Надо зайти красиво
msg-06063,19215,CONTEXT_ONLY,CONTEXT_ONLY,False,0,"Сука, накаркаешь сейчас"
msg-06066,19211,CONTEXT_ONLY,CONTEXT_ONLY,False,0,Все я в плену
msg-06068,19205,CONTEXT_ONLY,CONTEXT_ONLY,False,0,провал в памяти
msg-06071,19208,CONTEXT_ONLY,CONTEXT_ONLY,False,0,Нужно подкрепление
msg-06073,19206,CONTEXT_ONLY,CONTEXT_ONLY,False,0,Несем потери
msg-06079,19198,CONTEXT_ONLY,CONTEXT_ONLY,False,0,В очередь
msg-06083,19194,CONTEXT_ONLY,CONTEXT_ONLY,False,0,Zа Lонганск
msg-06084,19193,CONTEXT_ONLY,CONTEXT_ONLY,False,0,0!!!
msg-06086,19191,CONTEXT_ONLY,CONTEXT_ONLY,False,0,ЗАХАХАХАХАХАХАХАА
msg-06087,19190,CONTEXT_ONLY,CONTEXT_ONLY,False,0,Za Lонги
msg-06092,19186,CONTEXT_ONLY,CONTEXT_ONLY,False,0,Чето слабо ебем
msg-06093,19184,CONTEXT_ONLY,CONTEXT_ONLY,False,0,Ну мы
msg-06094,19183,CONTEXT_ONLY,CONTEXT_ONLY,False,0,На хаях вам
msg-06095,19182,CONTEXT_ONLY,CONTEXT_ONLY,False,0,Так ну я кинул подмогу
msg-06099,19177,CONTEXT_ONLY,CONTEXT_ONLY,False,0,Кто биток лонгует?
msg-06103,19173,CONTEXT_ONLY,CONTEXT_ONLY,False,0,За час
msg-06104,19172,SIGNAL_ONLY,CONTEXT_ONLY,False,0,$51800
msg-06105,19169,CONTEXT_ONLY,CONTEXT_ONLY,False,0,пока слабовато
msg-06106,19168,CONTEXT_ONLY,CONTEXT_ONLY,False,0,Слабо ебем спрашиваю???
msg-06108,19166,CONTEXT_ONLY,CONTEXT_ONLY,False,0,шортовый спецназ??
msg-06112,19162,CONTEXT_ONLY,CONTEXT_ONLY,False,0,работаем.
msg-06113,19160,CONTEXT_ONLY,CONTEXT_ONLY,False,0,Надо надо
msg-06115,19158,CONTEXT_ONLY,CONTEXT_ONLY,False,0,Пнл смотри реализованный
msg-06116,19157,CONTEXT_ONLY,CONTEXT_ONLY,False,0,Идем на 76?
msg-06119,19154,CONTEXT_ONLY,CONTEXT_ONLY,False,0,Закрываться?
msg-06120,19153,CONTEXT_ONLY,CONTEXT_ONLY,False,0,Слабо ебем???
msg-06124,19148,CONTEXT_ONLY,CONTEXT_ONLY,False,0,ДАЛЬШЕ ЧЕ КОМАНДИР
msg-06125,19147,CONTEXT_ONLY,CONTEXT_ONLY,False,0,А я говорил…
msg-06126,19146,CONTEXT_ONLY,CONTEXT_ONLY,False,0,соль
msg-06127,19145,CONTEXT_ONLY,CONTEXT_ONLY,False,0,75 го
msg-06128,19144,CONTEXT_ONLY,CONTEXT_ONLY,False,0,командуй когда закрывать
msg-06129,19143,CONTEXT_ONLY,CONTEXT_ONLY,False,0,Что штурмуем эфир или соль?
msg-06131,19141,CONTEXT_ONLY,CONTEXT_ONLY,False,0,о все заебись
msg-06132,19140,CONTEXT_ONLY,CONTEXT_ONLY,False,0,Командир главнокомандующий
msg-06133,19139,CONTEXT_ONLY,CONTEXT_ONLY,False,0,ДА СУКА! 74!!!
msg-06134,19138,CONTEXT_ONLY,CONTEXT_ONLY,False,0,Съебалась
msg-06135,19137,CONTEXT_ONLY,CONTEXT_ONLY,False,0,на чебуманы с молоком
msg-06137,19136,CONTEXT_ONLY,CONTEXT_ONLY,False,0,:)
msg-06138,19135,CONTEXT_ONLY,CONTEXT_ONLY,False,0,Там первая цель 76
msg-06140,19132,CONTEXT_ONLY,CONTEXT_ONLY,False,0,это чисто на котлетки
msg-06141,19131,CONTEXT_ONLY,CONTEXT_ONLY,False,0,Сука я ебал
msg-06142,19130,CONTEXT_ONLY,CONTEXT_ONLY,False,0,И не только!!!
msg-06143,19129,CONTEXT_ONLY,CONTEXT_ONLY,False,0,Ну это лайфчейндж
msg-06144,19128,CONTEXT_ONLY,CONTEXT_ONLY,False,0,74 идём уверенно?
msg-06148,19123,CONTEXT_ONLY,CONTEXT_ONLY,False,0,Поугарайте пацаны
msg-06149,19122,CONTEXT_ONLY,CONTEXT_ONLY,False,0,"Сотка, не меньше"
msg-06150,19121,CONTEXT_ONLY,CONTEXT_ONLY,False,0,че мелочиться
msg-06153,19119,CONTEXT_ONLY,CONTEXT_ONLY,False,0,"Шортисты, что с ебалом ?"
msg-06154,19115,CONTEXT_ONLY,CONTEXT_ONLY,False,0,Мерси
msg-06157,19114,CONTEXT_ONLY,CONTEXT_ONLY,False,0,Авиация работает
msg-06159,19112,CONTEXT_ONLY,CONTEXT_ONLY,False,0,Неужто забыли обедать?
msg-06161,19110,CONTEXT_ONLY,CONTEXT_ONLY,False,0,У меня также примерно
msg-06162,19109,CONTEXT_ONLY,CONTEXT_ONLY,False,0,похуй
msg-06163,19108,CONTEXT_ONLY,CONTEXT_ONLY,False,0,ядерку и до 75
msg-06164,19107,CONTEXT_ONLY,CONTEXT_ONLY,False,0,Кидайте ядерку уже
msg-06165,19106,CONTEXT_ONLY,CONTEXT_ONLY,False,0,дави говно!
msg-06166,19105,CONTEXT_ONLY,CONTEXT_ONLY,False,0,давим давим шортистов
msg-06168,19104,CONTEXT_ONLY,CONTEXT_ONLY,False,0,Пошла жаровня сука!!!
msg-06185,19086,CONTEXT_ONLY,CONTEXT_ONLY,False,0,Не смотри.
msg-06189,19082,CONTEXT_ONLY,CONTEXT_ONLY,False,0,Пипс
msg-06191,19080,CONTEXT_ONLY,CONTEXT_ONLY,False,0,Это где так рисует
msg-06193,19077,CONTEXT_ONLY,ATTACH_AS_CORROBORATING_EVIDENCE,False,0,сделал авторегер и абьюзь
msg-06196,19078,CONTEXT_ONLY,CONTEXT_ONLY,False,0,рисует пидараска
msg-06197,19074,CONTEXT_ONLY,CONTEXT_ONLY,False,0,Вкусно рисует
msg-06200,19070,CONTEXT_ONLY,CONTEXT_ONLY,False,0,Че за логика
msg-06201,19069,CONTEXT_ONLY,CONTEXT_ONLY,False,0,А зачем тогда ставить
msg-06202,19068,CONTEXT_ONLY,CONTEXT_ONLY,False,0,У меня уже 1 проп выбило другой в -0.5%
msg-06203,19067,CONTEXT_ONLY,CONTEXT_ONLY,False,0,Я ебу 😆
msg-06204,19065,CONTEXT_ONLY,CONTEXT_ONLY,False,0,Думаешь туда сходим?
msg-06206,19064,CONTEXT_ONLY,CONTEXT_ONLY,False,0,У меня лимитка 58500
msg-06222,19040,CONTEXT_ONLY,CONTEXT_ONLY,False,0,Офицер
msg-06224,19038,CONTEXT_ONLY,ATTACH_AS_CORROBORATING_EVIDENCE,False,0,?
msg-06225,19037,CONTEXT_ONLY,ATTACH_AS_CORROBORATING_EVIDENCE,False,0,орих
msg-06226,19036,CONTEXT_ONLY,ATTACH_AS_CORROBORATING_EVIDENCE,False,0,грех жаловатся 😌
msg-06228,19034,CONTEXT_ONLY,CONTEXT_ONLY,False,0,Прапор Гойской Дивизии?
msg-06235,19024,CONTEXT_ONLY,ATTACH_AS_CORROBORATING_EVIDENCE,False,0,За бесплатно пойдёт
msg-06237,19023,CONTEXT_ONLY,CONTEXT_ONLY,False,0,Вот пример
msg-06238,19022,CONTEXT_ONLY,CONTEXT_ONLY,False,0,ХАХАХАХАХАХАХХАХП
msg-06250,19009,CONTEXT_ONLY,CONTEXT_ONLY,False,0,У меня щас мани менмент
msg-06251,19008,CONTEXT_ONLY,CONTEXT_ONLY,False,0,База братан
msg-06252,19007,CONTEXT_ONLY,CONTEXT_ONLY,False,0,Нахуй риски
msg-06254,19005,CONTEXT_ONLY,CONTEXT_ONLY,False,0,нахуй она нужна
msg-06257,19002,CONTEXT_ONLY,CONTEXT_ONLY,False,0,Забирать нечего! Хуй там
msg-06259,19000,CONTEXT_ONLY,CONTEXT_ONLY,False,0,Уверен
msg-06262,18997,CONTEXT_ONLY,CONTEXT_ONLY,False,0,Альхамдулиля
msg-06268,18991,CONTEXT_ONLY,CONTEXT_ONLY,False,0,Баал кто такой
msg-06269,18990,CONTEXT_ONLY,CONTEXT_ONLY,False,0,Чек его био
msg-06270,18989,CONTEXT_ONLY,CONTEXT_ONLY,False,1,@Jdkifhyest8sheonsidh3c
msg-06276,18980,CONTEXT_ONLY,CONTEXT_ONLY,False,0,Спасибо!
msg-06277,18981,CONTEXT_ONLY,ATTACH_AS_CORROBORATING_EVIDENCE,False,0,скорее в прошках
msg-06280,18977,CONTEXT_ONLY,CONTEXT_ONLY,False,0,Ни шагу назад!
msg-06281,18975,CONTEXT_ONLY,CONTEXT_ONLY,False,0,!!!
msg-06282,18974,CONTEXT_ONLY,CONTEXT_ONLY,False,0,Отступаем или держим позиции?
msg-06286,18970,CONTEXT_ONLY,CONTEXT_ONLY,False,0,Типа дисциплина и тд
msg-06290,18966,CONTEXT_ONLY,CONTEXT_ONLY,False,0,Иначе будет херово
msg-06294,18962,CONTEXT_ONLY,CONTEXT_ONLY,False,0,а уменя
msg-06295,18960,CONTEXT_ONLY,CONTEXT_ONLY,False,0,Слабо ебем ?)
msg-06297,18958,CONTEXT_ONLY,CONTEXT_ONLY,False,0,Вы че
msg-06300,18955,CONTEXT_ONLY,CONTEXT_ONLY,False,0,а ну и обратно ядерка
msg-06301,18954,CONTEXT_ONLY,CONTEXT_ONLY,False,0,Небольшое
msg-06305,18950,CONTEXT_ONLY,CONTEXT_ONLY,False,0,А я хз
msg-06306,18949,CONTEXT_ONLY,CONTEXT_ONLY,False,0,Она спрашивает что принотовить
msg-06307,18948,CONTEXT_ONLY,CONTEXT_ONLY,False,0,Так она и готовит
msg-06308,18947,CONTEXT_ONLY,CONTEXT_ONLY,False,0,осечка вышла
msg-06312,18943,CONTEXT_ONLY,CONTEXT_ONLY,False,0,Да🤓
msg-06317,18939,CONTEXT_ONLY,CONTEXT_ONLY,False,0,чо там с соланой
msg-06318,18937,CONTEXT_ONLY,CONTEXT_ONLY,False,0,Жаль только тактическая
msg-06319,18935,CONTEXT_ONLY,CONTEXT_ONLY,False,0,внатуре ракетка летит
msg-06321,18934,CONTEXT_ONLY,CONTEXT_ONLY,False,0,я попытался
msg-06326,18929,CONTEXT_ONLY,CONTEXT_ONLY,False,0,400к и голосую
msg-06327,18928,CONTEXT_ONLY,CONTEXT_ONLY,False,0,нужна ликвидация
msg-06329,18926,CONTEXT_ONLY,CONTEXT_ONLY,False,0,"Погодите, это реально?"
msg-06330,18925,CONTEXT_ONLY,CONTEXT_ONLY,False,0,Шорт или лонг?
msg-06332,18923,CONTEXT_ONLY,CONTEXT_ONLY,False,0,Да
msg-06333,18922,CONTEXT_ONLY,CONTEXT_ONLY,False,0,Где боеприпасы
msg-06334,18921,CONTEXT_ONLY,CONTEXT_ONLY,False,0,НУЖНА ПОМОЩЬ!
msg-06335,18920,CONTEXT_ONLY,CONTEXT_ONLY,False,0,РОДНИЧКИ МОИ!
msg-06336,18919,CONTEXT_ONLY,CONTEXT_ONLY,False,0,БРАТЬЯ!
msg-06359,18895,CONTEXT_ONLY,CONTEXT_ONLY,False,0,Хаха
msg-06363,18892,CONTEXT_ONLY,CONTEXT_ONLY,False,0,Или уже была
msg-06368,18888,CONTEXT_ONLY,CONTEXT_ONLY,False,0,Жирная
msg-06369,18886,CONTEXT_ONLY,CONTEXT_ONLY,False,0,Там ща точка входа будет
msg-06375,18880,CONTEXT_ONLY,CONTEXT_ONLY,False,0,Или Маму попроси хз
msg-06377,18878,CONTEXT_ONLY,CONTEXT_ONLY,False,0,Я за Дэвида воюю
msg-06379,18874,CONTEXT_ONLY,CONTEXT_ONLY,False,0,Но я худею
msg-06381,18872,CONTEXT_ONLY,CONTEXT_ONLY,False,0,Я тоже по сути
msg-06382,18873,CONTEXT_ONLY,CONTEXT_ONLY,False,0,Я уже думаю что проклят
msg-06383,18871,CONTEXT_ONLY,CONTEXT_ONLY,False,0,Не туда воюешь
msg-06385,18870,CONTEXT_ONLY,CONTEXT_ONLY,False,0,Такая же хуйня
msg-06387,18867,CONTEXT_ONLY,CONTEXT_ONLY,False,0,Че за хуйня
msg-06394,18860,CONTEXT_ONLY,ATTACH_AS_CORROBORATING_EVIDENCE,False,0,Имба рефка
msg-06395,18859,CONTEXT_ONLY,CONTEXT_ONLY,False,0,"Девииид, форт теряем"
msg-06399,18855,CONTEXT_ONLY,CONTEXT_ONLY,False,0,Лан
msg-06400,18854,CONTEXT_ONLY,CONTEXT_ONLY,False,0,"Чел, раскуривай сам"
msg-06401,18852,CONTEXT_ONLY,CONTEXT_ONLY,False,0,Это меня снова удивляют вакансии..)
msg-06404,18850,CONTEXT_ONLY,CONTEXT_ONLY,False,0,Надо.
msg-06405,18849,CONTEXT_ONLY,CONTEXT_ONLY,False,0,Контр наступ делаем ?
msg-06406,18848,CONTEXT_ONLY,CONTEXT_ONLY,False,0,Россия топ
msg-06407,18847,CONTEXT_ONLY,CONTEXT_ONLY,False,0,Пендсов пора истрибить
msg-06411,18844,CONTEXT_ONLY,CONTEXT_ONLY,False,0,пойду тогда использовать
msg-06413,18840,CONTEXT_ONLY,CONTEXT_ONLY,False,0,cdn кури так сказать
msg-06414,18843,CONTEXT_ONLY,CONTEXT_ONLY,False,0,Киев
msg-06416,18842,CONTEXT_ONLY,CONTEXT_ONLY,False,0,Шортисты наступают
msg-06418,18837,CONTEXT_ONLY,CONTEXT_ONLY,False,0,мне чел посоветовал
msg-06419,18836,CONTEXT_ONLY,CONTEXT_ONLY,False,0,он ливнул с позором
msg-06420,18833,CONTEXT_ONLY,CONTEXT_ONLY,False,0,"не чекал, честно"
msg-06425,18828,CONTEXT_ONLY,CONTEXT_ONLY,False,0,а sercetstoai
msg-06429,18825,CONTEXT_ONLY,CONTEXT_ONLY,False,0,"72.6, фиксирую"
msg-06430,18824,CONTEXT_ONLY,CONTEXT_ONLY,False,0,Уже скоро
msg-06432,18822,CONTEXT_ONLY,CONTEXT_ONLY,False,0,85.198.102
msg-06433,18821,CONTEXT_ONLY,CONTEXT_ONLY,False,0,о а там можно редактировать изображения?
msg-06436,18818,CONTEXT_ONLY,CONTEXT_ONLY,False,0,подсети поменяли уже
msg-06437,18817,CONTEXT_ONLY,CONTEXT_ONLY,False,0,ну когда это было
msg-06438,18816,CONTEXT_ONLY,CONTEXT_ONLY,False,0,всю подсеть пробьем
msg-06439,18815,CONTEXT_ONLY,CONTEXT_ONLY,False,0,подсеть пришли
msg-06441,18812,CONTEXT_ONLY,CONTEXT_ONLY,False,0,ну я ловил блять
msg-06457,18796,NEEDS_ENRICHMENT,CONTEXT_ONLY,False,1,https://vt.tiktok.com/ZSCUGb24W/
msg-06458,18797,CONTEXT_ONLY,CONTEXT_ONLY,False,0,перед толкмачкой
msg-06462,18792,CONTEXT_ONLY,CONTEXT_ONLY,False,0,Ха-ха
msg-06465,18791,CONTEXT_ONLY,CONTEXT_ONLY,False,0,Чуть ниже ликвы
msg-06471,18782,CONTEXT_ONLY,CONTEXT_ONLY,False,0,Машина😎
msg-06474,18779,CONTEXT_ONLY,CONTEXT_ONLY,False,0,Лузрейт 90%
msg-06475,18778,CONTEXT_ONLY,CONTEXT_ONLY,False,0,11 стопов подряд
msg-06480,18773,CONTEXT_ONLY,CONTEXT_ONLY,False,0,Мой друг с Израиля
msg-06482,18769,CONTEXT_ONLY,CONTEXT_ONLY,False,0,через вк звонки
msg-06488,18763,CONTEXT_ONLY,CONTEXT_ONLY,False,0,или хз в чём смысл
msg-06494,18756,CONTEXT_ONLY,CONTEXT_ONLY,False,0,+
msg-06504,18746,CONTEXT_ONLY,CONTEXT_ONLY,False,0,Плачевное
msg-06505,18745,CONTEXT_ONLY,CONTEXT_ONLY,False,0,Долговое
msg-06522,18725,CONTEXT_ONLY,CONTEXT_ONLY,False,0,это чё такое
msg-06524,18723,CONTEXT_ONLY,CONTEXT_ONLY,False,0,в целом полезно
msg-06525,18722,CONTEXT_ONLY,CONTEXT_ONLY,False,0,если кому надо
msg-06527,18720,CONTEXT_ONLY,CONTEXT_ONLY,False,0,Это всё?
msg-06528,18719,CONTEXT_ONLY,CONTEXT_ONLY,False,0,город акко
msg-06529,18718,CONTEXT_ONLY,CONTEXT_ONLY,False,0,звать эдвард
msg-06531,18716,CONTEXT_ONLY,CONTEXT_ONLY,False,0,дс - lil_lizun
msg-06534,18713,CONTEXT_ONLY,CONTEXT_ONLY,False,0,нет
msg-06538,18708,CONTEXT_ONLY,CONTEXT_ONLY,False,0,"Всё, гг, проебали"
msg-06543,18702,CONTEXT_ONLY,ATTACH_AS_CORROBORATING_EVIDENCE,False,0,спорно...
msg-06546,18699,CONTEXT_ONLY,ATTACH_AS_CORROBORATING_EVIDENCE,False,0,это другой чат
msg-06547,18698,CONTEXT_ONLY,ATTACH_AS_CORROBORATING_EVIDENCE,False,0,всё упало?
msg-06552,18693,CONTEXT_ONLY,ATTACH_AS_CORROBORATING_EVIDENCE,False,0,что делать?))
msg-06553,18692,CONTEXT_ONLY,ATTACH_AS_CORROBORATING_EVIDENCE,False,0,короч
msg-06554,18691,CONTEXT_ONLY,ATTACH_AS_CORROBORATING_EVIDENCE,False,0,я запутался
msg-06556,18689,CONTEXT_ONLY,CONTEXT_ONLY,False,0,ну это база)
msg-06558,18687,CONTEXT_ONLY,CONTEXT_ONLY,False,0,Этожпремьер
msg-06559,18684,CONTEXT_ONLY,ATTACH_AS_CORROBORATING_EVIDENCE,False,0,обрати внимание что тут 5.4
msg-06563,18682,CONTEXT_ONLY,CONTEXT_ONLY,False,0,ставочки поди
msg-06565,18680,CONTEXT_ONLY,CONTEXT_ONLY,False,0,давай чинить))
msg-06567,18678,CONTEXT_ONLY,CONTEXT_ONLY,False,0,Сегодня так же?
msg-06569,18676,CONTEXT_ONLY,CONTEXT_ONLY,False,0,Имхо никак
msg-06574,18669,CONTEXT_ONLY,CONTEXT_ONLY,False,0,Пиксельдрочь
msg-06577,18665,CONTEXT_ONLY,CONTEXT_ONLY,False,0,Газ
msg-06579,18660,CONTEXT_ONLY,CONTEXT_ONLY,False,0,"Боже, орнул с челикк"
msg-06580,18663,CONTEXT_ONLY,CONTEXT_ONLY,False,0,Брат ты шорти
msg-06581,18662,CONTEXT_ONLY,CONTEXT_ONLY,False,0,Осеменить.
msg-06582,18661,CONTEXT_ONLY,CONTEXT_ONLY,False,0,Хахахахахахха
msg-06586,18656,CONTEXT_ONLY,CONTEXT_ONLY,False,0,Шорт или Лонг?
msg-06587,18655,CONTEXT_ONLY,CONTEXT_ONLY,False,0,"Пишут, что ускорилось"
msg-06588,18654,CONTEXT_ONLY,CONTEXT_ONLY,False,0,"Дарья, 24, Москва"
msg-06591,18651,CONTEXT_ONLY,CONTEXT_ONLY,False,0,что то все тормозит - проблемы ?
msg-06592,18649,CONTEXT_ONLY,CONTEXT_ONLY,False,0,Да там hvh
msg-06599,18642,CONTEXT_ONLY,CONTEXT_ONLY,False,0,Я думал еще с первого раза
msg-06600,18641,CONTEXT_ONLY,CONTEXT_ONLY,False,0,Довольно таки да
msg-06604,18637,CONTEXT_ONLY,CONTEXT_ONLY,False,0,Поздняк жив или сдох
msg-06605,18636,CONTEXT_ONLY,CONTEXT_ONLY,False,0,Газ газ
msg-06606,18635,CONTEXT_ONLY,CONTEXT_ONLY,False,0,мб лучший
msg-06608,18633,CONTEXT_ONLY,CONTEXT_ONLY,False,0,Ты ж спал
msg-06615,18625,CONTEXT_ONLY,CONTEXT_ONLY,False,0,сука дебил
msg-06616,18624,CONTEXT_ONLY,CONTEXT_ONLY,False,0,Я Гелендвагеном называл.
msg-06617,18623,CONTEXT_ONLY,CONTEXT_ONLY,False,0,Да
msg-06618,18621,CONTEXT_ONLY,CONTEXT_ONLY,False,0,По солане новая ?
msg-06620,18622,CONTEXT_ONLY,CONTEXT_ONLY,False,0,Декабрь был хорош?
msg-06621,18619,CONTEXT_ONLY,CONTEXT_ONLY,False,0,безнадёжное
msg-06623,18617,CONTEXT_ONLY,CONTEXT_ONLY,False,0,ебаное эфировское направление
msg-06626,18614,CONTEXT_ONLY,CONTEXT_ONLY,False,0,"Солановское направление, контрнаступ?"
msg-06632,18608,CONTEXT_ONLY,CONTEXT_ONLY,False,0,По эфиру будет сделано🫡
msg-06634,18606,CONTEXT_ONLY,CONTEXT_ONLY,False,0,"В плюс выбило, я перезашел"
msg-06635,18605,CONTEXT_ONLY,CONTEXT_ONLY,False,0,Тебя не выбило в бу?
msg-06636,18603,CONTEXT_ONLY,CONTEXT_ONLY,False,0,Так и знал что лекс лютий
msg-06638,18601,CONTEXT_ONLY,CONTEXT_ONLY,False,0,Вот это проблема конечно
msg-06640,18599,CONTEXT_ONLY,CONTEXT_ONLY,False,0,отьебис
msg-06646,18593,CONTEXT_ONLY,CONTEXT_ONLY,False,0,"Аа, вот так даже"
msg-06647,18592,CONTEXT_ONLY,CONTEXT_ONLY,False,0,"Спасибо, тебе тоже"
msg-06665,18574,CONTEXT_ONLY,CONTEXT_ONLY,False,0,Свини
msg-06669,18570,CONTEXT_ONLY,CONTEXT_ONLY,False,0,Ну да
msg-06675,18564,CONTEXT_ONLY,CONTEXT_ONLY,False,0,Нет)))
msg-06676,18563,CONTEXT_ONLY,CONTEXT_ONLY,False,0,Поздравляю)
msg-06681,18558,CONTEXT_ONLY,CONTEXT_ONLY,False,0,а так получается голодаю
msg-06686,18553,CONTEXT_ONLY,CONTEXT_ONLY,False,0,"я натурал, не гей"
msg-06688,18551,CONTEXT_ONLY,CONTEXT_ONLY,False,0,я гетер
msg-06691,18548,CONTEXT_ONLY,CONTEXT_ONLY,False,0,натуральный гей
msg-06692,18547,CONTEXT_ONLY,CONTEXT_ONLY,False,0,Насильно заставляй себя
msg-06693,18546,CONTEXT_ONLY,CONTEXT_ONLY,False,0,Вооьще это хорошо
msg-06694,18545,CONTEXT_ONLY,CONTEXT_ONLY,False,0,я натурал
msg-06695,18544,CONTEXT_ONLY,CONTEXT_ONLY,False,0,и только тут так
msg-06698,18541,CONTEXT_ONLY,CONTEXT_ONLY,False,0,Да
msg-06701,18538,CONTEXT_ONLY,CONTEXT_ONLY,False,0,нет
msg-06704,18535,CONTEXT_ONLY,CONTEXT_ONLY,False,0,🤣🤣
msg-06705,18534,CONTEXT_ONLY,CONTEXT_ONLY,False,0,вроде и не хочу
msg-06707,18532,CONTEXT_ONLY,CONTEXT_ONLY,False,0,хз
msg-06708,18531,CONTEXT_ONLY,CONTEXT_ONLY,False,0,"Потому что с гор, я уже догадался"
msg-06714,18525,CONTEXT_ONLY,CONTEXT_ONLY,False,0,Пригодка это пригодная женщина
msg-06716,18523,CONTEXT_ONLY,CONTEXT_ONLY,False,0,Интернет всё помнит
msg-06718,18521,CONTEXT_ONLY,CONTEXT_ONLY,False,0,"Кстати, не r-))"
msg-06719,18520,CONTEXT_ONLY,CONTEXT_ONLY,False,0,Я с гор
msg-06721,18518,CONTEXT_ONLY,CONTEXT_ONLY,False,0,В терминологии не шаришь
msg-06722,18517,CONTEXT_ONLY,CONTEXT_ONLY,False,0,Не знаю
msg-06723,18516,CONTEXT_ONLY,CONTEXT_ONLY,False,0,Много картинок в чате?
msg-06724,18515,CONTEXT_ONLY,CONTEXT_ONLY,False,0,чо
msg-06726,18514,CONTEXT_ONLY,CONTEXT_ONLY,False,0,шлюхобот?
msg-06727,18512,CONTEXT_ONLY,CONTEXT_ONLY,False,0,стоит r-
msg-06728,18510,CONTEXT_ONLY,CONTEXT_ONLY,False,0,почему так?
msg-06729,18511,CONTEXT_ONLY,CONTEXT_ONLY,False,0,Похороны джавы в чате?
msg-06731,18508,CONTEXT_ONLY,CONTEXT_ONLY,False,0,Че
msg-06735,18504,CONTEXT_ONLY,CONTEXT_ONLY,False,0,Про отношения также
msg-06737,18502,CONTEXT_ONLY,CONTEXT_ONLY,False,0,сразу макдак захотелось
msg-06739,18501,CONTEXT_ONLY,CONTEXT_ONLY,False,0,Пригодка?)
msg-06740,18499,CONTEXT_ONLY,CONTEXT_ONLY,False,0,Если серьезно - кайф
msg-06744,18497,CONTEXT_ONLY,CONTEXT_ONLY,False,0,База
msg-06748,18491,CONTEXT_ONLY,CONTEXT_ONLY,False,0,"Привет, почему интересуешься?"
msg-06752,18487,CONTEXT_ONLY,CONTEXT_ONLY,False,0,Это рабочая схема кстати
msg-06756,18483,CONTEXT_ONLY,CONTEXT_ONLY,False,0,Я мимо
msg-06757,18482,CONTEXT_ONLY,CONTEXT_ONLY,False,0,Эволюционно так заложенно
msg-06762,18477,CONTEXT_ONLY,CONTEXT_ONLY,False,0,"Привет, хорошо)"
msg-06763,18476,CONTEXT_ONLY,CONTEXT_ONLY,False,0,"Но попытался, уже молодец"
msg-06767,18472,CONTEXT_ONLY,CONTEXT_ONLY,False,0,ага
msg-06768,18471,CONTEXT_ONLY,CONTEXT_ONLY,False,0,То не так жалко уже
msg-06773,18466,CONTEXT_ONLY,CONTEXT_ONLY,False,0,"Да, как мы жалели"
msg-06775,18464,CONTEXT_ONLY,CONTEXT_ONLY,False,0,14 лет можно жалеть
msg-06776,18463,CONTEXT_ONLY,CONTEXT_ONLY,False,0,подросток просто
msg-06777,18462,CONTEXT_ONLY,CONTEXT_ONLY,False,0,возраст только опустите
msg-06780,18459,CONTEXT_ONLY,CONTEXT_ONLY,False,0,Реально
msg-06781,18458,CONTEXT_ONLY,CONTEXT_ONLY,False,0,О
msg-06792,18447,CONTEXT_ONLY,CONTEXT_ONLY,False,0,В приватке все есть
msg-06795,18444,CONTEXT_ONLY,CONTEXT_ONLY,False,0,написать статью какую-то
msg-06796,18443,CONTEXT_ONLY,CONTEXT_ONLY,False,0,Согласен
msg-06800,18439,CONTEXT_ONLY,CONTEXT_ONLY,False,0,Как оно врать умеет
msg-06802,18437,CONTEXT_ONLY,CONTEXT_ONLY,False,0,или еще хуже - коммунист
msg-06807,18432,CONTEXT_ONLY,CONTEXT_ONLY,False,0,Учитывая отношение к сыну
msg-06808,18431,CONTEXT_ONLY,CONTEXT_ONLY,False,0,"Бля,шустрая,лайкнула уже"
msg-06811,18428,CONTEXT_ONLY,CONTEXT_ONLY,False,0,И что не первый раз если
msg-06813,18426,CONTEXT_ONLY,CONTEXT_ONLY,False,0,Или криминальный авторитет
msg-06816,18423,CONTEXT_ONLY,CONTEXT_ONLY,False,0,"Я так делал, работает!!!"
msg-06817,18422,CONTEXT_ONLY,CONTEXT_ONLY,False,0,🤣🤣
msg-06818,18421,CONTEXT_ONLY,CONTEXT_ONLY,False,0,?
msg-06820,18419,CONTEXT_ONLY,CONTEXT_ONLY,False,0,У меня четкая
msg-06823,18415,CONTEXT_ONLY,CONTEXT_ONLY,False,0,я надеюсь у тебя норм анкета
msg-06824,18414,CONTEXT_ONLY,CONTEXT_ONLY,False,0,хорошая
msg-06838,18399,CONTEXT_ONLY,ATTACH_AS_CORROBORATING_EVIDENCE,False,0,Вот это я имел в виду
msg-06842,18395,CONTEXT_ONLY,ATTACH_AS_CORROBORATING_EVIDENCE,False,0,матчмейкинг
msg-06845,18392,CONTEXT_ONLY,ATTACH_AS_CORROBORATING_EVIDENCE,False,0,не подряд же
msg-06852,18385,CONTEXT_ONLY,CONTEXT_ONLY,False,0,Ему будто 20
msg-06853,18384,CONTEXT_ONLY,CONTEXT_ONLY,False,0,На ебло пацана
msg-06856,18381,CONTEXT_ONLY,CONTEXT_ONLY,False,0,Сука...
msg-06857,18380,CONTEXT_ONLY,CONTEXT_ONLY,False,0,ебать и ебать маленькую
msg-06858,18378,CONTEXT_ONLY,ATTACH_AS_CORROBORATING_EVIDENCE,False,0,Просто не откалиброван
msg-06861,18376,CONTEXT_ONLY,CONTEXT_ONLY,False,0,Бля
msg-06862,18375,CONTEXT_ONLY,ATTACH_AS_CORROBORATING_EVIDENCE,False,0,А звание где?
msg-06865,18372,CONTEXT_ONLY,CONTEXT_ONLY,False,0,ранг
msg-06866,18371,CONTEXT_ONLY,CONTEXT_ONLY,False,0,А что?
msg-06867,18370,CONTEXT_ONLY,CONTEXT_ONLY,False,0,Зан
msg-06871,18366,CONTEXT_ONLY,ATTACH_AS_CORROBORATING_EVIDENCE,False,0,Не понял
msg-06872,18365,CONTEXT_ONLY,CONTEXT_ONLY,False,0,Нюхает
msg-06873,18364,CONTEXT_ONLY,CONTEXT_ONLY,False,0,Нос разъело
msg-06875,18363,CONTEXT_ONLY,CONTEXT_ONLY,False,0,опасно
msg-06877,18361,CONTEXT_ONLY,CONTEXT_ONLY,False,0,челюсть
msg-06879,18359,CONTEXT_ONLY,CONTEXT_ONLY,False,0,че зубы прячет
msg-06880,18357,CONTEXT_ONLY,CONTEXT_ONLY,False,0,это не звание
msg-06882,18355,CONTEXT_ONLY,ATTACH_AS_CORROBORATING_EVIDENCE,False,0,Юза нет
msg-06885,18352,CONTEXT_ONLY,CONTEXT_ONLY,False,0,С красным паспортом?
msg-06886,18351,CONTEXT_ONLY,CONTEXT_ONLY,False,0,openSUSE
msg-06888,18349,NEEDS_ENRICHMENT,CONTEXT_ONLY,False,1,https://t.me/+czp8-bNAU9Q2MjFh
msg-06890,18347,CONTEXT_ONLY,CONTEXT_ONLY,False,0,Гелик
msg-06894,18343,CONTEXT_ONLY,CONTEXT_ONLY,False,0,"Геля, 19, Новосибирск"
msg-06896,18341,CONTEXT_ONLY,CONTEXT_ONLY,False,0,пока одна
msg-06897,18340,CONTEXT_ONLY,CONTEXT_ONLY,False,0,Меня тоже лайкнула
msg-06898,18339,CONTEXT_ONLY,CONTEXT_ONLY,False,0,Покажи какие
msg-06900,18337,CONTEXT_ONLY,CONTEXT_ONLY,False,0,лайкают
msg-06901,18336,CONTEXT_ONLY,CONTEXT_ONLY,False,0,?
msg-06902,18335,CONTEXT_ONLY,CONTEXT_ONLY,False,0,Все есть с пацанами
msg-06903,18334,CONTEXT_ONLY,CONTEXT_ONLY,False,0,есть улов
msg-06911,18326,CONTEXT_ONLY,CONTEXT_ONLY,False,0,Он знает
msg-06912,18325,CONTEXT_ONLY,CONTEXT_ONLY,False,1,@alex_suun
msg-06913,18324,CONTEXT_ONLY,CONTEXT_ONLY,False,0,Вот
msg-06916,18321,CONTEXT_ONLY,CONTEXT_ONLY,False,0,🤣🤣
msg-06917,18320,CONTEXT_ONLY,CONTEXT_ONLY,False,0,Аххаха
msg-06918,18319,CONTEXT_ONLY,CONTEXT_ONLY,False,0,Вообще легко)
msg-06919,18318,CONTEXT_ONLY,CONTEXT_ONLY,False,0,Лови пиздабола
msg-06923,18314,CONTEXT_ONLY,CONTEXT_ONLY,False,0,😁😁😁
msg-06924,18313,CONTEXT_ONLY,CONTEXT_ONLY,False,0,А с пацанами такого нет?
msg-06928,18309,CONTEXT_ONLY,CONTEXT_ONLY,False,0,Когда телку ебал
msg-06939,18298,CONTEXT_ONLY,ATTACH_AS_CORROBORATING_EVIDENCE,False,0,Дай его юз
msg-06940,18297,CONTEXT_ONLY,ATTACH_AS_CORROBORATING_EVIDENCE,False,0,Че за хуй
msg-06941,18296,CONTEXT_ONLY,CONTEXT_ONLY,False,0,А у вас такое было?
msg-06943,18294,CONTEXT_ONLY,CONTEXT_ONLY,False,0,Ледокаин вроде
msg-06945,18292,CONTEXT_ONLY,CONTEXT_ONLY,False,0,Или заморозка
msg-06946,18291,CONTEXT_ONLY,CONTEXT_ONLY,False,0,Хаха
msg-06947,18290,CONTEXT_ONLY,CONTEXT_ONLY,False,0,Я ток потом допер
msg-06948,18289,CONTEXT_ONLY,ATTACH_AS_CORROBORATING_EVIDENCE,False,0,Надо что-то от него?
msg-06949,18288,CONTEXT_ONLY,CONTEXT_ONLY,False,0,Да
msg-06952,18285,CONTEXT_ONLY,CONTEXT_ONLY,False,0,"Товарищ, брат"
msg-06953,18283,CONTEXT_ONLY,CONTEXT_ONLY,False,0,Аааа
msg-06955,18281,CONTEXT_ONLY,CONTEXT_ONLY,False,0,Бля сомкнется
msg-06964,18273,CONTEXT_ONLY,CONTEXT_ONLY,False,0,Или я не правильно понял
msg-06967,18269,CONTEXT_ONLY,CONTEXT_ONLY,False,0,Ааа
msg-06971,18265,CONTEXT_ONLY,CONTEXT_ONLY,False,0,Что это значит самокнетсч
msg-06972,18264,CONTEXT_ONLY,CONTEXT_ONLY,False,0,Как писюн достать
msg-06974,18262,CONTEXT_ONLY,CONTEXT_ONLY,False,0,германия
msg-06975,18261,CONTEXT_ONLY,CONTEXT_ONLY,False,0,Какая страна vps-ки
msg-06980,18257,CONTEXT_ONLY,CONTEXT_ONLY,False,0,Хахахахаах
msg-06985,18251,CONTEXT_ONLY,CONTEXT_ONLY,False,0,Во во
msg-06986,18250,CONTEXT_ONLY,CONTEXT_ONLY,False,0,и мирамистин
msg-06987,18249,CONTEXT_ONLY,CONTEXT_ONLY,False,0,Два гандона
msg-06988,18248,CONTEXT_ONLY,CONTEXT_ONLY,False,0,Да похуц можно предохраняться
msg-06990,18246,CONTEXT_ONLY,CONTEXT_ONLY,False,0,дорого
msg-06991,18245,CONTEXT_ONLY,CONTEXT_ONLY,False,0,Прикольчик
msg-06992,18244,CONTEXT_ONLY,CONTEXT_ONLY,False,0,Лысый обойдется
msg-06993,18243,CONTEXT_ONLY,CONTEXT_ONLY,False,0,с подарками
msg-06995,18241,CONTEXT_ONLY,CONTEXT_ONLY,False,0,Один пиздеж пустой
msg-06996,18240,CONTEXT_ONLY,CONTEXT_ONLY,False,0,Даже за лекса
msg-07001,18235,CONTEXT_ONLY,CONTEXT_ONLY,False,1,@kyonix_bot
msg-07002,18234,CONTEXT_ONLY,CONTEXT_ONLY,False,0,Пока брат удачи
msg-07003,18232,CONTEXT_ONLY,CONTEXT_ONLY,False,0,Вчем пока
msg-07004,18233,CONTEXT_ONLY,CONTEXT_ONLY,False,0,и киеникс
msg-07005,18231,CONTEXT_ONLY,CONTEXT_ONLY,False,0,Я секс сегодня
msg-07008,18228,CONTEXT_ONLY,CONTEXT_ONLY,False,0,у меня все сервера на play2go
msg-07010,18225,CONTEXT_ONLY,CONTEXT_ONLY,False,0,она по любому трахается
msg-07013,18223,CONTEXT_ONLY,CONTEXT_ONLY,False,0,не
msg-07014,18222,CONTEXT_ONLY,CONTEXT_ONLY,False,0,Каждому своя своё
msg-07016,18220,CONTEXT_ONLY,CONTEXT_ONLY,False,0,Инста её
msg-07024,18211,CONTEXT_ONLY,CONTEXT_ONLY,False,0,Путевка в детдом
msg-07025,18210,CONTEXT_ONLY,CONTEXT_ONLY,False,0,чзх
msg-07029,18205,CONTEXT_ONLY,CONTEXT_ONLY,False,0,Нет алкогольный плод
msg-07031,18202,CONTEXT_ONLY,CONTEXT_ONLY,False,0,Наверное… на колесах
msg-07033,18200,CONTEXT_ONLY,CONTEXT_ONLY,False,0,Зрачки широкие
msg-07035,18198,CONTEXT_ONLY,CONTEXT_ONLY,False,0,А нахуй ты еще нужна 🤣
msg-07037,18195,CONTEXT_ONLY,CONTEXT_ONLY,False,0,Ахахахах ска
msg-07038,18194,CONTEXT_ONLY,CONTEXT_ONLY,False,0,Боже озабоченный
msg-07039,18193,CONTEXT_ONLY,CONTEXT_ONLY,False,0,Мимо
msg-07043,18189,CONTEXT_ONLY,CONTEXT_ONLY,False,0,minimax или дипсик.
msg-07045,18187,CONTEXT_ONLY,CONTEXT_ONLY,False,0,сидни
msg-07049,18182,CONTEXT_ONLY,CONTEXT_ONLY,False,0,Старая
msg-07051,18180,CONTEXT_ONLY,ATTACH_AS_CORROBORATING_EVIDENCE,False,0,ну тогда kyc
msg-07052,18179,CONTEXT_ONLY,CONTEXT_ONLY,False,0,Пользуйся))
msg-07054,18177,CONTEXT_ONLY,CONTEXT_ONLY,False,0,Не обижай
msg-07059,18171,CONTEXT_ONLY,CONTEXT_ONLY,False,0,Я инсту глянул
msg-07060,18170,CONTEXT_ONLY,CONTEXT_ONLY,False,0,Бля
msg-07063,18168,CONTEXT_ONLY,CONTEXT_ONLY,False,0,Я ее дизнул
msg-07064,18166,CONTEXT_ONLY,CONTEXT_ONLY,False,0,))0 Понятно
msg-07067,18163,CONTEXT_ONLY,ATTACH_AS_CORROBORATING_EVIDENCE,False,0,"Щас попробую, спасибо)"
msg-07068,18161,CONTEXT_ONLY,CONTEXT_ONLY,False,0,писик сисик поп
msg-07071,18160,CONTEXT_ONLY,CONTEXT_ONLY,False,0,Я думал это только саня
msg-07074,18156,CONTEXT_ONLY,CONTEXT_ONLY,False,0,С мужчинами считается?
msg-07076,18155,CONTEXT_ONLY,CONTEXT_ONLY,False,0,"Пацаны,тут все депственики?"
msg-07080,18150,CONTEXT_ONLY,CONTEXT_ONLY,False,0,Гоал помойка
msg-07083,18147,CONTEXT_ONLY,ATTACH_AS_CORROBORATING_EVIDENCE,False,0,И чья же это проблема ?
msg-07084,18146,CONTEXT_ONLY,CONTEXT_ONLY,False,0,И на костер
msg-07088,18142,CONTEXT_ONLY,CONTEXT_ONLY,False,0,Никакой эмпатии
msg-07089,18141,CONTEXT_ONLY,CONTEXT_ONLY,False,0,двусторнний
msg-07090,18140,CONTEXT_ONLY,CONTEXT_ONLY,False,0,сука садист
msg-07091,18139,CONTEXT_ONLY,CONTEXT_ONLY,False,0,Не залетай
msg-07092,18138,CONTEXT_ONLY,CONTEXT_ONLY,False,0,+
msg-07093,18137,CONTEXT_ONLY,CONTEXT_ONLY,False,0,Стоник
msg-07094,18136,CONTEXT_ONLY,CONTEXT_ONLY,False,0,Пуховик обычный
msg-07097,18133,CONTEXT_ONLY,CONTEXT_ONLY,False,0,Да
msg-07098,18132,CONTEXT_ONLY,CONTEXT_ONLY,False,0,фото скинуть?
msg-07103,18126,CONTEXT_ONLY,CONTEXT_ONLY,False,0,Как тебе наташка
msg-07104,18125,CONTEXT_ONLY,CONTEXT_ONLY,False,0,Покажи
msg-07105,18124,CONTEXT_ONLY,CONTEXT_ONLY,False,0,Djonathan
msg-07106,18123,CONTEXT_ONLY,CONTEXT_ONLY,False,0,Че за куртка
msg-07108,18121,CONTEXT_ONLY,CONTEXT_ONLY,False,0,ну по настроению
msg-07109,18120,CONTEXT_ONLY,CONTEXT_ONLY,False,0,ну может паруразка
msg-07110,18119,CONTEXT_ONLY,CONTEXT_ONLY,False,0,одноразка
msg-07115,18114,CONTEXT_ONLY,CONTEXT_ONLY,False,0,"Такой бизнес, ахахахах"
msg-07121,18107,CONTEXT_ONLY,CONTEXT_ONLY,False,0,Это всегда так
msg-07122,18106,CONTEXT_ONLY,CONTEXT_ONLY,False,0,"99,9% вероятность, что всё хорошо"
msg-07124,18104,CONTEXT_ONLY,CONTEXT_ONLY,False,0,пиздос
msg-07127,18100,CONTEXT_ONLY,CONTEXT_ONLY,False,0,бляя
msg-07128,18099,CONTEXT_ONLY,CONTEXT_ONLY,False,0,Это отмыв бабок
msg-07129,18098,CONTEXT_ONLY,CONTEXT_ONLY,False,0,Погугли треугольник
msg-07131,18096,CONTEXT_ONLY,CONTEXT_ONLY,False,0,Не факт
msg-07133,18094,CONTEXT_ONLY,CONTEXT_ONLY,False,0,Нет
msg-07136,18091,CONTEXT_ONLY,CONTEXT_ONLY,False,0,Ебень
msg-07138,18089,CONTEXT_ONLY,CONTEXT_ONLY,False,0,его добавили?
msg-07140,18087,CONTEXT_ONLY,CONTEXT_ONLY,False,0,ау хуйсосы молчать
msg-07146,18078,CONTEXT_ONLY,CONTEXT_ONLY,False,0,Тест
msg-07150,18070,CONTEXT_ONLY,CONTEXT_ONLY,False,0,😳😳
msg-07151,18068,CONTEXT_ONLY,CONTEXT_ONLY,False,0,Или что
msg-07152,18069,CONTEXT_ONLY,CONTEXT_ONLY,False,0,норм тема
msg-07153,18067,CONTEXT_ONLY,CONTEXT_ONLY,False,0,Еда не нравится?
msg-07154,18065,CONTEXT_ONLY,CONTEXT_ONLY,False,0,Всм
msg-07156,18064,CONTEXT_ONLY,CONTEXT_ONLY,False,0,Шалтай болтай
msg-07158,18062,CONTEXT_ONLY,CONTEXT_ONLY,False,0,По кайфу
msg-07159,18061,CONTEXT_ONLY,CONTEXT_ONLY,False,0,Сегодня?
msg-07162,18058,CONTEXT_ONLY,CONTEXT_ONLY,False,0,Ты меня свиньей назвал
msg-07163,18057,CONTEXT_ONLY,CONTEXT_ONLY,False,0,С дубаев
msg-07164,18056,CONTEXT_ONLY,CONTEXT_ONLY,False,0,Тебя в битцевский вывезут бро
msg-07165,18054,CONTEXT_ONLY,CONTEXT_ONLY,False,0,Ты в чате ебень
msg-07166,18053,CONTEXT_ONLY,CONTEXT_ONLY,False,0,Какой практике
msg-07167,18052,CONTEXT_ONLY,CONTEXT_ONLY,False,0,Клоун
msg-07168,18051,CONTEXT_ONLY,CONTEXT_ONLY,False,0,Я тебя не оскорблял
msg-07172,18047,CONTEXT_ONLY,CONTEXT_ONLY,False,0,У меня щас какая-то ыигня
msg-07174,18045,CONTEXT_ONLY,CONTEXT_ONLY,False,0,Я ж протеином не наеисч
msg-07175,18044,CONTEXT_ONLY,CONTEXT_ONLY,False,0,Ну ок
msg-07177,18042,CONTEXT_ONLY,CONTEXT_ONLY,False,0,Модель если быть точнее
msg-07180,18039,CONTEXT_ONLY,CONTEXT_ONLY,False,0,Ну удачи
msg-07181,18037,CONTEXT_ONLY,CONTEXT_ONLY,False,0,Осетины лучше?
msg-07182,18038,CONTEXT_ONLY,CONTEXT_ONLY,False,0,но похую)
msg-07184,18034,CONTEXT_ONLY,CONTEXT_ONLY,False,0,В дс
msg-07185,18033,CONTEXT_ONLY,CONTEXT_ONLY,False,0,Расскажу потоом
msg-07187,18031,CONTEXT_ONLY,CONTEXT_ONLY,False,0,и шо там
msg-07188,18030,CONTEXT_ONLY,CONTEXT_ONLY,False,0,Боже они такие уебкм
msg-07189,18029,CONTEXT_ONLY,CONTEXT_ONLY,False,0,Жопу лижет евреям
msg-07191,18028,CONTEXT_ONLY,CONTEXT_ONLY,False,0,Овецееб ты
msg-07192,18026,CONTEXT_ONLY,CONTEXT_ONLY,False,0,евери чистые
msg-07196,18022,CONTEXT_ONLY,CONTEXT_ONLY,False,0,Как и евреи
msg-07197,18021,CONTEXT_ONLY,CONTEXT_ONLY,False,0,А ну тут лимитированный трафик
msg-07198,18020,CONTEXT_ONLY,CONTEXT_ONLY,False,0,Они конченные
msg-07200,18017,CONTEXT_ONLY,CONTEXT_ONLY,False,0,Индусы же вредные
msg-07201,18018,CONTEXT_ONLY,CONTEXT_ONLY,False,0,Ахуенно
msg-07203,18016,CONTEXT_ONLY,CONTEXT_ONLY,False,0,А не Чех
msg-07204,18014,CONTEXT_ONLY,CONTEXT_ONLY,False,0,Похуй как то
msg-07205,18013,CONTEXT_ONLY,CONTEXT_ONLY,False,0,Ты цех
msg-07206,18012,CONTEXT_ONLY,CONTEXT_ONLY,False,0,Это байт на приватку😁
msg-07207,18011,CONTEXT_ONLY,CONTEXT_ONLY,False,0,Приятно?
msg-07208,18009,CONTEXT_ONLY,CONTEXT_ONLY,False,0,Лейтенант или кто там
msg-07209,18010,CONTEXT_ONLY,CONTEXT_ONLY,False,0,Я чех
msg-07210,18008,CONTEXT_ONLY,CONTEXT_ONLY,False,0,Нэт
msg-07211,18006,CONTEXT_ONLY,CONTEXT_ONLY,False,0,Забыл 20 что ли
msg-07213,18005,CONTEXT_ONLY,CONTEXT_ONLY,False,0,А ты свинья 🐽
msg-07214,18004,CONTEXT_ONLY,CONTEXT_ONLY,False,0,Чем индуска
msg-07215,18002,CONTEXT_ONLY,CONTEXT_ONLY,False,0,Этот если что более усвоемый
msg-07216,18003,CONTEXT_ONLY,CONTEXT_ONLY,False,0,Ты ваххитаб
msg-07217,18001,CONTEXT_ONLY,CONTEXT_ONLY,False,0,ну мб
msg-07218,17999,CONTEXT_ONLY,CONTEXT_ONLY,False,0,какое звание?
msg-07219,18000,CONTEXT_ONLY,CONTEXT_ONLY,False,0,да сказки все это)
msg-07220,17998,CONTEXT_ONLY,CONTEXT_ONLY,False,0,За цену индейки
msg-07221,17997,CONTEXT_ONLY,CONTEXT_ONLY,False,0,Купи протеин
msg-07224,17993,CONTEXT_ONLY,CONTEXT_ONLY,False,0,я тоже)
msg-07225,17992,CONTEXT_ONLY,CONTEXT_ONLY,False,0,ммммм))
msg-07226,17991,CONTEXT_ONLY,CONTEXT_ONLY,False,0,Да
msg-07229,17987,CONTEXT_ONLY,CONTEXT_ONLY,False,0,кс 2?
msg-07231,17985,CONTEXT_ONLY,CONTEXT_ONLY,False,0,В контру)
msg-07233,17984,CONTEXT_ONLY,CONTEXT_ONLY,False,0,наработался? )) во что играешь?
msg-07234,17983,CONTEXT_ONLY,CONTEXT_ONLY,False,0,Бля
msg-07236,17980,CONTEXT_ONLY,CONTEXT_ONLY,False,0,Чувак
msg-07238,17979,CONTEXT_ONLY,CONTEXT_ONLY,False,0,Нет я живу в России
msg-07239,17978,CONTEXT_ONLY,CONTEXT_ONLY,False,0,Он цыган
msg-07240,17977,CONTEXT_ONLY,CONTEXT_ONLY,False,0,ты хохол?
msg-07243,17974,CONTEXT_ONLY,CONTEXT_ONLY,False,0,Нет
msg-07244,17973,CONTEXT_ONLY,CONTEXT_ONLY,False,0,обед
msg-07245,17972,CONTEXT_ONLY,CONTEXT_ONLY,False,0,Дырку уже нашел себе
msg-07246,17971,CONTEXT_ONLY,CONTEXT_ONLY,False,0,Это тоже сарказм?
msg-07247,17970,CONTEXT_ONLY,CONTEXT_ONLY,False,0,Француз че пропал
msg-07251,17966,CONTEXT_ONLY,CONTEXT_ONLY,False,0,"Я пошел, короче, играть уже)))"
msg-07252,17965,CONTEXT_ONLY,CONTEXT_ONLY,False,0,спасибо
msg-07253,17964,CONTEXT_ONLY,CONTEXT_ONLY,False,0,Это был сарказм
msg-07256,17961,CONTEXT_ONLY,CONTEXT_ONLY,False,0,Курица сосать
msg-07257,17960,CONTEXT_ONLY,CONTEXT_ONLY,False,0,От какой компании
msg-07258,17959,CONTEXT_ONLY,CONTEXT_ONLY,False,0,"В дубае летом,это смерть"
msg-07259,17958,CONTEXT_ONLY,CONTEXT_ONLY,False,0,так и есть
msg-07261,17956,CONTEXT_ONLY,CONTEXT_ONLY,False,0,Ну так я летом приезжаю
msg-07262,17955,CONTEXT_ONLY,CONTEXT_ONLY,False,0,неслучившийся
msg-07265,17952,CONTEXT_ONLY,CONTEXT_ONLY,False,0,С htx по трс20
msg-07266,17951,CONTEXT_ONLY,CONTEXT_ONLY,False,0,Ты тоже?
msg-07268,17949,CONTEXT_ONLY,CONTEXT_ONLY,False,0,Тратит
msg-07270,17947,CONTEXT_ONLY,CONTEXT_ONLY,False,0,Тема
msg-07271,17946,CONTEXT_ONLY,CONTEXT_ONLY,False,0,Живу
msg-07272,17945,CONTEXT_ONLY,CONTEXT_ONLY,False,0,Работаешь там?
msg-07273,17944,CONTEXT_ONLY,CONTEXT_ONLY,False,0,ветер мощный дует
msg-07274,17943,CONTEXT_ONLY,CONTEXT_ONLY,False,0,Вчера купил
msg-07275,17942,CONTEXT_ONLY,CONTEXT_ONLY,False,0,Мой
msg-07276,17941,CONTEXT_ONLY,CONTEXT_ONLY,False,0,Вчера продал
msg-07277,17940,CONTEXT_ONLY,CONTEXT_ONLY,False,0,Мой
msg-07279,17937,CONTEXT_ONLY,CONTEXT_ONLY,False,0,И стоп не выбьет
msg-07283,17934,CONTEXT_ONLY,ATTACH_AS_CORROBORATING_EVIDENCE,False,0,К примеру эталон гармонии
msg-07284,17933,CONTEXT_ONLY,CONTEXT_ONLY,False,0,Эх блять
msg-07285,17932,CONTEXT_ONLY,CONTEXT_ONLY,False,0,вроде попозже
msg-07287,17930,CONTEXT_ONLY,CONTEXT_ONLY,False,0,Выноса не планируется?
msg-07288,17927,CONTEXT_ONLY,ATTACH_AS_CORROBORATING_EVIDENCE,False,0,грок 4.5
msg-07289,17929,CONTEXT_ONLY,CONTEXT_ONLY,False,0,для взрослых?
msg-07291,17926,CONTEXT_ONLY,CONTEXT_ONLY,False,0,Там ебутся
msg-07292,17925,CONTEXT_ONLY,CONTEXT_ONLY,False,0,Я фильмы видел
msg-07293,17924,CONTEXT_ONLY,CONTEXT_ONLY,False,0,Не у нас
msg-07294,17923,CONTEXT_ONLY,CONTEXT_ONLY,False,0,Сука старый
msg-07295,17922,CONTEXT_ONLY,CONTEXT_ONLY,False,0,Аххаха
msg-07296,17921,CONTEXT_ONLY,CONTEXT_ONLY,False,0,ошибка
msg-07298,17919,CONTEXT_ONLY,CONTEXT_ONLY,False,0,На дв угарно
msg-07299,17918,CONTEXT_ONLY,CONTEXT_ONLY,False,0,Тоже верно 👍🏿
msg-07300,17917,CONTEXT_ONLY,CONTEXT_ONLY,False,0,Он везде
msg-07302,17915,CONTEXT_ONLY,CONTEXT_ONLY,False,0,с последствиями
msg-07303,17914,CONTEXT_ONLY,CONTEXT_ONLY,False,0,Согласен
msg-07304,17913,CONTEXT_ONLY,CONTEXT_ONLY,False,0,Тут теперь чат дайвинчика
msg-07305,17912,CONTEXT_ONLY,CONTEXT_ONLY,False,0,Хахаха
msg-07306,17911,CONTEXT_ONLY,CONTEXT_ONLY,False,0,:(
msg-07313,17904,CONTEXT_ONLY,CONTEXT_ONLY,False,0,ждет грейпа
msg-07314,17903,CONTEXT_ONLY,CONTEXT_ONLY,False,0,Найс ценник
msg-07318,17899,CONTEXT_ONLY,CONTEXT_ONLY,False,0,0_0
msg-07322,17895,CONTEXT_ONLY,CONTEXT_ONLY,False,0,ща кину всем
msg-07324,17894,CONTEXT_ONLY,CONTEXT_ONLY,False,0,Есть
msg-07325,17891,CONTEXT_ONLY,CONTEXT_ONLY,False,0,Как понял
msg-07326,17889,CONTEXT_ONLY,CONTEXT_ONLY,False,0,можешь для примера сказать?
msg-07327,17890,CONTEXT_ONLY,CONTEXT_ONLY,False,0,Окей
msg-07333,17884,CONTEXT_ONLY,CONTEXT_ONLY,False,0,"Скинь в личку, пожалуйста"
msg-07336,17880,CONTEXT_ONLY,CONTEXT_ONLY,False,0,ебаться хочет
msg-07338,17878,CONTEXT_ONLY,ATTACH_AS_CORROBORATING_EVIDENCE,False,0,Надеюсь поможет
msg-07340,17874,CONTEXT_ONLY,CONTEXT_ONLY,False,0,Кто апи продает
msg-07342,17871,CONTEXT_ONLY,CONTEXT_ONLY,False,0,грустно
msg-07344,17870,CONTEXT_ONLY,CONTEXT_ONLY,False,0,Что за сервис?
msg-07345,17869,CONTEXT_ONLY,CONTEXT_ONLY,False,0,qween 3.7 max вон
msg-07348,17868,CONTEXT_ONLY,CONTEXT_ONLY,False,0,Мнение?
msg-07349,17867,CONTEXT_ONLY,CONTEXT_ONLY,False,0,Сигмы на зоне
msg-07350,17862,CONTEXT_ONLY,CONTEXT_ONLY,False,0,"минимакс, дипсик 4 про?"
msg-07355,17856,CONTEXT_ONLY,CONTEXT_ONLY,False,0,а чем пользоваться?
msg-07356,17859,CONTEXT_ONLY,CONTEXT_ONLY,False,0,"купон есть, если надо скину"
msg-07357,17857,CONTEXT_ONLY,CONTEXT_ONLY,False,0,Скиньте еще анкеты
msg-07359,17854,CONTEXT_ONLY,CONTEXT_ONLY,False,0,Кто такой «кобочок»
msg-07360,17853,CONTEXT_ONLY,CONTEXT_ONLY,False,0,На дв то?
msg-07363,17851,CONTEXT_ONLY,CONTEXT_ONLY,False,0,Ух нихуя
msg-07366,17849,CONTEXT_ONLY,CONTEXT_ONLY,False,0,В оверселинге
msg-07367,17847,CONTEXT_ONLY,CONTEXT_ONLY,False,0,"Я гречка, остальное в лс"
msg-07368,17845,CONTEXT_ONLY,CONTEXT_ONLY,False,0,"ой, аудио"
msg-07369,17846,CONTEXT_ONLY,CONTEXT_ONLY,False,0,вот покрасивее график
msg-07372,17843,CONTEXT_ONLY,CONTEXT_ONLY,False,0,Смотреть кто
msg-07373,17842,CONTEXT_ONLY,CONTEXT_ONLY,False,0,Там лайки прилетают и угарно
msg-07375,17840,CONTEXT_ONLY,CONTEXT_ONLY,False,0,Даст
msg-07376,17839,CONTEXT_ONLY,CONTEXT_ONLY,False,0,Хахаха
msg-07377,17838,CONTEXT_ONLY,CONTEXT_ONLY,False,0,На дайвинчик
msg-07382,17832,CONTEXT_ONLY,CONTEXT_ONLY,False,0,🤣🤣
msg-07383,17831,CONTEXT_ONLY,CONTEXT_ONLY,False,0,"Все знают, что секса нет"
msg-07385,17828,CONTEXT_ONLY,CONTEXT_ONLY,False,0,Мдэ
msg-07389,17823,CONTEXT_ONLY,CONTEXT_ONLY,False,0,Спросите пацаны
msg-07392,17820,CONTEXT_ONLY,CONTEXT_ONLY,False,0,И старая версия и новая
msg-07394,17819,CONTEXT_ONLY,CONTEXT_ONLY,False,0,У меня работает
msg-07395,17817,CONTEXT_ONLY,CONTEXT_ONLY,False,0,Странное и необъяснимое)
msg-07396,17818,CONTEXT_ONLY,CONTEXT_ONLY,False,0,щас продолжу
msg-07397,17815,CONTEXT_ONLY,CONTEXT_ONLY,False,0,не
msg-07399,17814,CONTEXT_ONLY,CONTEXT_ONLY,False,0,Много лайкнул?
msg-07400,17813,CONTEXT_ONLY,CONTEXT_ONLY,False,0,С приветом
msg-07401,17812,CONTEXT_ONLY,CONTEXT_ONLY,False,0,Девушки какие-то тут
msg-07402,17811,CONTEXT_ONLY,CONTEXT_ONLY,False,0,жхахзазхвыаавыщзх сука
msg-07403,17810,CONTEXT_ONLY,CONTEXT_ONLY,False,0,Почему пендос
msg-07406,17807,CONTEXT_ONLY,CONTEXT_ONLY,False,0,Пендос
msg-07407,17806,CONTEXT_ONLY,CONTEXT_ONLY,False,0,Тебя ебет?
msg-07409,17805,CONTEXT_ONLY,CONTEXT_ONLY,False,0,Че смеешься
msg-07410,17803,CONTEXT_ONLY,CONTEXT_ONLY,False,0,аптайм?
msg-07412,17801,CONTEXT_ONLY,CONTEXT_ONLY,False,0,в чем подвох
msg-07414,17798,CONTEXT_ONLY,ATTACH_AS_CORROBORATING_EVIDENCE,False,0,спасибо большое
msg-07417,17795,NEEDS_ENRICHMENT,CONTEXT_ONLY,False,1,https://cloudvps.host/ru
msg-07418,17794,CONTEXT_ONLY,ATTACH_AS_CORROBORATING_EVIDENCE,False,0,Вот
msg-07419,17793,CONTEXT_ONLY,ATTACH_AS_CORROBORATING_EVIDENCE,False,0,Привет
msg-07424,17788,CONTEXT_ONLY,CONTEXT_ONLY,False,0,🤣🤣
msg-07427,17785,CONTEXT_ONLY,CONTEXT_ONLY,False,0,рабочий день пока
msg-07429,17782,SIGNAL_ONLY,CONTEXT_ONLY,False,1,GPT-5.6 мейнкрафт
msg-07430,17783,CONTEXT_ONLY,CONTEXT_ONLY,False,0,пока нет
msg-07432,17780,CONTEXT_ONLY,CONTEXT_ONLY,False,0,В ответ лайкают?
msg-07433,17779,CONTEXT_ONLY,CONTEXT_ONLY,False,0,Че премка дает
msg-07436,17772,CONTEXT_ONLY,CONTEXT_ONLY,False,0,Попадаются
msg-07437,17773,CONTEXT_ONLY,CONTEXT_ONLY,False,0,Serious sellers only
msg-07442,17767,CONTEXT_ONLY,ATTACH_AS_CORROBORATING_EVIDENCE,False,0,привет
msg-07443,17766,CONTEXT_ONLY,CONTEXT_ONLY,False,0,Доска
msg-07445,17764,CONTEXT_ONLY,CONTEXT_ONLY,False,0,+авторег
msg-07449,17760,CONTEXT_ONLY,CONTEXT_ONLY,False,0,вот это круто
msg-07453,17757,CONTEXT_ONLY,CONTEXT_ONLY,False,0,у меня на нем впн
msg-07454,17755,CONTEXT_ONLY,CONTEXT_ONLY,False,0,"хорошо, спасибо)"
msg-07457,17751,CONTEXT_ONLY,ATTACH_AS_CORROBORATING_EVIDENCE,False,0,Да я так поинтересовался
msg-07458,17752,CONTEXT_ONLY,CONTEXT_ONLY,False,0,тут можешь поискать
msg-07460,17749,CONTEXT_ONLY,ATTACH_AS_CORROBORATING_EVIDENCE,False,0,а сколько у тебя бюджет вообще?
msg-07461,17748,CONTEXT_ONLY,CONTEXT_ONLY,False,0,"Не парься, всё хорошо 😅"
msg-07463,17745,CONTEXT_ONLY,CONTEXT_ONLY,False,0,бляяя
msg-07465,17744,CONTEXT_ONLY,CONTEXT_ONLY,False,0,аптайм 50%
msg-07468,17742,CONTEXT_ONLY,CONTEXT_ONLY,False,0,linveo
msg-07469,17740,CONTEXT_ONLY,CONTEXT_ONLY,False,0,ну вот так
msg-07470,17739,CONTEXT_ONLY,CONTEXT_ONLY,False,0,какой хост?
msg-07471,17738,CONTEXT_ONLY,ATTACH_AS_CORROBORATING_EVIDENCE,False,0,[переслано]
msg-07476,17733,CONTEXT_ONLY,CONTEXT_ONLY,False,0,Та пофиг же
msg-07478,17730,CONTEXT_ONLY,CONTEXT_ONLY,False,0,кикни
msg-07479,17729,CONTEXT_ONLY,CONTEXT_ONLY,False,0,так какни меня
msg-07480,17728,CONTEXT_ONLY,CONTEXT_ONLY,False,0,оскуфел степан
msg-07481,17727,CONTEXT_ONLY,CONTEXT_ONLY,False,0,на поиск багов
msg-07484,17724,CONTEXT_ONLY,ATTACH_AS_CORROBORATING_EVIDENCE,False,0,IDE типо Replit
msg-07487,17721,CONTEXT_ONLY,CONTEXT_ONLY,False,0,степашка уже не тот
msg-07494,17714,CONTEXT_ONLY,CONTEXT_ONLY,False,0,И заебца
msg-07495,17712,CONTEXT_ONLY,ATTACH_AS_CORROBORATING_EVIDENCE,False,0,cli?
msg-07496,17713,CONTEXT_ONLY,CONTEXT_ONLY,False,0,Пока тепленькая оформил
msg-07498,17709,CONTEXT_ONLY,CONTEXT_ONLY,False,0,за 200 бери
msg-07499,17708,CONTEXT_ONLY,CONTEXT_ONLY,False,0,Да и теья
msg-07500,17707,CONTEXT_ONLY,CONTEXT_ONLY,False,0,Если прям нормально кодить
msg-07501,17706,CONTEXT_ONLY,CONTEXT_ONLY,False,0,за 100 бери
msg-07502,17705,CONTEXT_ONLY,CONTEXT_ONLY,False,0,Главное пизда
msg-07503,17700,CONTEXT_ONLY,CONTEXT_ONLY,False,0,Гугл треуает меня как в чернигове
msg-07504,17704,CONTEXT_ONLY,CONTEXT_ONLY,False,0,Инсульт не важно
msg-07507,17701,CONTEXT_ONLY,CONTEXT_ONLY,False,0,переносные
msg-07512,17695,CONTEXT_ONLY,CONTEXT_ONLY,False,0,похкй сиськи
msg-07513,17694,CONTEXT_ONLY,CONTEXT_ONLY,False,0,Хули ебло перекосоебило
msg-07514,17693,CONTEXT_ONLY,CONTEXT_ONLY,False,0,У неё инсульт?
msg-07516,17691,CONTEXT_ONLY,CONTEXT_ONLY,False,0,хуйня какая то
msg-07517,17690,CONTEXT_ONLY,CONTEXT_ONLY,False,0,я тоже думал
msg-07519,17689,CONTEXT_ONLY,CONTEXT_ONLY,False,0,удивительно
msg-07520,17687,CONTEXT_ONLY,CONTEXT_ONLY,False,0,Фейк
msg-07521,17686,CONTEXT_ONLY,CONTEXT_ONLY,False,0,Ниче не скажешь
msg-07522,17685,CONTEXT_ONLY,CONTEXT_ONLY,False,0,нет кстати
msg-07523,17684,CONTEXT_ONLY,CONTEXT_ONLY,False,0,Сеееекс
msg-07524,17683,CONTEXT_ONLY,CONTEXT_ONLY,False,0,берём
msg-07525,17682,CONTEXT_ONLY,CONTEXT_ONLY,False,0,шлюхобот
msg-07528,17679,CONTEXT_ONLY,CONTEXT_ONLY,False,0,пенни борд это что такое
msg-07530,17674,CONTEXT_ONLY,CONTEXT_ONLY,False,0,"Бля,честно,я в ахуе"
msg-07532,17673,CONTEXT_ONLY,CONTEXT_ONLY,False,0,Отвратительно же
msg-07534,17669,CONTEXT_ONLY,CONTEXT_ONLY,False,0,?
msg-07536,17667,CONTEXT_ONLY,CONTEXT_ONLY,False,0,есть такая поговорка
msg-07537,17666,CONTEXT_ONLY,CONTEXT_ONLY,False,0,колхозная
msg-07538,17665,CONTEXT_ONLY,CONTEXT_ONLY,False,0,по описанию
msg-07539,17664,CONTEXT_ONLY,CONTEXT_ONLY,False,0,душная пиздец наверное
msg-07541,17662,CONTEXT_ONLY,CONTEXT_ONLY,False,0,анорексия
msg-07542,17661,CONTEXT_ONLY,CONTEXT_ONLY,False,0,здраво 👍
msg-07544,17659,CONTEXT_ONLY,CONTEXT_ONLY,False,0,Модель
msg-07545,17658,CONTEXT_ONLY,CONTEXT_ONLY,False,0,* больше трёх-четырёх слов
msg-07547,17654,CONTEXT_ONLY,CONTEXT_ONLY,False,0,это это +70 кг наверное
msg-07549,17652,CONTEXT_ONLY,CONTEXT_ONLY,False,0,Выбери что-то одно
msg-07550,17651,CONTEXT_ONLY,CONTEXT_ONLY,False,0,Норм вы конченные
msg-07552,17649,CONTEXT_ONLY,CONTEXT_ONLY,False,0,Как посмотреть
msg-07554,17647,CONTEXT_ONLY,CONTEXT_ONLY,False,0,ЗХАВЫЗХАЗХЩВХЫЩЗХАХВЫ
msg-07555,17646,CONTEXT_ONLY,CONTEXT_ONLY,False,0,)
msg-07558,17643,CONTEXT_ONLY,CONTEXT_ONLY,False,0,видимо есть любители
msg-07559,17642,CONTEXT_ONLY,CONTEXT_ONLY,False,0,ебанутая
msg-07561,17640,CONTEXT_ONLY,CONTEXT_ONLY,False,0,нахуй они пишут вообще это
msg-07564,17634,CONTEXT_ONLY,CONTEXT_ONLY,False,0,Ну это жоско
msg-07566,17635,CONTEXT_ONLY,CONTEXT_ONLY,False,0,Бля
msg-07567,17632,NEEDS_ENRICHMENT,CONTEXT_ONLY,False,1,https://t.me/nodehost_bot
msg-07568,17631,CONTEXT_ONLY,CONTEXT_ONLY,False,0,Выключи геолокацию
msg-07570,17629,CONTEXT_ONLY,CONTEXT_ONLY,False,0,Ебанат кальция
msg-07580,17619,CONTEXT_ONLY,CONTEXT_ONLY,False,0,огров тоже хватает
msg-07581,17618,CONTEXT_ONLY,CONTEXT_ONLY,False,0,Слава богу что нет
msg-07582,17617,CONTEXT_ONLY,ATTACH_AS_CORROBORATING_EVIDENCE,False,0,nodehost
msg-07585,17615,CONTEXT_ONLY,CONTEXT_ONLY,False,0,раз на раз
msg-07586,17614,CONTEXT_ONLY,CONTEXT_ONLY,False,0,А огры
msg-07588,17611,CONTEXT_ONLY,CONTEXT_ONLY,False,0,а это значит пора работать
msg-07589,17610,CONTEXT_ONLY,CONTEXT_ONLY,False,0,я проснулся
msg-07590,17609,CONTEXT_ONLY,CONTEXT_ONLY,False,0,так
msg-07591,17608,CONTEXT_ONLY,CONTEXT_ONLY,False,0,вхвхвхвхв
msg-07592,17607,CONTEXT_ONLY,CONTEXT_ONLY,False,0,я скину как увижу ещё раз
msg-07593,17606,CONTEXT_ONLY,CONTEXT_ONLY,False,0,и гпт 5.6 sol ultra
msg-07596,17604,CONTEXT_ONLY,CONTEXT_ONLY,False,0,Да бля это понятно
msg-07597,17600,CONTEXT_ONLY,CONTEXT_ONLY,False,0,ага
msg-07599,17601,CONTEXT_ONLY,CONTEXT_ONLY,False,0,Битцевский лес
msg-07601,17598,CONTEXT_ONLY,CONTEXT_ONLY,False,0,Москва
msg-07602,17597,CONTEXT_ONLY,CONTEXT_ONLY,False,0,какой город?
msg-07603,17596,CONTEXT_ONLY,CONTEXT_ONLY,False,0,аквариум
msg-07604,17595,CONTEXT_ONLY,CONTEXT_ONLY,False,0,языком теребишь ее?
msg-07605,17594,CONTEXT_ONLY,CONTEXT_ONLY,False,0,именно
msg-07606,17593,CONTEXT_ONLY,CONTEXT_ONLY,False,0,Че это
msg-07607,17592,CONTEXT_ONLY,CONTEXT_ONLY,False,0,АХХАХА
msg-07608,17591,CONTEXT_ONLY,CONTEXT_ONLY,False,0,"есть, даже беременные"
msg-07611,17588,CONTEXT_ONLY,CONTEXT_ONLY,False,0,19
msg-07613,17587,CONTEXT_ONLY,CONTEXT_ONLY,False,0,Сколько тебе лет?
msg-07614,17586,CONTEXT_ONLY,CONTEXT_ONLY,False,0,есть…
msg-07623,17576,CONTEXT_ONLY,CONTEXT_ONLY,False,0,это же ваще пиздец
msg-07630,17570,CONTEXT_ONLY,CONTEXT_ONLY,False,0,есть ещё круче
msg-07631,17568,CONTEXT_ONLY,CONTEXT_ONLY,False,0,Да и не хочется)
msg-07635,17563,CONTEXT_ONLY,ATTACH_AS_CORROBORATING_EVIDENCE,False,0,Как найду скину тебе )
msg-07640,17557,CONTEXT_ONLY,ATTACH_AS_CORROBORATING_EVIDENCE,False,0,любой
msg-07641,17556,CONTEXT_ONLY,ATTACH_AS_CORROBORATING_EVIDENCE,False,0,Какой ?
msg-07643,17554,CONTEXT_ONLY,CONTEXT_ONLY,False,0,А че они тебе должны
msg-07644,17553,CONTEXT_ONLY,CONTEXT_ONLY,False,0,Да
msg-07645,17552,NEEDS_ENRICHMENT,CONTEXT_ONLY,False,1,https://vt.tiktok.com/ZSCUShUpf/
msg-07646,17551,CONTEXT_ONLY,CONTEXT_ONLY,False,0,или он у тебя вылез уже
msg-07648,17549,CONTEXT_ONLY,CONTEXT_ONLY,False,0,"Сомнительно, конечно"
msg-07649,17548,CONTEXT_ONLY,CONTEXT_ONLY,False,0,Плюс дырка
msg-07654,17543,CONTEXT_ONLY,ATTACH_AS_CORROBORATING_EVIDENCE,False,0,(кроме меня)
msg-07660,17538,CONTEXT_ONLY,CONTEXT_ONLY,False,0,Благо выбор обширный
msg-07663,17535,CONTEXT_ONLY,CONTEXT_ONLY,False,0,Ответил
msg-07664,17534,CONTEXT_ONLY,CONTEXT_ONLY,False,0,Не тому
msg-07665,17533,CONTEXT_ONLY,CONTEXT_ONLY,False,0,Тут Олег
msg-07669,17529,CONTEXT_ONLY,CONTEXT_ONLY,False,0,всмысле?
msg-07672,17526,CONTEXT_ONLY,CONTEXT_ONLY,False,0,Подстраиваюсь под общество
msg-07673,17525,CONTEXT_ONLY,CONTEXT_ONLY,False,0,Как и любой юрист)
msg-07678,17519,CONTEXT_ONLY,CONTEXT_ONLY,False,0,Со спячки вышел?
msg-07680,17518,CONTEXT_ONLY,CONTEXT_ONLY,False,0,похуй кто там что
msg-07682,17516,CONTEXT_ONLY,CONTEXT_ONLY,False,0,я просто спамил лайками
msg-07684,17515,CONTEXT_ONLY,CONTEXT_ONLY,False,0,С новым годом
msg-07687,17510,CONTEXT_ONLY,CONTEXT_ONLY,False,0,22-25 духота
msg-07688,17509,CONTEXT_ONLY,CONTEXT_ONLY,False,0,так и есть
msg-07693,17504,CONTEXT_ONLY,CONTEXT_ONLY,False,0,мб
msg-07698,17499,CONTEXT_ONLY,CONTEXT_ONLY,False,0,Хуйня
msg-07700,17497,CONTEXT_ONLY,CONTEXT_ONLY,False,0,бесполезная
msg-07701,17496,CONTEXT_ONLY,CONTEXT_ONLY,False,0,хуета это
msg-07703,17494,CONTEXT_ONLY,CONTEXT_ONLY,False,0,иногда и такое надо
msg-07704,17493,CONTEXT_ONLY,CONTEXT_ONLY,False,0,Куда позиции
msg-07708,17489,CONTEXT_ONLY,CONTEXT_ONLY,False,0,ну надо работать))
msg-07710,17488,CONTEXT_ONLY,CONTEXT_ONLY,False,0,кто то замечал?
msg-07717,17480,CONTEXT_ONLY,CONTEXT_ONLY,False,0,относись проще
msg-07721,17476,CONTEXT_ONLY,CONTEXT_ONLY,False,0,Да не за что
msg-07724,17473,CONTEXT_ONLY,CONTEXT_ONLY,False,0,Всем добра
msg-07725,17472,CONTEXT_ONLY,CONTEXT_ONLY,False,0,Вторая точка взята
msg-07726,17469,CONTEXT_ONLY,CONTEXT_ONLY,False,0,152-ФЗ и 395-1
msg-07733,17459,CONTEXT_ONLY,CONTEXT_ONLY,False,0,я в клубец хожу)))
msg-07735,17458,CONTEXT_ONLY,CONTEXT_ONLY,False,0,как и гле
msg-07738,17455,CONTEXT_ONLY,CONTEXT_ONLY,False,0,Киро
msg-07741,17451,CONTEXT_ONLY,CONTEXT_ONLY,False,0,контра уже тупит))
msg-07742,17450,CONTEXT_ONLY,CONTEXT_ONLY,False,0,Прикусит
msg-07744,17448,CONTEXT_ONLY,CONTEXT_ONLY,False,0,дайте норм абузы
msg-07747,17445,CONTEXT_ONLY,CONTEXT_ONLY,False,0,два дня взял
msg-07748,17443,CONTEXT_ONLY,CONTEXT_ONLY,False,0,пока на тесте
msg-07749,17442,CONTEXT_ONLY,CONTEXT_ONLY,False,0,Тейлки не лайкают
msg-07750,17441,CONTEXT_ONLY,CONTEXT_ONLY,False,0,Покупать надо?
msg-07751,17440,CONTEXT_ONLY,CONTEXT_ONLY,False,0,Быля
msg-07752,17439,CONTEXT_ONLY,CONTEXT_ONLY,False,0,это вщ угар
msg-07753,17444,CONTEXT_ONLY,CONTEXT_ONLY,False,0,Какие?
msg-07754,17438,CONTEXT_ONLY,CONTEXT_ONLY,False,0,а там онли свиноматки
msg-07755,17437,CONTEXT_ONLY,CONTEXT_ONLY,False,0,видел кст
msg-07758,17435,CONTEXT_ONLY,CONTEXT_ONLY,False,0,подписка в разы дороже
msg-07760,17433,CONTEXT_ONLY,CONTEXT_ONLY,False,0,вот это реальное гойство
msg-07761,17431,CONTEXT_ONLY,CONTEXT_ONLY,False,0,знаешь что такое пьюр?)
msg-07764,17428,CONTEXT_ONLY,CONTEXT_ONLY,False,0,Тестил
msg-07766,17427,CONTEXT_ONLY,CONTEXT_ONLY,False,0,пидормоты
msg-07768,17424,CONTEXT_ONLY,CONTEXT_ONLY,False,0,Гойство
msg-07769,17423,CONTEXT_ONLY,CONTEXT_ONLY,False,0,вот вообще
msg-07771,17422,CONTEXT_ONLY,CONTEXT_ONLY,False,0,че реально
msg-07772,17421,CONTEXT_ONLY,CONTEXT_ONLY,False,0,даже взаимок нету
msg-07774,17418,CONTEXT_ONLY,CONTEXT_ONLY,False,0,АХХАХАХАХАХАХХА
msg-07778,17414,CONTEXT_ONLY,CONTEXT_ONLY,False,0,испортили суки
msg-07779,17413,CONTEXT_ONLY,CONTEXT_ONLY,False,0,даже там донат
msg-07780,17412,CONTEXT_ONLY,CONTEXT_ONLY,False,0,хд
msg-07781,17411,CONTEXT_ONLY,CONTEXT_ONLY,False,0,у меня есть винда в виртуалке))
msg-07782,17410,CONTEXT_ONLY,CONTEXT_ONLY,False,0,"понял, надо будет потестить)"
msg-07783,17409,CONTEXT_ONLY,CONTEXT_ONLY,False,0,Ахахахкхах зачем
msg-07784,17408,CONTEXT_ONLY,CONTEXT_ONLY,False,0,стоит ли оно того
msg-07785,17407,CONTEXT_ONLY,CONTEXT_ONLY,False,0,щас оценим
msg-07788,17404,CONTEXT_ONLY,CONTEXT_ONLY,False,0,дай бог здоровья
msg-07789,17403,CONTEXT_ONLY,CONTEXT_ONLY,False,0,"понял, спасмибо большое"
msg-07790,17401,CONTEXT_ONLY,CONTEXT_ONLY,False,0,Там курс самый хороший
msg-07794,17398,CONTEXT_ONLY,CONTEXT_ONLY,False,0,?
msg-07797,17395,CONTEXT_ONLY,CONTEXT_ONLY,False,0,шортистов
msg-07802,17390,CONTEXT_ONLY,CONTEXT_ONLY,False,0,я про кодекс десктоп
msg-07803,17388,CONTEXT_ONLY,CONTEXT_ONLY,False,0,это в cli полагаю?
msg-07805,17387,CONTEXT_ONLY,CONTEXT_ONLY,False,0,тогда еще клод был
msg-07810,17383,CONTEXT_ONLY,CONTEXT_ONLY,False,0,Мудрость ебаная
msg-07815,17378,CONTEXT_ONLY,CONTEXT_ONLY,False,0,каво?
msg-07816,17376,CONTEXT_ONLY,CONTEXT_ONLY,False,0,Надо попробовать короче
msg-07818,17374,CONTEXT_ONLY,CONTEXT_ONLY,False,0,бью челом!
msg-07820,17372,CONTEXT_ONLY,CONTEXT_ONLY,False,0,BitStarRobot
msg-07822,17370,CONTEXT_ONLY,CONTEXT_ONLY,False,0,Проекты - это директории тут?
msg-07823,17369,CONTEXT_ONLY,CONTEXT_ONLY,False,0,Боты же есть
msg-07825,17367,CONTEXT_ONLY,CONTEXT_ONLY,False,0,Коленая чашка
msg-07826,17366,CONTEXT_ONLY,CONTEXT_ONLY,False,0,У кого что болит
msg-07827,17365,CONTEXT_ONLY,CONTEXT_ONLY,False,0,Справедливо
msg-07829,17362,CONTEXT_ONLY,CONTEXT_ONLY,False,0,Из-за бороды может?
msg-07832,17359,CONTEXT_ONLY,CONTEXT_ONLY,False,0,прошка
msg-07833,17358,CONTEXT_ONLY,CONTEXT_ONLY,False,0,прошка или эир?
msg-07836,17355,CONTEXT_ONLY,CONTEXT_ONLY,False,0,В смысле передают привет?
msg-07847,17343,CONTEXT_ONLY,CONTEXT_ONLY,False,0,да понятно
msg-07848,17342,CONTEXT_ONLY,CONTEXT_ONLY,False,0,Починят к релизу
msg-07849,17341,CONTEXT_ONLY,CONTEXT_ONLY,False,0,да
msg-07850,17340,CONTEXT_ONLY,CONTEXT_ONLY,False,0,Бета?
msg-07851,17339,CONTEXT_ONLY,CONTEXT_ONLY,False,0,"Разрывная, согласен"
msg-07853,17337,CONTEXT_ONLY,CONTEXT_ONLY,False,0,И стой там тупо
msg-07855,17335,CONTEXT_ONLY,CONTEXT_ONLY,False,0,Я сейчас в Дубае
msg-07856,17334,CONTEXT_ONLY,CONTEXT_ONLY,False,0,Дети солнца 😁
msg-07857,17333,CONTEXT_ONLY,CONTEXT_ONLY,False,0,Приезжай в бицевский
msg-07858,17332,CONTEXT_ONLY,CONTEXT_ONLY,False,0,😁😁😁
msg-07859,17331,CONTEXT_ONLY,CONTEXT_ONLY,False,0,Ну в унитазе типо
msg-07860,17330,CONTEXT_ONLY,CONTEXT_ONLY,False,0,Аллах велосипед
msg-07861,17329,CONTEXT_ONLY,CONTEXT_ONLY,False,0,Слит это как понять
msg-07862,17328,CONTEXT_ONLY,CONTEXT_ONLY,False,1,Zenbook S14 UX5406
msg-07863,17327,CONTEXT_ONLY,CONTEXT_ONLY,False,0,Спасибо
msg-07864,17326,CONTEXT_ONLY,CONTEXT_ONLY,False,0,Ооооо
msg-07868,17322,CONTEXT_ONLY,CONTEXT_ONLY,False,0,Ты слит
msg-07870,17320,CONTEXT_ONLY,CONTEXT_ONLY,False,0,Езжайте
msg-07871,17319,CONTEXT_ONLY,CONTEXT_ONLY,False,0,Я в дубае живу
msg-07873,17317,CONTEXT_ONLY,CONTEXT_ONLY,False,0,Ну приезжай в битцевский
msg-07874,17316,CONTEXT_ONLY,ATTACH_AS_CORROBORATING_EVIDENCE,False,0,чтобы я выложил
msg-07875,17315,CONTEXT_ONLY,ATTACH_AS_CORROBORATING_EVIDENCE,False,0,мне тоже скинь
msg-07876,17313,CONTEXT_ONLY,ATTACH_AS_CORROBORATING_EVIDENCE,False,0,пон
msg-07877,17314,CONTEXT_ONLY,CONTEXT_ONLY,False,0,Естественно
msg-07878,17312,CONTEXT_ONLY,CONTEXT_ONLY,False,0,Пидорсня
msg-07883,17307,CONTEXT_ONLY,CONTEXT_ONLY,False,0,"Опа, степаны атакуют"
msg-07889,17301,CONTEXT_ONLY,CONTEXT_ONLY,False,0,Именно по бенчам
msg-07895,17295,CONTEXT_ONLY,CONTEXT_ONLY,False,0,вопросов не имею
msg-07899,17291,CONTEXT_ONLY,CONTEXT_ONLY,False,0,Зан
msg-07902,17288,CONTEXT_ONLY,ATTACH_AS_CORROBORATING_EVIDENCE,False,0,навсякий закину
msg-07906,17284,CONTEXT_ONLY,ATTACH_AS_CORROBORATING_EVIDENCE,False,0,Украли идею
msg-07913,17222,CONTEXT_ONLY,CONTEXT_ONLY,False,0,Спасибо
msg-07918,17218,CONTEXT_ONLY,CONTEXT_ONLY,False,0,Хех
msg-07919,17217,CONTEXT_ONLY,CONTEXT_ONLY,False,0,токен ревокнуло
msg-07921,17260,CONTEXT_ONLY,CONTEXT_ONLY,False,0,"Так что да, вестимо"
msg-07923,17258,CONTEXT_ONLY,CONTEXT_ONLY,False,0,Долбятся?
msg-07925,17256,CONTEXT_ONLY,CONTEXT_ONLY,False,0,Знатные пидарасы
msg-07927,17254,CONTEXT_ONLY,CONTEXT_ONLY,False,0,Кто это
msg-07929,17252,CONTEXT_ONLY,CONTEXT_ONLY,False,0,У меня реверс стоит
msg-07930,17251,CONTEXT_ONLY,CONTEXT_ONLY,False,0,А ебать
msg-07933,17248,CONTEXT_ONLY,CONTEXT_ONLY,False,0,в чем проблема то?
msg-07934,17247,CONTEXT_ONLY,CONTEXT_ONLY,False,0,1579*
msg-07937,17244,CONTEXT_ONLY,CONTEXT_ONLY,False,0,И профит есть
msg-07939,17242,CONTEXT_ONLY,CONTEXT_ONLY,False,0,Присмотрись на твх
msg-07941,17241,CONTEXT_ONLY,CONTEXT_ONLY,False,0,?
msg-07942,17240,CONTEXT_ONLY,CONTEXT_ONLY,False,0,Я в глаза долблюсь или как
msg-07943,17239,CONTEXT_ONLY,CONTEXT_ONLY,False,0,Че за хуйня
msg-07944,17237,CONTEXT_ONLY,CONTEXT_ONLY,False,0,Блять
msg-07945,17277,CONTEXT_ONLY,CONTEXT_ONLY,False,0,А то хуйня это все
msg-07948,17275,CONTEXT_ONLY,CONTEXT_ONLY,False,0,просто
msg-07949,17274,CONTEXT_ONLY,CONTEXT_ONLY,False,0,?
msg-07952,17273,CONTEXT_ONLY,CONTEXT_ONLY,False,0,а че под дефом
msg-07955,17270,CONTEXT_ONLY,CONTEXT_ONLY,False,0,?
msg-07956,17269,CONTEXT_ONLY,CONTEXT_ONLY,False,0,Ты в тг км?
msg-07958,17229,CONTEXT_ONLY,CONTEXT_ONLY,False,0,Только гпт
msg-07959,17268,CONTEXT_ONLY,CONTEXT_ONLY,False,0,скучная тема
msg-07963,17209,CONTEXT_ONLY,CONTEXT_ONLY,False,0,У тебя какая модель асуса?
msg-07964,17266,CONTEXT_ONLY,CONTEXT_ONLY,False,0,Интересная же тема
msg-07965,17265,CONTEXT_ONLY,CONTEXT_ONLY,False,0,А че перестал?
msg-07966,17264,CONTEXT_ONLY,CONTEXT_ONLY,False,0,сейчас нет
msg-07967,17263,CONTEXT_ONLY,CONTEXT_ONLY,False,0,раньше писал
msg-07969,17227,CONTEXT_ONLY,CONTEXT_ONLY,False,0,Я кодекс апп использую
msg-07976,17203,CONTEXT_ONLY,ATTACH_AS_CORROBORATING_EVIDENCE,False,0,"А, понял 🙂"
msg-07980,17199,CONTEXT_ONLY,CONTEXT_ONLY,False,0,Выкладываю
msg-07982,17197,CONTEXT_ONLY,CONTEXT_ONLY,False,0,"Привет, ок"
msg-07984,17195,CONTEXT_ONLY,CONTEXT_ONLY,False,0,объясни контекст
msg-07988,17191,CONTEXT_ONLY,CONTEXT_ONLY,False,0,Эти иногда - да
msg-07989,17190,CONTEXT_ONLY,CONTEXT_ONLY,False,0,вторые сутки уже
msg-07991,17188,CONTEXT_ONLY,CONTEXT_ONLY,False,0,но тож нет
msg-07994,17185,CONTEXT_ONLY,CONTEXT_ONLY,False,0,спасибо
msg-07995,17184,CONTEXT_ONLY,CONTEXT_ONLY,False,0,на r13 даже
msg-07996,17183,CONTEXT_ONLY,CONTEXT_ONLY,False,0,было такое
msg-07998,17181,CONTEXT_ONLY,CONTEXT_ONLY,False,0,на что-то триггернуло
msg-08001,17177,CONTEXT_ONLY,CONTEXT_ONLY,False,0,кто-то знает как фиксить?
msg-08006,17171,CONTEXT_ONLY,CONTEXT_ONLY,False,0,кто поддерживает
msg-08011,17166,CONTEXT_ONLY,CONTEXT_ONLY,False,0,Там и tts есть
msg-08012,17165,CONTEXT_ONLY,CONTEXT_ONLY,False,0,И тд
msg-08013,17164,CONTEXT_ONLY,CONTEXT_ONLY,False,0,Соннет 4.6 опус 4.7 глм
msg-08014,17163,CONTEXT_ONLY,CONTEXT_ONLY,False,0,Регер мой
msg-08015,17162,CONTEXT_ONLY,CONTEXT_ONLY,False,0,Модели?
msg-08017,17160,CONTEXT_ONLY,CONTEXT_ONLY,False,0,Там триал 100к токенов
msg-08018,17159,CONTEXT_ONLY,CONTEXT_ONLY,False,0,че за сайтик
msg-08020,17157,CONTEXT_ONLY,CONTEXT_ONLY,False,0,а не
msg-08021,17156,CONTEXT_ONLY,CONTEXT_ONLY,False,0,это юзербот
msg-08027,17150,CONTEXT_ONLY,CONTEXT_ONLY,False,0,Потом выебут)
msg-08034,17143,CONTEXT_ONLY,CONTEXT_ONLY,False,0,"гпт, остальное побаловаться"
msg-08042,17136,CONTEXT_ONLY,ATTACH_AS_CORROBORATING_EVIDENCE,False,0,в общем все такие нюансы
msg-08044,17131,CONTEXT_ONLY,ATTACH_AS_CORROBORATING_EVIDENCE,False,0,а что с юр интересно?
msg-08045,17132,CONTEXT_ONLY,CONTEXT_ONLY,False,0,приятно
msg-08046,17130,CONTEXT_ONLY,CONTEXT_ONLY,False,0,ночной ресет
msg-08048,17127,CONTEXT_ONLY,ATTACH_AS_CORROBORATING_EVIDENCE,False,0,-
msg-08049,16997,CONTEXT_ONLY,ATTACH_AS_CORROBORATING_EVIDENCE,False,0,+ и не один
msg-08050,16996,CONTEXT_ONLY,ATTACH_AS_CORROBORATING_EVIDENCE,False,0,есть такое
msg-08052,16994,CONTEXT_ONLY,ATTACH_AS_CORROBORATING_EVIDENCE,False,0,много кто
msg-08056,17074,CONTEXT_ONLY,CONTEXT_ONLY,False,0,Отрастет
msg-08057,16947,CONTEXT_ONLY,CONTEXT_ONLY,False,0,а какими инструментами — похую
msg-08061,16943,CONTEXT_ONLY,CONTEXT_ONLY,False,0,разраб
msg-08063,16992,CONTEXT_ONLY,CONTEXT_ONLY,False,0,карты не проблема
msg-08065,17070,CONTEXT_ONLY,CONTEXT_ONLY,False,0,класс
msg-08068,16940,CONTEXT_ONLY,CONTEXT_ONLY,False,0,macos 27
msg-08074,16961,CONTEXT_ONLY,CONTEXT_ONLY,False,0,с уведой так же быстро
msg-08077,17119,CONTEXT_ONLY,CONTEXT_ONLY,False,0,хз
msg-08078,17118,CONTEXT_ONLY,CONTEXT_ONLY,False,0,аа ряльна
msg-08080,16958,CONTEXT_ONLY,CONTEXT_ONLY,False,0,5.5 тоже?
msg-08082,16956,CONTEXT_ONLY,CONTEXT_ONLY,False,0,Кодекс раздуплился
msg-08086,17114,CONTEXT_ONLY,CONTEXT_ONLY,False,0,а как ты кодой пользуешься
msg-08089,16988,CONTEXT_ONLY,CONTEXT_ONLY,False,0,Grok
msg-08090,16987,CONTEXT_ONLY,CONTEXT_ONLY,False,0,парень
msg-08091,16986,CONTEXT_ONLY,CONTEXT_ONLY,False,0,и у него уже есть
msg-08094,17112,CONTEXT_ONLY,CONTEXT_ONLY,False,0,или он вернулся
msg-08095,17111,CONTEXT_ONLY,CONTEXT_ONLY,False,0,а как кода скамнулся
msg-08096,17110,CONTEXT_ONLY,CONTEXT_ONLY,False,0,чо
msg-08100,17107,CONTEXT_ONLY,CONTEXT_ONLY,False,0,до
msg-08101,17106,CONTEXT_ONLY,CONTEXT_ONLY,False,0,И агентах
msg-08102,17105,CONTEXT_ONLY,CONTEXT_ONLY,False,0,В размышлении
msg-08104,17103,CONTEXT_ONLY,CONTEXT_ONLY,False,0,понял
msg-08105,17102,CONTEXT_ONLY,CONTEXT_ONLY,False,0,Это хуево
msg-08107,17100,CONTEXT_ONLY,CONTEXT_ONLY,False,0,Допилил мб и выложил
msg-08108,17099,CONTEXT_ONLY,CONTEXT_ONLY,False,0,Дохуя прокси опенсорс
msg-08109,17098,CONTEXT_ONLY,CONTEXT_ONLY,False,0,Ну прокси
msg-08110,17097,CONTEXT_ONLY,CONTEXT_ONLY,False,0,Че как
msg-08111,17096,CONTEXT_ONLY,CONTEXT_ONLY,False,0,жто в апи сделать
msg-08112,17095,CONTEXT_ONLY,CONTEXT_ONLY,False,0,Тип
msg-08113,17094,CONTEXT_ONLY,CONTEXT_ONLY,False,0,а как
msg-08118,17090,CONTEXT_ONLY,CONTEXT_ONLY,False,0,А thinking есть был?
msg-08121,17087,CONTEXT_ONLY,CONTEXT_ONLY,False,0,И thinking юзает ли???
msg-08123,17085,CONTEXT_ONLY,CONTEXT_ONLY,False,0,чет такое
msg-08125,17083,CONTEXT_ONLY,CONTEXT_ONLY,False,0,или на 268
msg-08127,17081,CONTEXT_ONLY,CONTEXT_ONLY,False,0,А так утюг сказал что это киро
msg-08130,17078,CONTEXT_ONLY,CONTEXT_ONLY,False,0,Ну это киро
msg-08132,17077,CONTEXT_ONLY,CONTEXT_ONLY,False,0,что
msg-08134,16982,CONTEXT_ONLY,CONTEXT_ONLY,False,0,мне для друга
msg-08135,16981,CONTEXT_ONLY,CONTEXT_ONLY,False,0,"как найдёте, скиньте"
msg-08141,16938,CONTEXT_ONLY,CONTEXT_ONLY,False,0,ресет подвезли)
msg-08142,17063,CONTEXT_ONLY,CONTEXT_ONLY,False,0,болванище
msg-08152,16922,CONTEXT_ONLY,CONTEXT_ONLY,False,0,Слушай
msg-08157,17057,CONTEXT_ONLY,CONTEXT_ONLY,False,0,ну ты машина
msg-08158,16954,CONTEXT_ONLY,CONTEXT_ONLY,False,0,qwin 3.7 max
msg-08169,17051,CONTEXT_ONLY,CONTEXT_ONLY,False,0,добавление плейлистов починил
msg-08173,17047,CONTEXT_ONLY,CONTEXT_ONLY,False,0,криво матчим строки
msg-08174,17046,CONTEXT_ONLY,CONTEXT_ONLY,False,0,что есть в либе
msg-08175,17045,CONTEXT_ONLY,CONTEXT_ONLY,False,0,что я гружу
msg-08179,16951,CONTEXT_ONLY,CONTEXT_ONLY,False,0,Еще чуточку и намайним
msg-08182,17040,CONTEXT_ONLY,CONTEXT_ONLY,False,0,Это ещё много)
msg-08183,17039,CONTEXT_ONLY,CONTEXT_ONLY,False,0,4 из 460 xD
msg-08185,16937,CONTEXT_ONLY,CONTEXT_ONLY,False,0,нужно добавить в ишью
msg-08190,16948,REJECT_SAFE,ATTACH_AS_CORROBORATING_EVIDENCE,False,0,такое предупреждение вылезает
msg-08191,17036,CONTEXT_ONLY,ATTACH_AS_CORROBORATING_EVIDENCE,False,0,пушка
msg-08192,17035,CONTEXT_ONLY,CONTEXT_ONLY,False,0,любое музло
msg-08193,17034,CONTEXT_ONLY,ATTACH_AS_CORROBORATING_EVIDENCE,False,0,для всех ценителей
msg-08194,17033,CONTEXT_ONLY,ATTACH_AS_CORROBORATING_EVIDENCE,False,0,"а, это для рф ценителей"
msg-08195,17032,CONTEXT_ONLY,CONTEXT_ONLY,False,0,и не оч безопасно
msg-08196,17031,CONTEXT_ONLY,ATTACH_AS_CORROBORATING_EVIDENCE,False,0,это надо ебаться с сессиями
msg-08198,17029,NEEDS_ENRICHMENT,CONTEXT_ONLY,False,1,https://bratan-music.eu.cc
msg-08199,17028,CONTEXT_ONLY,CONTEXT_ONLY,False,0,там любой музика сервис
msg-08200,17027,NEEDS_ENRICHMENT,CONTEXT_ONLY,False,1,через https://www.tunemymusic.com/ru
msg-08201,17026,CONTEXT_ONLY,ATTACH_AS_CORROBORATING_EVIDENCE,False,0,интерксно звучит
msg-08202,17025,CONTEXT_ONLY,CONTEXT_ONLY,False,0,как податься в эту штуку
msg-08207,16973,CONTEXT_ONLY,CONTEXT_ONLY,False,0,это какой ?
msg-08209,16934,CONTEXT_ONLY,CONTEXT_ONLY,False,0,монетизация прет прям
msg-08211,17020,CONTEXT_ONLY,ATTACH_AS_CORROBORATING_EVIDENCE,False,0,импорт музыки есть
msg-08212,17019,CONTEXT_ONLY,CONTEXT_ONLY,False,0,фиксанул
msg-08216,17014,CONTEXT_ONLY,CONTEXT_ONLY,False,0,bratan-music.eu.cc
msg-08225,16933,CONTEXT_ONLY,CONTEXT_ONLY,False,0,Вершина возможностей вайбкодинга 😂
msg-08226,16970,CONTEXT_ONLY,CONTEXT_ONLY,False,0,Даже так
msg-08227,16969,CONTEXT_ONLY,CONTEXT_ONLY,False,0,Ого
msg-08230,16966,CONTEXT_ONLY,CONTEXT_ONLY,False,0,Куплю его
msg-08231,16965,CONTEXT_ONLY,CONTEXT_ONLY,False,0,Окей
msg-08232,17007,CONTEXT_ONLY,CONTEXT_ONLY,False,0,Поэтому надо на гитхабе
msg-08233,17006,CONTEXT_ONLY,CONTEXT_ONLY,False,0,ладно пох
msg-08236,17002,CONTEXT_ONLY,CONTEXT_ONLY,False,0,сгенерил нормально
msg-08237,17000,CONTEXT_ONLY,CONTEXT_ONLY,False,0,Да
msg-08238,16999,CONTEXT_ONLY,CONTEXT_ONLY,False,0,впн включен?
msg-08243,16920,CONTEXT_ONLY,CONTEXT_ONLY,False,0,Там вини один и играет
msg-08245,16919,CONTEXT_ONLY,CONTEXT_ONLY,False,0,По два гола
msg-08248,16915,CONTEXT_ONLY,CONTEXT_ONLY,False,0,Ой тм
msg-08250,16913,CONTEXT_ONLY,CONTEXT_ONLY,False,0,Буде
msg-08252,16911,CONTEXT_ONLY,CONTEXT_ONLY,False,0,Да как будто не будет
msg-08253,16910,CONTEXT_ONLY,CONTEXT_ONLY,False,0,На брз и япо
msg-08254,16909,CONTEXT_ONLY,CONTEXT_ONLY,False,0,Тб 3.5 бери
msg-08255,16907,CONTEXT_ONLY,CONTEXT_ONLY,False,0,Я люблю тебя
msg-08256,16906,CONTEXT_ONLY,CONTEXT_ONLY,False,0,Отдушмнский
msg-08257,16905,CONTEXT_ONLY,CONTEXT_ONLY,False,0,"Вай ,нихуя себе"
msg-08259,16903,CONTEXT_ONLY,CONTEXT_ONLY,False,0,да
msg-08260,16901,CONTEXT_ONLY,CONTEXT_ONLY,False,0,наш сайт голодный
msg-08261,16900,CONTEXT_ONLY,CONTEXT_ONLY,False,0,Вайбкод) Уже готвоим рефреш
msg-08262,16899,CONTEXT_ONLY,CONTEXT_ONLY,False,0,Но мне мало
msg-08263,16898,CONTEXT_ONLY,CONTEXT_ONLY,False,0,Канада накормила
msg-08266,16896,CONTEXT_ONLY,CONTEXT_ONLY,False,0,Короче похуй
msg-08267,16895,CONTEXT_ONLY,CONTEXT_ONLY,False,0,Бля да
msg-08268,16894,CONTEXT_ONLY,CONTEXT_ONLY,False,0,А
msg-08269,16892,CONTEXT_ONLY,CONTEXT_ONLY,False,0,И немцы с Парагваем
msg-08270,16891,CONTEXT_ONLY,CONTEXT_ONLY,False,0,Там Бразилия с Японией брат
msg-08271,16890,CONTEXT_ONLY,CONTEXT_ONLY,False,0,Оз 1.5 тб
msg-08273,16888,CONTEXT_ONLY,CONTEXT_ONLY,False,0,Брз и гер?
msg-08275,16886,CONTEXT_ONLY,CONTEXT_ONLY,False,0,Железно как будто
msg-08276,16885,CONTEXT_ONLY,CONTEXT_ONLY,False,0,И немцы
msg-08277,16884,CONTEXT_ONLY,CONTEXT_ONLY,False,0,Завтра Бразилия с форой
msg-08278,16883,CONTEXT_ONLY,CONTEXT_ONLY,False,0,Ставочники
msg-08279,16882,CONTEXT_ONLY,CONTEXT_ONLY,False,0,Конго берите
msg-08280,16881,CONTEXT_ONLY,CONTEXT_ONLY,False,0,Вот она магия OpenAI)
msg-08283,16877,CONTEXT_ONLY,CONTEXT_ONLY,False,0,тут
msg-08284,16876,CONTEXT_ONLY,CONTEXT_ONLY,False,0,Тож есть там
msg-08285,16875,CONTEXT_ONLY,CONTEXT_ONLY,False,0,"А,ты у 47 в чата"
msg-08287,16665,CONTEXT_ONLY,CONTEXT_ONLY,False,0,Конго?
msg-08290,16869,CONTEXT_ONLY,CONTEXT_ONLY,False,0,/start
msg-08291,16868,CONTEXT_ONLY,CONTEXT_ONLY,False,0,красава
msg-08292,16867,CONTEXT_ONLY,CONTEXT_ONLY,False,0,"все, делай, нормально же"
msg-08294,16865,CONTEXT_ONLY,CONTEXT_ONLY,False,0,а ты просто общаешься?
msg-08296,16864,CONTEXT_ONLY,CONTEXT_ONLY,False,0,Сего
msg-08297,16863,CONTEXT_ONLY,CONTEXT_ONLY,False,0,хорош брат
msg-08298,16862,CONTEXT_ONLY,CONTEXT_ONLY,False,0,да я уже сижу в аухе
msg-08299,16861,CONTEXT_ONLY,CONTEXT_ONLY,False,0,"Видишь, расту"
msg-08300,16860,CONTEXT_ONLY,CONTEXT_ONLY,False,0,Тренюсь
msg-08301,16859,CONTEXT_ONLY,CONTEXT_ONLY,False,0,И у них тг стрельнул
msg-08302,16664,CONTEXT_ONLY,CONTEXT_ONLY,False,0,Дома пк стоит
msg-08303,16858,CONTEXT_ONLY,CONTEXT_ONLY,False,0,та завтра в дс
msg-08304,16857,CONTEXT_ONLY,CONTEXT_ONLY,False,0,На конкурсе
msg-08305,16856,CONTEXT_ONLY,CONTEXT_ONLY,False,0,спокойной
msg-08306,16855,CONTEXT_ONLY,CONTEXT_ONLY,False,0,Были в одной тиме
msg-08308,16853,CONTEXT_ONLY,CONTEXT_ONLY,False,0,про пацана и 2 девочек
msg-08309,16852,CONTEXT_ONLY,CONTEXT_ONLY,False,0,а ты к чему
msg-08310,16851,CONTEXT_ONLY,CONTEXT_ONLY,False,0,Ради интереса тогда
msg-08311,16850,CONTEXT_ONLY,CONTEXT_ONLY,False,0,Ну я так
msg-08312,16849,CONTEXT_ONLY,CONTEXT_ONLY,False,0,Пон
msg-08313,16848,CONTEXT_ONLY,CONTEXT_ONLY,False,0,Ааа
msg-08314,16847,CONTEXT_ONLY,CONTEXT_ONLY,False,0,ты к которой ездил
msg-08315,16846,CONTEXT_ONLY,CONTEXT_ONLY,False,0,мелкая
msg-08316,16845,CONTEXT_ONLY,CONTEXT_ONLY,False,0,ну девка помнишь
msg-08318,16843,CONTEXT_ONLY,CONTEXT_ONLY,False,0,к чему ты?
msg-08320,16841,CONTEXT_ONLY,CONTEXT_ONLY,False,0,так норм
msg-08321,16840,CONTEXT_ONLY,CONTEXT_ONLY,False,0,а
msg-08322,16839,CONTEXT_ONLY,CONTEXT_ONLY,False,0,Челу 17
msg-08323,16838,CONTEXT_ONLY,CONTEXT_ONLY,False,0,Общ
msg-08324,16837,CONTEXT_ONLY,CONTEXT_ONLY,False,0,Я не встречаться
msg-08325,16836,CONTEXT_ONLY,CONTEXT_ONLY,False,0,Какого
msg-08326,16835,CONTEXT_ONLY,CONTEXT_ONLY,False,0,И че
msg-08327,16833,CONTEXT_ONLY,CONTEXT_ONLY,False,0,оч много
msg-08328,16832,CONTEXT_ONLY,CONTEXT_ONLY,False,0,парню 18-19-20
msg-08331,16829,CONTEXT_ONLY,CONTEXT_ONLY,False,0,давай так
msg-08332,16828,CONTEXT_ONLY,CONTEXT_ONLY,False,0,тебе сколько?
msg-08333,16827,CONTEXT_ONLY,CONTEXT_ONLY,False,0,нух з
msg-08336,16824,CONTEXT_ONLY,CONTEXT_ONLY,False,0,Команде
msg-08337,16823,CONTEXT_ONLY,CONTEXT_ONLY,False,0,Мы в Тиме были
msg-08338,16822,CONTEXT_ONLY,CONTEXT_ONLY,False,0,бля
msg-08339,16821,CONTEXT_ONLY,CONTEXT_ONLY,False,0,она шлюха?
msg-08341,16819,CONTEXT_ONLY,CONTEXT_ONLY,False,0,У пацана стрельнул тг
msg-08342,16818,CONTEXT_ONLY,CONTEXT_ONLY,False,0,давай
msg-08343,16817,CONTEXT_ONLY,CONTEXT_ONLY,False,0,Ты не удивишьсч
msg-08344,16816,CONTEXT_ONLY,CONTEXT_ONLY,False,0,Но
msg-08345,16815,CONTEXT_ONLY,CONTEXT_ONLY,False,0,нет такого?
msg-08346,16814,CONTEXT_ONLY,CONTEXT_ONLY,False,0,да
msg-08347,16813,CONTEXT_ONLY,CONTEXT_ONLY,False,0,Она
msg-08348,16812,CONTEXT_ONLY,CONTEXT_ONLY,False,0,а мб она стесняется просто
msg-08349,16811,CONTEXT_ONLY,CONTEXT_ONLY,False,0,она типа?
msg-08350,16809,CONTEXT_ONLY,CONTEXT_ONLY,False,0,пошла нахер
msg-08351,16808,CONTEXT_ONLY,CONTEXT_ONLY,False,0,та пох
msg-08352,16807,CONTEXT_ONLY,CONTEXT_ONLY,False,0,рил шалава
msg-08353,16806,CONTEXT_ONLY,CONTEXT_ONLY,False,0,или что она?
msg-08355,16804,CONTEXT_ONLY,CONTEXT_ONLY,False,0,та пох
msg-08356,16803,CONTEXT_ONLY,CONTEXT_ONLY,False,0,конченная
msg-08359,16440,CONTEXT_ONLY,CONTEXT_ONLY,False,0,мне тоже пожалуйста)
msg-08361,16524,CONTEXT_ONLY,CONTEXT_ONLY,False,0,"Ждем 5.6, когда выйдет?"
msg-08362,16439,CONTEXT_ONLY,CONTEXT_ONLY,False,0,Спасибо 💖
msg-08363,16438,CONTEXT_ONLY,CONTEXT_ONLY,False,0,Готово
msg-08364,16801,CONTEXT_ONLY,CONTEXT_ONLY,False,0,Пиши
msg-08366,16437,CONTEXT_ONLY,CONTEXT_ONLY,False,0,Можно в личку картинку?
msg-08368,16399,CONTEXT_ONLY,CONTEXT_ONLY,False,0,\
msg-08370,16522,CONTEXT_ONLY,CONTEXT_ONLY,False,0,мне опус нужен
msg-08372,16520,CONTEXT_ONLY,CONTEXT_ONLY,False,0,дак уже
msg-08374,16799,CONTEXT_ONLY,CONTEXT_ONLY,False,0,и оттуда?
msg-08375,16798,CONTEXT_ONLY,CONTEXT_ONLY,False,0,мб канал создать?
msg-08376,16796,CONTEXT_ONLY,CONTEXT_ONLY,False,0,емае
msg-08377,16795,CONTEXT_ONLY,CONTEXT_ONLY,False,0,как же повезло тебе
msg-08378,16794,CONTEXT_ONLY,CONTEXT_ONLY,False,0,бля
msg-08386,16792,CONTEXT_ONLY,CONTEXT_ONLY,False,0,Понял
msg-08387,16791,CONTEXT_ONLY,CONTEXT_ONLY,False,0,"да, там надо быть гражданином израиля"
msg-08388,16790,CONTEXT_ONLY,CONTEXT_ONLY,False,0,?*
msg-08390,16788,CONTEXT_ONLY,CONTEXT_ONLY,False,0,Слушай
msg-08391,16662,CONTEXT_ONLY,CONTEXT_ONLY,False,0,С чего бы?
msg-08394,16787,CONTEXT_ONLY,CONTEXT_ONLY,False,0,хахахаахахахаххахах
msg-08396,16784,CONTEXT_ONLY,CONTEXT_ONLY,False,0,ща
msg-08397,16783,CONTEXT_ONLY,CONTEXT_ONLY,False,0,Из какого они города?
msg-08398,16782,CONTEXT_ONLY,CONTEXT_ONLY,False,0,от души
msg-08399,16781,CONTEXT_ONLY,CONTEXT_ONLY,False,0,Сейчас напишу ему
msg-08400,16780,CONTEXT_ONLY,CONTEXT_ONLY,False,0,У меня есть один друг
msg-08405,16775,CONTEXT_ONLY,CONTEXT_ONLY,False,0,Газ
msg-08407,16773,CONTEXT_ONLY,CONTEXT_ONLY,False,0,"И че в планах, в суд?"
msg-08408,16772,CONTEXT_ONLY,CONTEXT_ONLY,False,0,.
msg-08411,16769,CONTEXT_ONLY,CONTEXT_ONLY,False,0,так этот конч и тут спиздел
msg-08413,16767,CONTEXT_ONLY,CONTEXT_ONLY,False,0,Прошу прощения.
msg-08414,16766,CONTEXT_ONLY,CONTEXT_ONLY,False,0,Спасибо 🙏🏻
msg-08416,16764,CONTEXT_ONLY,CONTEXT_ONLY,False,0,Они уже приняты
msg-08417,16763,CONTEXT_ONLY,CONTEXT_ONLY,False,0,Все меры будут приняты
msg-08418,16762,CONTEXT_ONLY,CONTEXT_ONLY,False,0,Я всё уже знаю и всё получил.
msg-08419,16761,CONTEXT_ONLY,CONTEXT_ONLY,False,0,Спасибо за адекватность
msg-08420,16760,CONTEXT_ONLY,CONTEXT_ONLY,False,0,Адам привет
msg-08423,16757,CONTEXT_ONLY,CONTEXT_ONLY,False,0,Давай
msg-08424,16756,CONTEXT_ONLY,CONTEXT_ONLY,False,0,ща смотри
msg-08425,16755,CONTEXT_ONLY,CONTEXT_ONLY,False,0,он пиздабол
msg-08426,16754,CONTEXT_ONLY,CONTEXT_ONLY,False,0,просто понять
msg-08428,16752,CONTEXT_ONLY,CONTEXT_ONLY,False,0,да
msg-08429,16751,CONTEXT_ONLY,CONTEXT_ONLY,False,1,@newtopiko
msg-08430,16750,CONTEXT_ONLY,CONTEXT_ONLY,False,0,Он отвечает?
msg-08431,16749,CONTEXT_ONLY,CONTEXT_ONLY,False,0,на
msg-08432,16748,CONTEXT_ONLY,CONTEXT_ONLY,False,0,"а, так без б"
msg-08433,16747,CONTEXT_ONLY,CONTEXT_ONLY,False,0,С хуесосом
msg-08434,16746,CONTEXT_ONLY,CONTEXT_ONLY,False,0,мы звонили
msg-08435,16745,CONTEXT_ONLY,CONTEXT_ONLY,False,0,Я бы с ним побазарил
msg-08436,16744,CONTEXT_ONLY,CONTEXT_ONLY,False,0,Отцу то
msg-08438,16742,CONTEXT_ONLY,CONTEXT_ONLY,False,0,Слушай
msg-08439,16372,CONTEXT_ONLY,CONTEXT_ONLY,False,0,ахуеть
msg-08440,16518,CONTEXT_ONLY,CONTEXT_ONLY,False,0,"22к запросов, нормально"
msg-08442,16740,CONTEXT_ONLY,CONTEXT_ONLY,False,0,"нет, это его акки"
msg-08443,16739,CONTEXT_ONLY,CONTEXT_ONLY,False,0,эт скам?
msg-08445,16737,CONTEXT_ONLY,CONTEXT_ONLY,False,0,да
msg-08447,16735,CONTEXT_ONLY,CONTEXT_ONLY,False,0,кнш
msg-08450,16732,CONTEXT_ONLY,CONTEXT_ONLY,False,0,кстати у меня небольшой вопрос
msg-08451,16516,CONTEXT_ONLY,CONTEXT_ONLY,False,0,прижимает
msg-08452,16515,CONTEXT_ONLY,CONTEXT_ONLY,False,0,да скорее сша
msg-08454,16731,CONTEXT_ONLY,CONTEXT_ONLY,False,0,спасибо
msg-08455,16730,CONTEXT_ONLY,CONTEXT_ONLY,False,0,понял
msg-08457,16728,CONTEXT_ONLY,CONTEXT_ONLY,False,0,который спокойно поднимается
msg-08459,16726,CONTEXT_ONLY,CONTEXT_ONLY,False,0,это почта и сайт
msg-08462,16723,CONTEXT_ONLY,CONTEXT_ONLY,False,0,и тд
msg-08466,16719,CONTEXT_ONLY,CONTEXT_ONLY,False,0,и все
msg-08469,16716,CONTEXT_ONLY,CONTEXT_ONLY,False,0,считай
msg-08470,16715,CONTEXT_ONLY,CONTEXT_ONLY,False,0,свой mail.tm
msg-08471,16714,CONTEXT_ONLY,CONTEXT_ONLY,False,0,чисто для себя
msg-08472,16713,CONTEXT_ONLY,CONTEXT_ONLY,False,0,вот и считай
msg-08473,16712,CONTEXT_ONLY,CONTEXT_ONLY,False,0,не
msg-08475,16710,CONTEXT_ONLY,CONTEXT_ONLY,False,0,прошек
msg-08477,16708,CONTEXT_ONLY,CONTEXT_ONLY,False,0,??
msg-08479,16706,CONTEXT_ONLY,CONTEXT_ONLY,False,0,или ты не в курсе?
msg-08480,16705,CONTEXT_ONLY,CONTEXT_ONLY,False,0,только чисто для себя
msg-08482,16703,CONTEXT_ONLY,CONTEXT_ONLY,False,0,понял
msg-08484,16701,CONTEXT_ONLY,CONTEXT_ONLY,False,0,или в ждулях даже
msg-08485,16700,CONTEXT_ONLY,CONTEXT_ONLY,False,0,а щас че?
msg-08486,16699,CONTEXT_ONLY,CONTEXT_ONLY,False,0,я не подписан
msg-08487,16698,CONTEXT_ONLY,CONTEXT_ONLY,False,0,неа
msg-08488,16697,CONTEXT_ONLY,CONTEXT_ONLY,False,0,ты не видел?
msg-08494,16691,CONTEXT_ONLY,ATTACH_AS_CORROBORATING_EVIDENCE,False,0,и тд
msg-08495,16690,CONTEXT_ONLY,ATTACH_AS_CORROBORATING_EVIDENCE,False,0,что он кидает всех
msg-08497,16688,CONTEXT_ONLY,ATTACH_AS_CORROBORATING_EVIDENCE,False,0,API рабочее
msg-08498,16687,CONTEXT_ONLY,ATTACH_AS_CORROBORATING_EVIDENCE,False,0,а что он сделал
msg-08499,16686,CONTEXT_ONLY,ATTACH_AS_CORROBORATING_EVIDENCE,False,0,я это понял
msg-08502,16683,CONTEXT_ONLY,ATTACH_AS_CORROBORATING_EVIDENCE,False,0,случилось можно в кратце?
msg-08503,16682,CONTEXT_ONLY,ATTACH_AS_CORROBORATING_EVIDENCE,False,0,а что
msg-08505,16385,CONTEXT_ONLY,CONTEXT_ONLY,False,0,Добро
msg-08508,16382,CONTEXT_ONLY,CONTEXT_ONLY,False,0,че например
msg-08510,16380,CONTEXT_ONLY,CONTEXT_ONLY,False,0,а чё так
msg-08519,16678,CONTEXT_ONLY,CONTEXT_ONLY,False,0,Прошу прощения.
msg-08520,16677,CONTEXT_ONLY,CONTEXT_ONLY,False,0,Спасибо 🙏🏻
msg-08522,16675,CONTEXT_ONLY,CONTEXT_ONLY,False,0,Они уже приняты
msg-08523,16674,CONTEXT_ONLY,CONTEXT_ONLY,False,0,Все меры будут приняты
msg-08524,16673,CONTEXT_ONLY,CONTEXT_ONLY,False,0,Я всё уже знаю и всё получил.
msg-08525,16672,CONTEXT_ONLY,CONTEXT_ONLY,False,0,Спасибо за адекватность
msg-08526,16671,CONTEXT_ONLY,CONTEXT_ONLY,False,0,Адам привет
msg-08532,16667,CONTEXT_ONLY,CONTEXT_ONLY,False,0,21671
msg-08533,16661,CONTEXT_ONLY,CONTEXT_ONLY,False,0,спасибо!
msg-08534,16660,CONTEXT_ONLY,CONTEXT_ONLY,False,0,успехов вам
msg-08535,16659,CONTEXT_ONLY,CONTEXT_ONLY,False,0,но понимаю
msg-08536,16658,CONTEXT_ONLY,CONTEXT_ONLY,False,0,грустно
msg-08538,16656,CONTEXT_ONLY,CONTEXT_ONLY,False,0,а еще ребята против к сожалению
msg-08539,16655,CONTEXT_ONLY,CONTEXT_ONLY,False,0,он их игнорит
msg-08540,16654,CONTEXT_ONLY,CONTEXT_ONLY,False,0,та да
msg-08546,16649,CONTEXT_ONLY,CONTEXT_ONLY,False,0,ща спросил у ребят
msg-08548,16647,CONTEXT_ONLY,CONTEXT_ONLY,False,0,факты
msg-08551,16644,CONTEXT_ONLY,CONTEXT_ONLY,False,0,ахаха
msg-08552,16643,CONTEXT_ONLY,CONTEXT_ONLY,False,0,НИХУЧ СЕБЕ
msg-08554,16641,CONTEXT_ONLY,CONTEXT_ONLY,False,0,там много
msg-08556,16639,CONTEXT_ONLY,CONTEXT_ONLY,False,0,Сумма какая сейчас?
msg-08558,16636,CONTEXT_ONLY,CONTEXT_ONLY,False,0,Держи два чека
msg-08561,16633,CONTEXT_ONLY,CONTEXT_ONLY,False,0,окак
msg-08562,16632,CONTEXT_ONLY,CONTEXT_ONLY,False,0,спасибо!
msg-08563,16630,CONTEXT_ONLY,CONTEXT_ONLY,False,0,Держи два чека
msg-08566,16627,CONTEXT_ONLY,CONTEXT_ONLY,False,0,группа миро итд
msg-08567,16626,CONTEXT_ONLY,CONTEXT_ONLY,False,0,да
msg-08568,16625,CONTEXT_ONLY,CONTEXT_ONLY,False,0,там прям много материала
msg-08569,16624,CONTEXT_ONLY,CONTEXT_ONLY,False,0,вроде
msg-08571,16622,CONTEXT_ONLY,CONTEXT_ONLY,False,0,а как?
msg-08572,16621,CONTEXT_ONLY,CONTEXT_ONLY,False,0,да
msg-08573,16620,CONTEXT_ONLY,CONTEXT_ONLY,False,0,а нихуя себе
msg-08577,16616,CONTEXT_ONLY,CONTEXT_ONLY,False,0,как у вас успехи с утюгом?
msg-08578,16615,CONTEXT_ONLY,CONTEXT_ONLY,False,0,привет
msg-08580,16613,CONTEXT_ONLY,CONTEXT_ONLY,False,0,окей
msg-08581,16612,CONTEXT_ONLY,CONTEXT_ONLY,False,0,и норм
msg-08582,16611,CONTEXT_ONLY,CONTEXT_ONLY,False,0,окей
msg-08583,16610,CONTEXT_ONLY,CONTEXT_ONLY,False,0,"да, думаю"
msg-08584,16609,CONTEXT_ONLY,CONTEXT_ONLY,False,0,с кб подойдут?
msg-08586,16607,CONTEXT_ONLY,CONTEXT_ONLY,False,0,и в кб оплаты
msg-08588,16605,CONTEXT_ONLY,CONTEXT_ONLY,False,0,"привет, есть чеки?"
msg-08589,16604,CONTEXT_ONLY,CONTEXT_ONLY,False,0,у папуса
msg-08590,16603,CONTEXT_ONLY,CONTEXT_ONLY,False,0,и донил
msg-08592,16601,CONTEXT_ONLY,CONTEXT_ONLY,False,0,привет
msg-08594,16600,CONTEXT_ONLY,CONTEXT_ONLY,False,0,из израиля
msg-08596,16596,CONTEXT_ONLY,CONTEXT_ONLY,False,0,спасибо!
msg-08602,16591,CONTEXT_ONLY,CONTEXT_ONLY,False,0,"ахаха, спасибо🤝"
msg-08603,16590,CONTEXT_ONLY,CONTEXT_ONLY,False,0,Вы сигмы
msg-08605,16588,CONTEXT_ONLY,CONTEXT_ONLY,False,0,"ну, они тоже с приколом)"
msg-08610,16583,CONTEXT_ONLY,CONTEXT_ONLY,False,0,Скинь фотку его
msg-08612,16581,CONTEXT_ONLY,CONTEXT_ONLY,False,0,Ну это пиздец конечно
msg-08613,16580,CONTEXT_ONLY,CONTEXT_ONLY,False,0,Мне Хайкел все рассказл
msg-08615,16578,CONTEXT_ONLY,CONTEXT_ONLY,False,0,спасибо
msg-08616,16445,CONTEXT_ONLY,CONTEXT_ONLY,False,0,Я предупреждал
msg-08618,16577,CONTEXT_ONLY,CONTEXT_ONLY,False,0,Легенда
msg-08620,16576,CONTEXT_ONLY,CONTEXT_ONLY,False,0,аххаха
msg-08621,16574,CONTEXT_ONLY,ATTACH_AS_CORROBORATING_EVIDENCE,False,1,@EineMensch
msg-08622,16573,CONTEXT_ONLY,ATTACH_AS_CORROBORATING_EVIDENCE,False,0,2 раза платил утюгу
msg-08631,16563,CONTEXT_ONLY,CONTEXT_ONLY,False,0,Да похуй
msg-08634,16560,CONTEXT_ONLY,CONTEXT_ONLY,False,0,Понял
msg-08635,16558,CONTEXT_ONLY,CONTEXT_ONLY,False,0,Спс
msg-08636,16557,CONTEXT_ONLY,CONTEXT_ONLY,False,1,@yutugnew
msg-08637,16556,CONTEXT_ONLY,CONTEXT_ONLY,False,0,ща
msg-08638,16555,CONTEXT_ONLY,CONTEXT_ONLY,False,0,утюга? да
msg-08640,16553,CONTEXT_ONLY,CONTEXT_ONLY,False,0,сыночка корзиночка
msg-08642,16551,CONTEXT_ONLY,CONTEXT_ONLY,False,0,Придурок нахуй
msg-08646,16547,CONTEXT_ONLY,CONTEXT_ONLY,False,0,у отца блог
msg-08647,16546,CONTEXT_ONLY,CONTEXT_ONLY,False,0,Или о чем речь
msg-08648,16545,CONTEXT_ONLY,CONTEXT_ONLY,False,0,У отца
msg-08650,16543,CONTEXT_ONLY,CONTEXT_ONLY,False,0,аахахахах
msg-08651,16542,CONTEXT_ONLY,CONTEXT_ONLY,False,0,Пидораса жирного
msg-08652,16541,CONTEXT_ONLY,CONTEXT_ONLY,False,0,+
msg-08653,16540,CONTEXT_ONLY,CONTEXT_ONLY,False,0,в тг 18к
msg-08655,16538,CONTEXT_ONLY,CONTEXT_ONLY,False,0,34к на ютубе
msg-08657,16536,CONTEXT_ONLY,CONTEXT_ONLY,False,0,конченный
msg-08659,16534,CONTEXT_ONLY,CONTEXT_ONLY,False,0,Бля авзхащывазх
msg-08660,16533,CONTEXT_ONLY,CONTEXT_ONLY,False,0,с одесы отец его
msg-08661,16531,CONTEXT_ONLY,CONTEXT_ONLY,False,0,он украинец если что
msg-08664,16527,CONTEXT_ONLY,CONTEXT_ONLY,False,0,Это паблик инфа?
msg-08665,16513,CONTEXT_ONLY,CONTEXT_ONLY,False,0,ага)
msg-08666,16512,CONTEXT_ONLY,CONTEXT_ONLY,False,0,jew
msg-08667,16511,CONTEXT_ONLY,CONTEXT_ONLY,False,0,с израиля он
msg-08669,16509,CONTEXT_ONLY,CONTEXT_ONLY,False,0,"Да, изучаю"
msg-08673,16505,CONTEXT_ONLY,CONTEXT_ONLY,False,0,но да
msg-08676,16502,CONTEXT_ONLY,CONTEXT_ONLY,False,0,Он ебанат?
msg-08677,16501,CONTEXT_ONLY,CONTEXT_ONLY,False,0,Бля
msg-08679,16499,CONTEXT_ONLY,CONTEXT_ONLY,False,0,"спасибо, парниша перегибает"
msg-08680,16498,CONTEXT_ONLY,CONTEXT_ONLY,False,0,плати маркет нет
msg-08682,16496,CONTEXT_ONLY,CONTEXT_ONLY,False,0,"действуй, верю в тебя, респектую"
msg-08683,16495,CONTEXT_ONLY,CONTEXT_ONLY,False,0,спасибо!
msg-08685,16492,CONTEXT_ONLY,CONTEXT_ONLY,False,0,ку
msg-08687,16490,CONTEXT_ONLY,CONTEXT_ONLY,False,0,Ты слава мерлоу?
msg-08690,16487,CONTEXT_ONLY,CONTEXT_ONLY,False,0,А кто его отец?
msg-08691,16484,CONTEXT_ONLY,CONTEXT_ONLY,False,0,пока 1 только прислал
msg-08693,16480,CONTEXT_ONLY,CONTEXT_ONLY,False,0,спасибо!
msg-08696,16476,CONTEXT_ONLY,CONTEXT_ONLY,False,0,и свои я приложу
msg-08700,16472,CONTEXT_ONLY,CONTEXT_ONLY,False,0,ну)
msg-08701,16469,CONTEXT_ONLY,ATTACH_AS_CORROBORATING_EVIDENCE,False,0,можешь у него спросить
msg-08703,16466,CONTEXT_ONLY,CONTEXT_ONLY,False,0,А что это даст
msg-08714,16450,CONTEXT_ONLY,CONTEXT_ONLY,False,1,@Jabkins
msg-08718,16446,CONTEXT_ONLY,ATTACH_AS_CORROBORATING_EVIDENCE,False,0,"ща, секунду)"
msg-08719,16422,CONTEXT_ONLY,ATTACH_AS_CORROBORATING_EVIDENCE,False,0,В общем всю инфу
msg-08720,16421,CONTEXT_ONLY,ATTACH_AS_CORROBORATING_EVIDENCE,False,0,Что это его родители и тд
msg-08721,16420,CONTEXT_ONLY,CONTEXT_ONLY,False,0,мое по сбп
msg-08722,16419,CONTEXT_ONLY,ATTACH_AS_CORROBORATING_EVIDENCE,False,0,родителей имена фотки
msg-08723,16418,CONTEXT_ONLY,ATTACH_AS_CORROBORATING_EVIDENCE,False,0,"его имя, фотки"
msg-08725,16414,CONTEXT_ONLY,CONTEXT_ONLY,False,0,да
msg-08729,16411,CONTEXT_ONLY,CONTEXT_ONLY,False,0,Привет!
msg-08730,16371,CONTEXT_ONLY,CONTEXT_ONLY,False,0,скинь почту в личку
msg-08731,16370,CONTEXT_ONLY,CONTEXT_ONLY,False,0,смотрю
msg-08734,16430,CONTEXT_ONLY,CONTEXT_ONLY,False,0,Аа
msg-08741,16425,CONTEXT_ONLY,CONTEXT_ONLY,False,0,И что заставляет продлевать
msg-08744,16369,CONTEXT_ONLY,CONTEXT_ONLY,False,0,У меня все супер
msg-08747,16365,CONTEXT_ONLY,CONTEXT_ONLY,False,0,/start
msg-08754,16364,CONTEXT_ONLY,CONTEXT_ONLY,False,0,Если что)
msg-08760,16358,CONTEXT_ONLY,CONTEXT_ONLY,False,0,Охуенно звучит
msg-08766,16352,CONTEXT_ONLY,CONTEXT_ONLY,False,0,"Труднее, но можешь"
msg-08771,16347,NEEDS_ENRICHMENT,CONTEXT_ONLY,False,1,https://vt.tiktok.com/ZSCS3TEdn/
msg-08777,16342,CONTEXT_ONLY,CONTEXT_ONLY,False,0,Это на сервере настраивается
msg-08786,16330,CONTEXT_ONLY,CONTEXT_ONLY,False,0,"В IT, если ПМИ"
msg-08789,16327,CONTEXT_ONLY,CONTEXT_ONLY,False,0,а так да
msg-08796,16320,CONTEXT_ONLY,CONTEXT_ONLY,False,0,Я к тому что в целом - можно с шараги
msg-08797,16318,CONTEXT_ONLY,CONTEXT_ONLY,False,0,или там в банках и прочем
msg-08800,16315,CONTEXT_ONLY,CONTEXT_ONLY,False,0,не
msg-08802,16313,CONTEXT_ONLY,CONTEXT_ONLY,False,0,Без вышки
msg-08803,16312,CONTEXT_ONLY,CONTEXT_ONLY,False,0,Тоже правда
msg-08804,16311,CONTEXT_ONLY,CONTEXT_ONLY,False,0,Юристом можно выйти с шараги
msg-08805,16310,CONTEXT_ONLY,ATTACH_AS_CORROBORATING_EVIDENCE,False,0,Сделать форк?
msg-08809,16306,CONTEXT_ONLY,CONTEXT_ONLY,False,0,Ради каких цифр
msg-08810,16305,CONTEXT_ONLY,CONTEXT_ONLY,False,0,типо юриспруденции я хз
msg-08816,16299,CONTEXT_ONLY,CONTEXT_ONLY,False,0,Думайте
msg-08818,16297,CONTEXT_ONLY,CONTEXT_ONLY,False,0,Зависит от профессии
msg-08819,16296,CONTEXT_ONLY,CONTEXT_ONLY,False,0,Плюсую
msg-08821,16294,CONTEXT_ONLY,CONTEXT_ONLY,False,0,Хочу магистратуру
msg-08830,16285,CONTEXT_ONLY,ATTACH_AS_CORROBORATING_EVIDENCE,False,0,Увеличить таймауты
msg-08835,16280,CONTEXT_ONLY,CONTEXT_ONLY,False,0,и мне дайте знать🌚
msg-08840,16274,CONTEXT_ONLY,CONTEXT_ONLY,False,0,Яндекс метрика
msg-08843,16271,CONTEXT_ONLY,CONTEXT_ONLY,False,0,В любом топе так
msg-08846,16269,CONTEXT_ONLY,CONTEXT_ONLY,False,0,А че за вуз
msg-08852,16262,NEEDS_ENRICHMENT,CONTEXT_ONLY,False,1,http://github.com/tinyhumansai/OpenHuman
msg-08855,16256,CONTEXT_ONLY,ATTACH_AS_CORROBORATING_EVIDENCE,False,0,Кто уже опробовал опенхумана?
msg-08857,16257,CONTEXT_ONLY,CONTEXT_ONLY,False,0,Раз такое выписывает
msg-08862,16252,CONTEXT_ONLY,CONTEXT_ONLY,False,0,Здарова братки
msg-08865,16249,CONTEXT_ONLY,CONTEXT_ONLY,False,0,Ебанные тайм коды
msg-08871,16243,CONTEXT_ONLY,CONTEXT_ONLY,False,0,Нет ничего невозможного
msg-08872,16242,CONTEXT_ONLY,CONTEXT_ONLY,False,0,Это не призыв!
msg-08873,16241,CONTEXT_ONLY,CONTEXT_ONLY,False,0,Гпт сложно джейлнуть
msg-08875,16239,CONTEXT_ONLY,CONTEXT_ONLY,False,0,Ну ебаный шашлык
msg-08876,16236,CONTEXT_ONLY,CONTEXT_ONLY,False,0,Кто-то джелбрейкает?
msg-08877,16238,CONTEXT_ONLY,CONTEXT_ONLY,False,0,Бля Вадим
msg-08878,16237,CONTEXT_ONLY,CONTEXT_ONLY,False,0,ывазыхаыахы
msg-08880,16234,CONTEXT_ONLY,CONTEXT_ONLY,False,0,Не спасло
msg-08886,16228,CONTEXT_ONLY,CONTEXT_ONLY,False,0,А пересдать никак что ли?
msg-08888,16226,CONTEXT_ONLY,CONTEXT_ONLY,False,0,Ох и ебун дурной
msg-08890,16224,CONTEXT_ONLY,CONTEXT_ONLY,False,0,госу
msg-08893,16220,CONTEXT_ONLY,CONTEXT_ONLY,False,0,НЕТ КОНФЕТКИ
msg-08894,16219,CONTEXT_ONLY,CONTEXT_ONLY,False,0,НЕТУ РУЧЕК
msg-08895,16218,CONTEXT_ONLY,CONTEXT_ONLY,False,0,В голосину с песенки
msg-08899,16214,CONTEXT_ONLY,CONTEXT_ONLY,False,0,Лютор легенда
msg-08900,16213,CONTEXT_ONLY,CONTEXT_ONLY,False,0,Да. И это -скорость
msg-08901,16212,CONTEXT_ONLY,CONTEXT_ONLY,False,0,и получить флаг
msg-08905,16208,CONTEXT_ONLY,CONTEXT_ONLY,False,0,Чето отлетел кто-то? )
msg-08911,16200,CONTEXT_ONLY,CONTEXT_ONLY,False,0,/start
msg-08915,16196,CONTEXT_ONLY,CONTEXT_ONLY,False,0,ㅤ⏳ Вычисляю...[id92324739]
msg-08916,16195,CONTEXT_ONLY,CONTEXT_ONLY,False,0,/start
msg-08923,16187,CONTEXT_ONLY,CONTEXT_ONLY,False,0,глянь что с кешем у гпт
msg-08927,16183,CONTEXT_ONLY,CONTEXT_ONLY,False,0,Вэлком вэлком
msg-08928,16181,CONTEXT_ONLY,CONTEXT_ONLY,False,0,Если не сдаст?
msg-08930,16179,CONTEXT_ONLY,CONTEXT_ONLY,False,0,"Похоже, что один действительно"
msg-08935,16174,CONTEXT_ONLY,CONTEXT_ONLY,False,0,/start
msg-08936,16173,CONTEXT_ONLY,CONTEXT_ONLY,False,0,Что там будет?
msg-08939,16170,CONTEXT_ONLY,CONTEXT_ONLY,False,0,/start
msg-08940,16169,CONTEXT_ONLY,CONTEXT_ONLY,False,0,Бл
msg-08941,16168,CONTEXT_ONLY,CONTEXT_ONLY,False,0,5.4 должен работать быстро
msg-08942,16167,CONTEXT_ONLY,CONTEXT_ONLY,False,0,или оно глобально замедляет?
msg-08943,16166,CONTEXT_ONLY,CONTEXT_ONLY,False,0,на 5.4 переключаться?
msg-08944,16165,CONTEXT_ONLY,CONTEXT_ONLY,False,0,Давай газ
msg-08949,16160,CONTEXT_ONLY,CONTEXT_ONLY,False,0,Ну ладно две
msg-08950,16159,CONTEXT_ONLY,CONTEXT_ONLY,False,0,У тебя неделя
msg-08951,16158,CONTEXT_ONLY,CONTEXT_ONLY,False,0,Бери новый
msg-08952,16157,CONTEXT_ONLY,CONTEXT_ONLY,False,0,Люди наркотики бананы
msg-08953,16156,CONTEXT_ONLY,CONTEXT_ONLY,False,0,Какого хуя
msg-08955,16154,CONTEXT_ONLY,CONTEXT_ONLY,False,0,Умри...
msg-08957,16149,CONTEXT_ONLY,CONTEXT_ONLY,False,0,Ты проп сдал?
msg-08958,16148,CONTEXT_ONLY,CONTEXT_ONLY,False,0,Вообще супер
msg-08961,16145,CONTEXT_ONLY,CONTEXT_ONLY,False,0,Или чё там командуют
msg-08962,16144,CONTEXT_ONLY,CONTEXT_ONLY,False,0,Аборт
msg-08963,16143,CONTEXT_ONLY,CONTEXT_ONLY,False,0,"Лекс, фас"
msg-08964,16142,CONTEXT_ONLY,CONTEXT_ONLY,False,0,В этом чате
msg-08965,16141,CONTEXT_ONLY,CONTEXT_ONLY,False,0,"Лекс, нападай"
msg-08967,16139,CONTEXT_ONLY,CONTEXT_ONLY,False,0,Так бля
msg-08968,16138,CONTEXT_ONLY,CONTEXT_ONLY,False,0,Хахаахха
msg-08969,16137,CONTEXT_ONLY,CONTEXT_ONLY,False,0,Лишь бы отъебался
msg-08970,16136,CONTEXT_ONLY,CONTEXT_ONLY,False,0,Быстро появится
msg-08972,16134,CONTEXT_ONLY,CONTEXT_ONLY,False,0,Нет такого
msg-08974,16132,CONTEXT_ONLY,CONTEXT_ONLY,False,0,Дай автограф
msg-08976,16130,CONTEXT_ONLY,CONTEXT_ONLY,False,0,Да сучка
msg-08978,16128,CONTEXT_ONLY,CONTEXT_ONLY,False,0,он везде одинаковый
msg-08979,16127,CONTEXT_ONLY,CONTEXT_ONLY,False,0,Какой тут депутатский
msg-08980,16126,CONTEXT_ONLY,CONTEXT_ONLY,False,0,Да я в Испании
msg-08981,16125,CONTEXT_ONLY,CONTEXT_ONLY,False,0,камушки белого депутатского
msg-08982,16124,CONTEXT_ONLY,CONTEXT_ONLY,False,0,Вряд ли
msg-08983,16123,CONTEXT_ONLY,CONTEXT_ONLY,False,0,Другое дело..
msg-08985,16121,CONTEXT_ONLY,CONTEXT_ONLY,False,0,ща попробую пасиба
msg-08987,16115,CONTEXT_ONLY,CONTEXT_ONLY,False,0,а серьезно?
msg-08988,16118,CONTEXT_ONLY,CONTEXT_ONLY,False,0,Сигары нет
msg-08990,16114,CONTEXT_ONLY,CONTEXT_ONLY,False,0,А так вяло
msg-08994,16108,CONTEXT_ONLY,CONTEXT_ONLY,False,0,как от родителей съехала
msg-08996,16107,CONTEXT_ONLY,CONTEXT_ONLY,False,0,Всем доброе утро
msg-08998,16110,CONTEXT_ONLY,CONTEXT_ONLY,False,0,хотя-бы дешевый сервис
msg-09003,16099,CONTEXT_ONLY,CONTEXT_ONLY,False,0,да
msg-09004,16098,CONTEXT_ONLY,CONTEXT_ONLY,False,0,все также
msg-09005,16097,CONTEXT_ONLY,CONTEXT_ONLY,False,0,Китайского?
msg-09006,16095,CONTEXT_ONLY,CONTEXT_ONLY,False,0,устанавливаю
msg-09010,16091,CONTEXT_ONLY,CONTEXT_ONLY,False,0,без него
msg-09011,16090,CONTEXT_ONLY,CONTEXT_ONLY,False,0,нет
msg-09016,16084,CONTEXT_ONLY,CONTEXT_ONLY,False,0,Лего
msg-09017,16083,CONTEXT_ONLY,CONTEXT_ONLY,False,0,Получается да
msg-09022,16078,CONTEXT_ONLY,CONTEXT_ONLY,False,0,У того ногу оторвало
msg-09023,16077,CONTEXT_ONLY,CONTEXT_ONLY,False,0,что за плагин
msg-09029,16070,CONTEXT_ONLY,CONTEXT_ONLY,False,0,эээ )
msg-09032,16036,CONTEXT_ONLY,CONTEXT_ONLY,False,0,бесплатно завезли?
msg-09035,16034,CONTEXT_ONLY,CONTEXT_ONLY,False,0,"Не забрали, у меня работает"
msg-09037,16048,CONTEXT_ONLY,CONTEXT_ONLY,False,0,В Codex CLI
msg-09038,16054,CONTEXT_ONLY,CONTEXT_ONLY,False,0,ебать ты попущен
msg-09041,16050,CONTEXT_ONLY,CONTEXT_ONLY,False,0,жопа
msg-09042,16032,CONTEXT_ONLY,CONTEXT_ONLY,False,0,неплохая
msg-09060,16029,CONTEXT_ONLY,CONTEXT_ONLY,False,0,понял понял
msg-09062,16027,CONTEXT_ONLY,CONTEXT_ONLY,False,0,Здравствуйте 👋
msg-09068,16014,CONTEXT_ONLY,ATTACH_AS_CORROBORATING_EVIDENCE,False,0,"Понял, спасибо"
msg-09073,16024,CONTEXT_ONLY,CONTEXT_ONLY,False,0,понятно прикольно
msg-09076,16021,CONTEXT_ONLY,CONTEXT_ONLY,False,0,"ничего, бывает"
msg-09081,16017,CONTEXT_ONLY,CONTEXT_ONLY,False,0,это правильно.
msg-09085,16005,CONTEXT_ONLY,CONTEXT_ONLY,False,0,дорого
msg-09086,16004,CONTEXT_ONLY,CONTEXT_ONLY,False,0,"не, хуйня"
msg-09087,15996,CONTEXT_ONLY,CONTEXT_ONLY,False,0,независимо от сферы
msg-09090,15992,CONTEXT_ONLY,CONTEXT_ONLY,False,0,Удачи :)
msg-09091,15993,CONTEXT_ONLY,CONTEXT_ONLY,False,0,спорно но окей
msg-09099,15984,CONTEXT_ONLY,CONTEXT_ONLY,False,0,И проверки безопасности
msg-09100,15983,CONTEXT_ONLY,CONTEXT_ONLY,False,0,Там всё перешифровано 100500 раз
msg-09104,15979,CONTEXT_ONLY,CONTEXT_ONLY,False,0,Как ты себе это представляешь?
msg-09105,15977,CONTEXT_ONLY,CONTEXT_ONLY,False,0,А перепрошрть биос?
msg-09108,15975,CONTEXT_ONLY,CONTEXT_ONLY,False,0,Надо было
msg-09111,15972,CONTEXT_ONLY,CONTEXT_ONLY,False,0,за сколько
msg-09113,15970,CONTEXT_ONLY,ATTACH_AS_CORROBORATING_EVIDENCE,False,0,не
msg-09115,15968,CONTEXT_ONLY,CONTEXT_ONLY,False,0,что не так с гео?
msg-09119,15963,CONTEXT_ONLY,ATTACH_AS_CORROBORATING_EVIDENCE,False,0,ОДИИИИН ВИДОС
msg-09120,15962,CONTEXT_ONLY,ATTACH_AS_CORROBORATING_EVIDENCE,False,0,1
msg-09121,15961,CONTEXT_ONLY,ATTACH_AS_CORROBORATING_EVIDENCE,False,0,1 ВИДОС НАДО ЧТОБЫ ЗАЛЕТЕЛ
msg-09122,15960,CONTEXT_ONLY,ATTACH_AS_CORROBORATING_EVIDENCE,False,0,АХХХАААХАХ
msg-09124,15958,CONTEXT_ONLY,CONTEXT_ONLY,False,0,спасибо
msg-09125,15957,CONTEXT_ONLY,CONTEXT_ONLY,False,0,Зачётные пальчики
msg-09127,15955,CONTEXT_ONLY,CONTEXT_ONLY,False,0,бухать сука
msg-09128,15953,CONTEXT_ONLY,CONTEXT_ONLY,False,0,ну я хз как работать
msg-09129,15952,CONTEXT_ONLY,CONTEXT_ONLY,False,0,ну не
msg-09132,15949,CONTEXT_ONLY,ATTACH_AS_CORROBORATING_EVIDENCE,False,0,лох потому что
msg-09137,15944,CONTEXT_ONLY,CONTEXT_ONLY,False,0,Лучший
msg-09140,15940,CONTEXT_ONLY,ATTACH_AS_CORROBORATING_EVIDENCE,False,0,окей
msg-09144,15935,CONTEXT_ONLY,ATTACH_AS_CORROBORATING_EVIDENCE,False,0,пости по 2-3
msg-09145,15934,CONTEXT_ONLY,ATTACH_AS_CORROBORATING_EVIDENCE,False,0,в вк хз
msg-09147,15932,CONTEXT_ONLY,ATTACH_AS_CORROBORATING_EVIDENCE,False,0,ты не изучал?
msg-09148,15931,CONTEXT_ONLY,ATTACH_AS_CORROBORATING_EVIDENCE,False,0,или надо чаще?
msg-09149,15930,CONTEXT_ONLY,ATTACH_AS_CORROBORATING_EVIDENCE,False,0,норм?
msg-09151,15928,CONTEXT_ONLY,ATTACH_AS_CORROBORATING_EVIDENCE,False,0,и вечером
msg-09152,15927,CONTEXT_ONLY,ATTACH_AS_CORROBORATING_EVIDENCE,False,0,тром
msg-09153,15926,CONTEXT_ONLY,ATTACH_AS_CORROBORATING_EVIDENCE,False,0,по 2 в день
msg-09154,15924,CONTEXT_ONLY,ATTACH_AS_CORROBORATING_EVIDENCE,False,0,хоршо
msg-09156,15923,CONTEXT_ONLY,CONTEXT_ONLY,False,0,давай с верза
msg-09157,15922,CONTEXT_ONLY,CONTEXT_ONLY,False,0,или с верха
msg-09158,15921,CONTEXT_ONLY,CONTEXT_ONLY,False,0,или начинай с самого низа
msg-09160,15919,CONTEXT_ONLY,CONTEXT_ONLY,False,0,на ютубе ща
msg-09161,15918,CONTEXT_ONLY,CONTEXT_ONLY,False,0,ахахахах
msg-09163,15916,CONTEXT_ONLY,CONTEXT_ONLY,False,0,любые
msg-09165,15914,CONTEXT_ONLY,CONTEXT_ONLY,False,0,так бро
msg-09168,15911,CONTEXT_ONLY,CONTEXT_ONLY,False,0,а то ещё кто поверит
msg-09169,15910,CONTEXT_ONLY,CONTEXT_ONLY,False,0,это я прост аккаунт купил
msg-09173,15906,CONTEXT_ONLY,CONTEXT_ONLY,False,0,Макбуки все равно топ
msg-09180,15899,CONTEXT_ONLY,CONTEXT_ONLY,False,0,Он греется как сука
msg-09182,15897,CONTEXT_ONLY,CONTEXT_ONLY,False,0,У меня 4 мацнера и 2 подкачки сидят)))
msg-09183,15896,CONTEXT_ONLY,CONTEXT_ONLY,False,0,Было 20
msg-09185,15894,CONTEXT_ONLY,CONTEXT_ONLY,False,0,апстор обычный
msg-09186,15893,CONTEXT_ONLY,CONTEXT_ONLY,False,0,че за апсторагент
msg-09188,15891,CONTEXT_ONLY,CONTEXT_ONLY,False,0,А как же...
msg-09189,15890,CONTEXT_ONLY,ATTACH_AS_CORROBORATING_EVIDENCE,False,0,не работает
msg-09191,15888,CONTEXT_ONLY,CONTEXT_ONLY,False,0,да норм \
msg-09192,15887,CONTEXT_ONLY,CONTEXT_ONLY,False,0,пиздос!
msg-09194,15885,CONTEXT_ONLY,CONTEXT_ONLY,False,0,Типо такого
msg-09197,15883,CONTEXT_ONLY,CONTEXT_ONLY,False,0,250 лямов
msg-09198,15881,CONTEXT_ONLY,CONTEXT_ONLY,False,0,посчитать же можно
msg-09199,15880,CONTEXT_ONLY,CONTEXT_ONLY,False,0,У меня кодекс также
msg-09201,15878,CONTEXT_ONLY,CONTEXT_ONLY,False,0,он 100% был?
msg-09202,15877,CONTEXT_ONLY,CONTEXT_ONLY,False,0,Пишут что нет
msg-09203,15876,CONTEXT_ONLY,CONTEXT_ONLY,False,0,gpt ваще охуел
msg-09212,15866,CONTEXT_ONLY,ATTACH_AS_CORROBORATING_EVIDENCE,False,0,"Не, в кодексе и дроиде"
msg-09213,15865,CONTEXT_ONLY,ATTACH_AS_CORROBORATING_EVIDENCE,False,0,У меня только в auth.json
msg-09215,15863,CONTEXT_ONLY,ATTACH_AS_CORROBORATING_EVIDENCE,False,0,Та у меня так и стоит и там и там
msg-09219,15859,CONTEXT_ONLY,ATTACH_AS_CORROBORATING_EVIDENCE,False,0,Давай дальше копать
msg-09220,15858,CONTEXT_ONLY,ATTACH_AS_CORROBORATING_EVIDENCE,False,0,О как
msg-09222,15856,CONTEXT_ONLY,CONTEXT_ONLY,False,0,Мне тоже
msg-09224,15853,CONTEXT_ONLY,CONTEXT_ONLY,False,0,Прикольная ручка
msg-09227,15849,CONTEXT_ONLY,ATTACH_AS_CORROBORATING_EVIDENCE,False,0,В дроиде так же
msg-09228,15850,CONTEXT_ONLY,CONTEXT_ONLY,False,0,ХАЛЯВА!
msg-09230,15847,CONTEXT_ONLY,CONTEXT_ONLY,False,0,ебать живучая мразь
msg-09232,15845,CONTEXT_ONLY,CONTEXT_ONLY,False,0,ты че реально
msg-09233,15844,CONTEXT_ONLY,CONTEXT_ONLY,False,0,прикинь
msg-09238,15838,CONTEXT_ONLY,CONTEXT_ONLY,False,0,эта хуйня ещё живая
msg-09243,15833,CONTEXT_ONLY,CONTEXT_ONLY,False,0,эт с волка начинаетс
msg-09244,15832,CONTEXT_ONLY,CONTEXT_ONLY,False,0,рекламируй лучше)
msg-09245,15831,CONTEXT_ONLY,CONTEXT_ONLY,False,0,Таких единицы
msg-09246,15829,CONTEXT_ONLY,ATTACH_AS_CORROBORATING_EVIDENCE,False,0,ща пингану
msg-09248,15828,CONTEXT_ONLY,ATTACH_AS_CORROBORATING_EVIDENCE,False,0,А потери пакетов есть?
msg-09249,15827,CONTEXT_ONLY,ATTACH_AS_CORROBORATING_EVIDENCE,False,0,Тут все ок вроде
msg-09251,15825,CONTEXT_ONLY,ATTACH_AS_CORROBORATING_EVIDENCE,False,0,Без R которая
msg-09253,15822,CONTEXT_ONLY,ATTACH_AS_CORROBORATING_EVIDENCE,False,0,следующий за гигакодером
msg-09258,15814,CONTEXT_ONLY,ATTACH_AS_CORROBORATING_EVIDENCE,False,0,Нормально кодекс работает?
msg-09259,15813,CONTEXT_ONLY,CONTEXT_ONLY,False,0,бля
msg-09262,15810,CONTEXT_ONLY,CONTEXT_ONLY,False,0,"Нет, руками))"
msg-09263,15809,CONTEXT_ONLY,CONTEXT_ONLY,False,0,для лохов нищих
msg-09265,15807,CONTEXT_ONLY,CONTEXT_ONLY,False,0,Другой уровень подписки
msg-09274,15798,CONTEXT_ONLY,ATTACH_AS_CORROBORATING_EVIDENCE,False,0,Чилля
msg-09276,15796,CONTEXT_ONLY,CONTEXT_ONLY,False,0,На призы
msg-09277,15794,CONTEXT_ONLY,CONTEXT_ONLY,False,1,Ровно 500$
msg-09278,15795,CONTEXT_ONLY,ATTACH_AS_CORROBORATING_EVIDENCE,False,0,но ощущение 50+
msg-09279,15793,CONTEXT_ONLY,CONTEXT_ONLY,False,0,Нет
msg-09280,15792,CONTEXT_ONLY,CONTEXT_ONLY,False,0,123131321
msg-09284,15786,CONTEXT_ONLY,CONTEXT_ONLY,False,0,ии слоп
msg-09286,15784,CONTEXT_ONLY,CONTEXT_ONLY,False,0,че там
msg-09287,15783,CONTEXT_ONLY,CONTEXT_ONLY,False,0,7
msg-09288,15782,CONTEXT_ONLY,CONTEXT_ONLY,False,0,какой твой проект?
msg-09289,15780,CONTEXT_ONLY,CONTEXT_ONLY,False,0,нихуя ура пабеда
msg-09291,15776,CONTEXT_ONLY,CONTEXT_ONLY,False,0,Это где?
msg-09292,15775,CONTEXT_ONLY,ATTACH_AS_CORROBORATING_EVIDENCE,False,0,Не факт
msg-09293,15774,CONTEXT_ONLY,ATTACH_AS_CORROBORATING_EVIDENCE,False,0,но они же добавятся
msg-09294,15773,CONTEXT_ONLY,ATTACH_AS_CORROBORATING_EVIDENCE,False,0,Сейчас там нет подписок
msg-09298,15770,CONTEXT_ONLY,CONTEXT_ONLY,False,0,19 градусов 😎
msg-09299,15769,CONTEXT_ONLY,ATTACH_AS_CORROBORATING_EVIDENCE,False,0,они не сами суммируются?
msg-09306,15763,CONTEXT_ONLY,CONTEXT_ONLY,False,0,ПОКАЖИ
msg-09307,15761,CONTEXT_ONLY,CONTEXT_ONLY,False,0,у тебя гпт пускает?
msg-09308,15760,CONTEXT_ONLY,CONTEXT_ONLY,False,0,"странно, у меня пускает гпт 5.5"
msg-09314,15753,CONTEXT_ONLY,CONTEXT_ONLY,False,0,и ошибки кидает
msg-09316,15751,CONTEXT_ONLY,CONTEXT_ONLY,False,0,Вкус фембоев
msg-09318,15749,CONTEXT_ONLY,CONTEXT_ONLY,False,0,Братья
msg-09320,15747,CONTEXT_ONLY,CONTEXT_ONLY,False,0,давай
msg-09322,15745,CONTEXT_ONLY,CONTEXT_ONLY,False,0,а можно в лс?
msg-09323,15744,CONTEXT_ONLY,CONTEXT_ONLY,False,0,да и много для чего
msg-09326,15741,CONTEXT_ONLY,CONTEXT_ONLY,False,0,для чего тебе гермес?
msg-09327,15740,CONTEXT_ONLY,CONTEXT_ONLY,False,0,А где написано глм
msg-09330,15737,CONTEXT_ONLY,CONTEXT_ONLY,False,0,"Куда дешевле 0,15"
msg-09333,15734,CONTEXT_ONLY,CONTEXT_ONLY,False,0,)))))))))))
msg-09334,15732,CONTEXT_ONLY,CONTEXT_ONLY,False,0,ага))))))))
msg-09337,15730,CONTEXT_ONLY,CONTEXT_ONLY,False,0,Зато дёшево
msg-09342,15725,CONTEXT_ONLY,CONTEXT_ONLY,False,0,использовали для воркера или оркестратора?
msg-09346,15721,CONTEXT_ONLY,CONTEXT_ONLY,False,0,Спецификации хорошие делает
msg-09350,15717,CONTEXT_ONLY,CONTEXT_ONLY,False,0,Повод поуверенее отдыхать
msg-09351,15716,CONTEXT_ONLY,CONTEXT_ONLY,False,0,Они фулл ёбнутые
msg-09353,15714,CONTEXT_ONLY,CONTEXT_ONLY,False,0,я не блечу
msg-09354,15713,CONTEXT_ONLY,CONTEXT_ONLY,False,0,они чуть ебнутые
msg-09355,15712,CONTEXT_ONLY,CONTEXT_ONLY,False,0,Понял
msg-09360,15707,CONTEXT_ONLY,CONTEXT_ONLY,False,0,хыхыхы
msg-09364,15703,CONTEXT_ONLY,CONTEXT_ONLY,False,0,багхантил с кайфом зато
msg-09365,15702,CONTEXT_ONLY,CONTEXT_ONLY,False,0,не пиздил
msg-09367,15700,CONTEXT_ONLY,CONTEXT_ONLY,False,0,также
msg-09370,15697,CONTEXT_ONLY,CONTEXT_ONLY,False,0,всмысле
msg-09373,15694,CONTEXT_ONLY,CONTEXT_ONLY,False,0,"1, 3, 4 раза"
msg-09376,15692,CONTEXT_ONLY,CONTEXT_ONLY,False,0,особенно не нужное😀
msg-09377,15691,CONTEXT_ONLY,CONTEXT_ONLY,False,0,теперь надо компанию верифать
msg-09378,15690,CONTEXT_ONLY,CONTEXT_ONLY,False,0,там ввели оказывается для компаний
msg-09387,15680,CONTEXT_ONLY,CONTEXT_ONLY,False,0,Хаха аналогично
msg-09389,15678,CONTEXT_ONLY,CONTEXT_ONLY,False,0,у меня аська 13131313
msg-09393,15671,CONTEXT_ONLY,CONTEXT_ONLY,False,0,на шпроте
msg-09394,15670,CONTEXT_ONLY,CONTEXT_ONLY,False,0,Я ноду держал
msg-09395,15669,CONTEXT_ONLY,CONTEXT_ONLY,False,0,ты еще фидонет вспомни
msg-09396,15668,CONTEXT_ONLY,CONTEXT_ONLY,False,1,WWWWW
msg-09399,15664,CONTEXT_ONLY,CONTEXT_ONLY,False,0,7c576ea6-41d9-4a75-abea-27923b35a7a8
msg-09401,15661,CONTEXT_ONLY,CONTEXT_ONLY,False,0,Номер платежа скинь
msg-09405,15656,NEEDS_ENRICHMENT,CONTEXT_ONLY,False,1,https://telegra.ph/Promt-dlya-otklyucheniya-cenzury-DipSik-05-25
msg-09406,15655,CONTEXT_ONLY,CONTEXT_ONLY,False,0,:))))))))))
msg-09411,15650,NEEDS_ENRICHMENT,ATTACH_AS_CORROBORATING_EVIDENCE,False,1,https://vt.tiktok.com/ZSCSM6aUP/
msg-09415,15646,CONTEXT_ONLY,CONTEXT_ONLY,False,0,ОГЭ
msg-09419,15642,CONTEXT_ONLY,CONTEXT_ONLY,False,0,так почему не КлакдЕ?
msg-09422,15639,CONTEXT_ONLY,CONTEXT_ONLY,False,0,"А почему не ""клауде""???"
msg-09424,15585,CONTEXT_ONLY,ATTACH_AS_CORROBORATING_EVIDENCE,False,0,то оно угарнее
msg-09425,15584,CONTEXT_ONLY,ATTACH_AS_CORROBORATING_EVIDENCE,False,0,но если свои
msg-09426,15583,CONTEXT_ONLY,ATTACH_AS_CORROBORATING_EVIDENCE,False,0,та пофиг
msg-09428,15580,CONTEXT_ONLY,CONTEXT_ONLY,False,0,Карпатый👀
msg-09430,15578,CONTEXT_ONLY,CONTEXT_ONLY,False,0,Правильно 👍
msg-09431,15577,CONTEXT_ONLY,CONTEXT_ONLY,False,0,чем в крипту закину
msg-09433,15574,CONTEXT_ONLY,CONTEXT_ONLY,False,0,нахуй надо оно мне
msg-09434,15573,CONTEXT_ONLY,CONTEXT_ONLY,False,0,у меня биржи нет даже
msg-09435,15572,CONTEXT_ONLY,CONTEXT_ONLY,False,0,Ты что не трейдер?
msg-09436,15571,CONTEXT_ONLY,CONTEXT_ONLY,False,0,я тоже нет
msg-09437,15570,CONTEXT_ONLY,CONTEXT_ONLY,False,0,А ты?
msg-09439,15568,CONTEXT_ONLY,CONTEXT_ONLY,False,0,пидоры одни
msg-09440,15567,CONTEXT_ONLY,CONTEXT_ONLY,False,0,люди это?
msg-09441,15566,CONTEXT_ONLY,CONTEXT_ONLY,False,0,и че
msg-09442,15565,CONTEXT_ONLY,CONTEXT_ONLY,False,0,Трейд
msg-09444,15563,CONTEXT_ONLY,CONTEXT_ONLY,False,0,время десятый час
msg-09445,15562,CONTEXT_ONLY,CONTEXT_ONLY,False,0,какой пораньше то
msg-09446,15561,CONTEXT_ONLY,CONTEXT_ONLY,False,0,С утра пораньше
msg-09449,15558,CONTEXT_ONLY,CONTEXT_ONLY,False,0,Хех)
msg-09451,15556,CONTEXT_ONLY,CONTEXT_ONLY,False,0,Результаты?
msg-09452,15555,CONTEXT_ONLY,CONTEXT_ONLY,False,0,Что в итоге с конкурсом?
msg-09455,15552,CONTEXT_ONLY,CONTEXT_ONLY,False,0,тема
msg-09457,15550,CONTEXT_ONLY,CONTEXT_ONLY,False,0,они актуальны как никогда
msg-09458,15549,CONTEXT_ONLY,CONTEXT_ONLY,False,0,поголовно
msg-09459,15548,CONTEXT_ONLY,CONTEXT_ONLY,False,0,каждый
msg-09461,15544,CONTEXT_ONLY,CONTEXT_ONLY,False,0,долбаебы с задержкой в развитии
msg-09467,15538,CONTEXT_ONLY,CONTEXT_ONLY,False,0,а уу тебя прошка?
msg-09468,15537,CONTEXT_ONLY,CONTEXT_ONLY,False,0,колбылдан
msg-09470,15535,NEEDS_ENRICHMENT,ATTACH_AS_CORROBORATING_EVIDENCE,False,1,https://vt.tiktok.com/ZSCSRTw87/
msg-09478,15521,CONTEXT_ONLY,CONTEXT_ONLY,False,0,что то они борщат нда
msg-09479,15520,CONTEXT_ONLY,CONTEXT_ONLY,False,0,жесть там токены улетают....
msg-09480,15519,CONTEXT_ONLY,CONTEXT_ONLY,False,0,на поиск багов
msg-09484,15513,CONTEXT_ONLY,ATTACH_AS_CORROBORATING_EVIDENCE,False,0,Как жаль
msg-09485,15511,CONTEXT_ONLY,ATTACH_AS_CORROBORATING_EVIDENCE,False,0,Эх
msg-09488,15509,CONTEXT_ONLY,CONTEXT_ONLY,False,0,так что может не мудрено оно
msg-09491,15506,CONTEXT_ONLY,CONTEXT_ONLY,False,0,это отдыхать идти
msg-09492,15505,CONTEXT_ONLY,CONTEXT_ONLY,False,0,там 1 промпт
msg-09493,15504,CONTEXT_ONLY,CONTEXT_ONLY,False,0,тоже за 20
msg-09496,15501,CONTEXT_ONLY,CONTEXT_ONLY,False,0,да
msg-09500,15497,CONTEXT_ONLY,CONTEXT_ONLY,False,0,аххахахаха
msg-09501,15496,CONTEXT_ONLY,CONTEXT_ONLY,False,0,и ушли
msg-09502,15495,CONTEXT_ONLY,CONTEXT_ONLY,False,0,норм так бензин слилил
msg-09503,15494,CONTEXT_ONLY,CONTEXT_ONLY,False,0,ахахахахаа
msg-09504,15493,CONTEXT_ONLY,CONTEXT_ONLY,False,0,20х медленно очень
msg-09505,15492,CONTEXT_ONLY,CONTEXT_ONLY,False,0,5х быстро улетает
msg-09506,15491,CONTEXT_ONLY,CONTEXT_ONLY,False,0,шо проиходило там
msg-09507,15490,CONTEXT_ONLY,CONTEXT_ONLY,False,0,Мем воплотился
msg-09510,15487,CONTEXT_ONLY,CONTEXT_ONLY,False,0,та мля
msg-09511,15486,CONTEXT_ONLY,CONTEXT_ONLY,False,0,Надо было в ДС быть
msg-09514,15482,CONTEXT_ONLY,CONTEXT_ONLY,False,0,Ну шо там братцы
msg-09521,15475,CONTEXT_ONLY,CONTEXT_ONLY,False,0,Оке
msg-09525,15471,CONTEXT_ONLY,ATTACH_AS_CORROBORATING_EVIDENCE,False,0,Или это уже не актуально?
msg-09526,15469,CONTEXT_ONLY,CONTEXT_ONLY,False,0,каждый мог!
msg-09527,15470,SIGNAL_ONLY,CONTEXT_ONLY,False,1,Claude + obsidian
msg-09529,15467,CONTEXT_ONLY,ATTACH_AS_CORROBORATING_EVIDENCE,False,0,Ютуб почекай
msg-09530,15466,CONTEXT_ONLY,CONTEXT_ONLY,False,0,разгоняемся
msg-09531,15465,CONTEXT_ONLY,ATTACH_AS_CORROBORATING_EVIDENCE,False,0,Сиди наблюдай изучай
msg-09538,15458,CONTEXT_ONLY,CONTEXT_ONLY,False,0,Шо там лонгуем?
msg-09544,15451,CONTEXT_ONLY,CONTEXT_ONLY,False,0,да там 0.2% депа
msg-09545,15450,CONTEXT_ONLY,CONTEXT_ONLY,False,0,50 тидемятилоллоровые яйца
msg-09551,15443,CONTEXT_ONLY,CONTEXT_ONLY,False,0,Починили ?
msg-09552,15442,CONTEXT_ONLY,CONTEXT_ONLY,False,0,Заехал на них
msg-09554,15440,CONTEXT_ONLY,CONTEXT_ONLY,False,0,Этот особенный
msg-09558,15436,CONTEXT_ONLY,CONTEXT_ONLY,False,0,Зан тут?
msg-09561,15433,CONTEXT_ONLY,CONTEXT_ONLY,False,0,😂😂😂😂😂
msg-09563,15431,CONTEXT_ONLY,CONTEXT_ONLY,False,0,Я ахуенно закрыл
msg-09565,15427,CONTEXT_ONLY,CONTEXT_ONLY,False,0,Главное не женись
msg-09566,15429,CONTEXT_ONLY,CONTEXT_ONLY,False,0,пока в нуле
msg-09567,15428,CONTEXT_ONLY,CONTEXT_ONLY,False,0,А должно от профита ☝
msg-09568,15426,CONTEXT_ONLY,CONTEXT_ONLY,False,0,Больше чем профит?
msg-09570,15424,CONTEXT_ONLY,CONTEXT_ONLY,False,0,Сколько комса?
msg-09572,15422,CONTEXT_ONLY,CONTEXT_ONLY,False,0,:)
msg-09574,15421,CONTEXT_ONLY,CONTEXT_ONLY,False,0,пора задуматься
msg-09576,15419,CONTEXT_ONLY,CONTEXT_ONLY,False,0,эт пиздец парни
msg-09577,15417,CONTEXT_ONLY,CONTEXT_ONLY,False,0,вопросы?
msg-09578,15416,CONTEXT_ONLY,CONTEXT_ONLY,False,0,лудим!
msg-09579,15415,CONTEXT_ONLY,CONTEXT_ONLY,False,0,никто не торгует
msg-09580,15414,CONTEXT_ONLY,CONTEXT_ONLY,False,0,не иначе
msg-09581,15413,CONTEXT_ONLY,CONTEXT_ONLY,False,0,ебачи
msg-09582,15412,CONTEXT_ONLY,CONTEXT_ONLY,False,0,бля
msg-09583,15411,CONTEXT_ONLY,CONTEXT_ONLY,False,0,вы это торгуете?
msg-09585,15408,CONTEXT_ONLY,CONTEXT_ONLY,False,0,вкусно рисует пидаразка
msg-09587,15407,CONTEXT_ONLY,CONTEXT_ONLY,False,0,а мне всего 18
msg-09588,15406,CONTEXT_ONLY,CONTEXT_ONLY,False,0,каждый мог
msg-09596,15398,CONTEXT_ONLY,CONTEXT_ONLY,False,0,Питбайке
msg-09597,15397,CONTEXT_ONLY,CONTEXT_ONLY,False,0,xDddd
msg-09598,15396,CONTEXT_ONLY,CONTEXT_ONLY,False,0,бля реально деревня
msg-09600,15394,CONTEXT_ONLY,CONTEXT_ONLY,False,0,миллионы в карманах держит
msg-09602,15392,CONTEXT_ONLY,CONTEXT_ONLY,False,0,Блять
msg-09603,15391,CONTEXT_ONLY,CONTEXT_ONLY,False,0,Ты еще и удалил
msg-09607,15387,CONTEXT_ONLY,CONTEXT_ONLY,False,0,Понял
msg-09609,15385,CONTEXT_ONLY,CONTEXT_ONLY,False,0,Какие ставки
msg-09610,15384,CONTEXT_ONLY,CONTEXT_ONLY,False,0,Так ты вообще долбоёб
msg-09611,15383,CONTEXT_ONLY,CONTEXT_ONLY,False,0,Ещё и вставочки ставишь
msg-09614,15379,CONTEXT_ONLY,CONTEXT_ONLY,False,0,Да
msg-09617,15376,CONTEXT_ONLY,CONTEXT_ONLY,False,0,Я убедился
msg-09620,15373,CONTEXT_ONLY,CONTEXT_ONLY,False,0,"Ну давай, покажи"
msg-09622,15371,CONTEXT_ONLY,CONTEXT_ONLY,False,0,И чем ты это обоснуешь?
msg-09626,15368,CONTEXT_ONLY,CONTEXT_ONLY,False,0,Лудомания 80лвл
msg-09628,15365,CONTEXT_ONLY,CONTEXT_ONLY,False,0,Ты реально клоун
msg-09629,15364,CONTEXT_ONLY,CONTEXT_ONLY,False,0,Питбайк
msg-09631,15362,CONTEXT_ONLY,CONTEXT_ONLY,False,0,Кому ты втираешь
msg-09632,15361,CONTEXT_ONLY,CONTEXT_ONLY,False,0,Побриться?
msg-09633,15360,CONTEXT_ONLY,CONTEXT_ONLY,False,0,Я зачеты все сдавал
msg-09635,15358,CONTEXT_ONLY,CONTEXT_ONLY,False,0,Как губка
msg-09636,15357,CONTEXT_ONLY,CONTEXT_ONLY,False,0,Ой как впитал хорошо
msg-09639,15354,CONTEXT_ONLY,CONTEXT_ONLY,False,0,Бот круто развивается
msg-09640,15353,CONTEXT_ONLY,CONTEXT_ONLY,False,0,Хоть усы сбрей
msg-09641,15352,CONTEXT_ONLY,CONTEXT_ONLY,False,0,Впервые ебалая увидел
msg-09644,15349,CONTEXT_ONLY,CONTEXT_ONLY,False,0,Ну так твоя
msg-09645,15348,CONTEXT_ONLY,CONTEXT_ONLY,False,0,Легенда
msg-09647,15346,CONTEXT_ONLY,CONTEXT_ONLY,False,0,xDddd
msg-09648,15345,CONTEXT_ONLY,CONTEXT_ONLY,False,0,Сходи ка нахуй
msg-09650,15342,CONTEXT_ONLY,CONTEXT_ONLY,False,0,Пиздеец
msg-09651,15341,CONTEXT_ONLY,CONTEXT_ONLY,False,0,Сходи нахуй
msg-09653,15339,CONTEXT_ONLY,CONTEXT_ONLY,False,0,С нищими не общаюсь
msg-09654,15338,CONTEXT_ONLY,CONTEXT_ONLY,False,0,О работае
msg-09655,15337,CONTEXT_ONLY,CONTEXT_ONLY,False,0,Тебя даже в приватке нет
msg-09656,15336,CONTEXT_ONLY,CONTEXT_ONLY,False,0,Окак
msg-09657,15335,CONTEXT_ONLY,CONTEXT_ONLY,False,0,Питбайк
msg-09658,15334,CONTEXT_ONLY,CONTEXT_ONLY,False,0,Щас проверим
msg-09660,15332,CONTEXT_ONLY,CONTEXT_ONLY,False,0,А то забанят же
msg-09662,15330,CONTEXT_ONLY,CONTEXT_ONLY,False,0,Чот бот распизделся
msg-09666,15322,CONTEXT_ONLY,CONTEXT_ONLY,False,0,плечо именно мужское
msg-09668,15320,NEEDS_ENRICHMENT,CONTEXT_ONLY,False,1,https://www.skills.sh/trending
msg-09672,15314,CONTEXT_ONLY,ATTACH_AS_CORROBORATING_EVIDENCE,False,0,"эх, у кого что"
msg-09678,15307,CONTEXT_ONLY,CONTEXT_ONLY,False,0,Вы что творите
msg-09679,15305,CONTEXT_ONLY,CONTEXT_ONLY,False,0,Лудоманы проклятые
msg-09681,15301,CONTEXT_ONLY,CONTEXT_ONLY,False,0,Ля пердоле
msg-09688,15293,CONTEXT_ONLY,CONTEXT_ONLY,False,0,"Ростов, западный, погнали"
msg-09690,15291,CONTEXT_ONLY,CONTEXT_ONLY,False,0,Щас бы 5.5 рил
msg-09694,15287,CONTEXT_ONLY,CONTEXT_ONLY,False,0,хорошо рисует пидараска)
msg-09696,15285,CONTEXT_ONLY,CONTEXT_ONLY,False,0,да
msg-09698,15283,CONTEXT_ONLY,CONTEXT_ONLY,False,0,Когда 5.6 выйдет
msg-09700,15280,CONTEXT_ONLY,CONTEXT_ONLY,False,0,Ах ты
msg-09705,15275,CONTEXT_ONLY,CONTEXT_ONLY,False,0,Уважаю
msg-09706,15274,CONTEXT_ONLY,CONTEXT_ONLY,False,0,я там
msg-09707,15272,CONTEXT_ONLY,CONTEXT_ONLY,False,0,будь в роли дарктика
msg-09709,15271,CONTEXT_ONLY,CONTEXT_ONLY,False,0,В приватке братик
msg-09711,15269,CONTEXT_ONLY,CONTEXT_ONLY,False,0,Давай
msg-09712,15268,CONTEXT_ONLY,CONTEXT_ONLY,False,0,Хуесос из чата*
msg-09718,15261,CONTEXT_ONLY,CONTEXT_ONLY,False,0,Нищее чмо
msg-09719,15260,CONTEXT_ONLY,CONTEXT_ONLY,False,0,кому спать а у меня уже день)
msg-09720,15259,CONTEXT_ONLY,CONTEXT_ONLY,False,0,Выше сообщения
msg-09721,15258,CONTEXT_ONLY,CONTEXT_ONLY,False,0,все сервера висят?
msg-09733,15087,CONTEXT_ONLY,CONTEXT_ONLY,False,0,Заставил встать
msg-09737,15081,CONTEXT_ONLY,CONTEXT_ONLY,False,0,Меня клауди разлюбил
msg-09739,15079,CONTEXT_ONLY,CONTEXT_ONLY,False,0,Я б вас пиздил
msg-09741,15077,CONTEXT_ONLY,CONTEXT_ONLY,False,0,Еблан
msg-09744,15074,CONTEXT_ONLY,CONTEXT_ONLY,False,0,уже пару часиков лежит
msg-09750,15068,CONTEXT_ONLY,CONTEXT_ONLY,False,0,как опенкод
msg-09751,15067,CONTEXT_ONLY,CONTEXT_ONLY,False,0,если захотите
msg-09756,15062,CONTEXT_ONLY,CONTEXT_ONLY,False,0,вот так вот
msg-09763,14986,CONTEXT_ONLY,CONTEXT_ONLY,False,0,альфа версия готова
msg-09764,14985,CONTEXT_ONLY,CONTEXT_ONLY,False,0,Примерно как думаешь
msg-09766,14983,CONTEXT_ONLY,CONTEXT_ONLY,False,0,планируем скоро
msg-09767,14982,CONTEXT_ONLY,CONTEXT_ONLY,False,0,Когда выпустите?
msg-09771,14979,CONTEXT_ONLY,CONTEXT_ONLY,False,0,красавчики
msg-09773,14976,CONTEXT_ONLY,CONTEXT_ONLY,False,0,тогда сам думай(
msg-09775,14974,CONTEXT_ONLY,CONTEXT_ONLY,False,0,Да
msg-09776,14972,CONTEXT_ONLY,CONTEXT_ONLY,False,0,бисплатна??
msg-09777,14971,CONTEXT_ONLY,CONTEXT_ONLY,False,0,Поделись
msg-09779,14970,CONTEXT_ONLY,CONTEXT_ONLY,False,0,есть
msg-09781,15042,CONTEXT_ONLY,CONTEXT_ONLY,False,0,ожидаем
msg-09782,15041,CONTEXT_ONLY,CONTEXT_ONLY,False,0,не починили ещё
msg-09785,14914,CONTEXT_ONLY,CONTEXT_ONLY,False,0,Swaggaжопс когда новый ??
msg-09787,14884,CONTEXT_ONLY,CONTEXT_ONLY,False,0,NFC*
msg-09788,14883,CONTEXT_ONLY,CONTEXT_ONLY,False,0,никак
msg-09789,14968,CONTEXT_ONLY,CONTEXT_ONLY,False,0,так ты транс
msg-09790,14967,CONTEXT_ONLY,CONTEXT_ONLY,False,0,ааа
msg-09791,14966,CONTEXT_ONLY,CONTEXT_ONLY,False,0,у тебя его нет
msg-09792,14965,CONTEXT_ONLY,CONTEXT_ONLY,False,0,ты же максим
msg-09793,14964,CONTEXT_ONLY,ATTACH_AS_CORROBORATING_EVIDENCE,False,0,где находится клитор
msg-09796,14961,CONTEXT_ONLY,ATTACH_AS_CORROBORATING_EVIDENCE,False,0,нахуй мне приложение
msg-09797,14960,CONTEXT_ONLY,ATTACH_AS_CORROBORATING_EVIDENCE,False,0,посмотреть
msg-09799,14958,CONTEXT_ONLY,ATTACH_AS_CORROBORATING_EVIDENCE,False,0,поставь приложение
msg-09800,14957,CONTEXT_ONLY,ATTACH_AS_CORROBORATING_EVIDENCE,False,0,на дипсике
msg-09801,14956,CONTEXT_ONLY,ATTACH_AS_CORROBORATING_EVIDENCE,False,0,согл
msg-09804,14953,CONTEXT_ONLY,ATTACH_AS_CORROBORATING_EVIDENCE,False,0,что за приложуха пидорская
msg-09807,14950,CONTEXT_ONLY,ATTACH_AS_CORROBORATING_EVIDENCE,False,0,а так не работает нихуя
msg-09809,14947,CONTEXT_ONLY,CONTEXT_ONLY,False,0,"это не дашуля, там Никита"
msg-09812,14944,CONTEXT_ONLY,CONTEXT_ONLY,False,0,дашуля
msg-09814,14942,CONTEXT_ONLY,ATTACH_AS_CORROBORATING_EVIDENCE,False,0,спасибо всем чуваки
msg-09816,14941,CONTEXT_ONLY,ATTACH_AS_CORROBORATING_EVIDENCE,False,0,оно бы не работало
msg-09817,14940,CONTEXT_ONLY,ATTACH_AS_CORROBORATING_EVIDENCE,False,0,какой клод
msg-09819,14938,CONTEXT_ONLY,ATTACH_AS_CORROBORATING_EVIDENCE,False,0,и че
msg-09820,14937,CONTEXT_ONLY,ATTACH_AS_CORROBORATING_EVIDENCE,False,0,вдруг не поверит
msg-09822,14935,CONTEXT_ONLY,ATTACH_AS_CORROBORATING_EVIDENCE,False,0,че
msg-09823,14934,CONTEXT_ONLY,ATTACH_AS_CORROBORATING_EVIDENCE,False,0,какой клод там в джейле😂
msg-09825,14932,CONTEXT_ONLY,ATTACH_AS_CORROBORATING_EVIDENCE,False,0,в лс кину
msg-09826,14931,CONTEXT_ONLY,ATTACH_AS_CORROBORATING_EVIDENCE,False,0,в лс напиши
msg-09827,14930,CONTEXT_ONLY,ATTACH_AS_CORROBORATING_EVIDENCE,False,0,кинь пожалуйста
msg-09828,14929,CONTEXT_ONLY,ATTACH_AS_CORROBORATING_EVIDENCE,False,0,он и нужен
msg-09829,14928,CONTEXT_ONLY,ATTACH_AS_CORROBORATING_EVIDENCE,False,0,ну вот
msg-09830,14927,CONTEXT_ONLY,ATTACH_AS_CORROBORATING_EVIDENCE,False,0,джейлбрейки есть
msg-09834,14907,CONTEXT_ONLY,CONTEXT_ONLY,False,0,гпт точно
msg-09835,14906,CONTEXT_ONLY,CONTEXT_ONLY,False,0,на процентов 30%
msg-09836,14905,CONTEXT_ONLY,CONTEXT_ONLY,False,0,отупели
msg-09838,15039,CONTEXT_ONLY,CONTEXT_ONLY,False,0,Надо выдать
msg-09839,15038,CONTEXT_ONLY,CONTEXT_ONLY,False,0,"да я понял, все норм"
msg-09840,14925,CONTEXT_ONLY,CONTEXT_ONLY,False,0,макс
msg-09844,15034,CONTEXT_ONLY,CONTEXT_ONLY,False,0,бывает
msg-09845,14903,CONTEXT_ONLY,CONTEXT_ONLY,False,0,Спасибо!!
msg-09850,15029,CONTEXT_ONLY,CONTEXT_ONLY,False,0,Довайкодился
msg-09854,15024,CONTEXT_ONLY,CONTEXT_ONLY,False,0,r-portal тоже лег?
msg-09856,14923,CONTEXT_ONLY,CONTEXT_ONLY,False,0,freexzteam_bot
msg-09857,14922,CONTEXT_ONLY,CONTEXT_ONLY,False,0,Как говорится карма настигла)
msg-09858,14921,CONTEXT_ONLY,CONTEXT_ONLY,False,0,Это кто ?😨
msg-09859,15023,CONTEXT_ONLY,CONTEXT_ONLY,False,0,необычно так сказать)
msg-09863,15020,CONTEXT_ONLY,CONTEXT_ONLY,False,0,Ты про что ?
msg-09865,15018,CONTEXT_ONLY,CONTEXT_ONLY,False,0,Хорошо
msg-09868,14917,CONTEXT_ONLY,CONTEXT_ONLY,False,0,Что ? 😳
msg-09872,15015,CONTEXT_ONLY,CONTEXT_ONLY,False,0,спасибо хорошо
msg-09873,15014,CONTEXT_ONLY,CONTEXT_ONLY,False,0,Мы о вас заботимся
msg-09876,15011,CONTEXT_ONLY,CONTEXT_ONLY,False,0,А как фиксили?
msg-09883,15005,CONTEXT_ONLY,CONTEXT_ONLY,False,0,как всегда вовремя бл
msg-09884,15003,CONTEXT_ONLY,CONTEXT_ONLY,False,0,Перспективно
msg-09885,15002,CONTEXT_ONLY,CONTEXT_ONLY,False,0,сдох апи
msg-09886,14881,CONTEXT_ONLY,CONTEXT_ONLY,False,0,ура
msg-09887,14880,CONTEXT_ONLY,CONTEXT_ONLY,False,0,кайф
msg-09888,14879,CONTEXT_ONLY,CONTEXT_ONLY,False,0,мда
msg-09889,14878,CONTEXT_ONLY,CONTEXT_ONLY,False,0,и ему бутылкой дали?
msg-09890,14877,CONTEXT_ONLY,CONTEXT_ONLY,False,0,ваш парень вступился
msg-09892,14875,CONTEXT_ONLY,CONTEXT_ONLY,False,0,всм не понял
msg-09893,14874,CONTEXT_ONLY,CONTEXT_ONLY,False,0,прям жоско
msg-09896,14872,CONTEXT_ONLY,CONTEXT_ONLY,False,0,хз
msg-09897,14871,CONTEXT_ONLY,CONTEXT_ONLY,False,0,ты шо так это
msg-09901,15000,CONTEXT_ONLY,ATTACH_AS_CORROBORATING_EVIDENCE,False,0,также
msg-09903,14997,CONTEXT_ONLY,CONTEXT_ONLY,False,0,сайт тоже лежит
msg-09905,14994,CONTEXT_ONLY,CONTEXT_ONLY,False,0,Легла апи?
msg-09906,14900,CONTEXT_ONLY,CONTEXT_ONLY,False,0,мне для сервисов нужно
msg-09908,14898,CONTEXT_ONLY,CONTEXT_ONLY,False,0,"0,2 получается за 1 млн"
msg-09909,14992,CONTEXT_ONLY,CONTEXT_ONLY,False,0,Ну ладно
msg-09910,14991,CONTEXT_ONLY,CONTEXT_ONLY,False,0,"Уже пофиксили, ценой 5 акков"
msg-09912,14897,CONTEXT_ONLY,CONTEXT_ONLY,False,0,Покупай самый макс
msg-09914,14989,CONTEXT_ONLY,CONTEXT_ONLY,False,0,Какой
msg-09916,14895,CONTEXT_ONLY,CONTEXT_ONLY,False,0,недельный 50кк - 80кк
msg-09918,14893,CONTEXT_ONLY,CONTEXT_ONLY,False,0,и макс была
msg-09919,14892,CONTEXT_ONLY,CONTEXT_ONLY,False,0,и про щас
msg-09920,14891,CONTEXT_ONLY,CONTEXT_ONLY,False,0,знаю у меня и обычная была
msg-09922,14889,CONTEXT_ONLY,CONTEXT_ONLY,False,0,хз скок сделать
msg-09923,14888,CONTEXT_ONLY,CONTEXT_ONLY,False,0,базовая
msg-09924,14887,CONTEXT_ONLY,CONTEXT_ONLY,False,0,1 ток
msg-09925,14886,CONTEXT_ONLY,CONTEXT_ONLY,False,0,по подписке
msg-09931,14862,CONTEXT_ONLY,CONTEXT_ONLY,False,0,завтра праздник
msg-09932,14860,CONTEXT_ONLY,CONTEXT_ONLY,False,0,Меня ждать крыса
msg-09933,14859,CONTEXT_ONLY,CONTEXT_ONLY,False,0,спасибо мишка
msg-09934,14858,CONTEXT_ONLY,CONTEXT_ONLY,False,0,сколько стоить будет?
msg-09937,14856,CONTEXT_ONLY,CONTEXT_ONLY,False,0,Нет ждать
msg-09938,14855,CONTEXT_ONLY,CONTEXT_ONLY,False,0,Жиза
msg-09939,14853,CONTEXT_ONLY,CONTEXT_ONLY,False,0,Бляяяя
msg-09941,14850,CONTEXT_ONLY,CONTEXT_ONLY,False,0,если сделали возврат
msg-09944,14848,CONTEXT_ONLY,CONTEXT_ONLY,False,0,Бедный
msg-09945,14847,CONTEXT_ONLY,CONTEXT_ONLY,False,0,Лох
msg-09948,14844,CONTEXT_ONLY,CONTEXT_ONLY,False,0,Сука
msg-09949,14843,CONTEXT_ONLY,CONTEXT_ONLY,False,0,Фак ю саш
msg-09950,14842,CONTEXT_ONLY,CONTEXT_ONLY,False,0,Бакс дай
msg-09951,14840,CONTEXT_ONLY,CONTEXT_ONLY,False,0,я пью больше
msg-09953,14837,CONTEXT_ONLY,CONTEXT_ONLY,False,0,и в лягушатник купаться
msg-09954,14835,CONTEXT_ONLY,CONTEXT_ONLY,False,0,креветкой закусить шестидесятилетней
msg-09956,14833,CONTEXT_ONLY,CONTEXT_ONLY,False,0,Что для тебя умеренная выпивка пива?
msg-09957,14832,CONTEXT_ONLY,CONTEXT_ONLY,False,0,Похуй я закину
msg-09958,14831,CONTEXT_ONLY,CONTEXT_ONLY,False,0,ты что еблан у меня ипотека
msg-09959,14830,CONTEXT_ONLY,CONTEXT_ONLY,False,0,чтобы горло расплавилось
msg-09960,14829,CONTEXT_ONLY,CONTEXT_ONLY,False,0,на вкус так же
msg-09961,14828,CONTEXT_ONLY,CONTEXT_ONLY,False,0,Спорт сука
msg-09962,14827,CONTEXT_ONLY,CONTEXT_ONLY,False,0,нет пукнул
msg-09963,14826,CONTEXT_ONLY,CONTEXT_ONLY,False,0,самогонку бабушкину нахуй
msg-09965,14824,CONTEXT_ONLY,CONTEXT_ONLY,False,0,кончил?
msg-09966,14823,CONTEXT_ONLY,CONTEXT_ONLY,False,0,пахла хлебушком
msg-09967,14822,CONTEXT_ONLY,CONTEXT_ONLY,False,0,всплывает сперма
msg-09969,14820,CONTEXT_ONLY,CONTEXT_ONLY,False,0,пукаем
msg-09971,14818,CONTEXT_ONLY,CONTEXT_ONLY,False,0,я и ты
msg-09973,14816,CONTEXT_ONLY,CONTEXT_ONLY,False,0,Купаться в бассейне
msg-09976,14813,CONTEXT_ONLY,CONTEXT_ONLY,False,0,водку хуярить надо сука
msg-09978,14810,CONTEXT_ONLY,CONTEXT_ONLY,False,0,можно сфидить от панкреонекроза
msg-09981,14807,CONTEXT_ONLY,CONTEXT_ONLY,False,0,Отставить пьянку в опричнине
msg-09982,14806,CONTEXT_ONLY,CONTEXT_ONLY,False,0,водка сука
msg-09983,14805,CONTEXT_ONLY,CONTEXT_ONLY,False,0,это правильно
msg-09985,14803,CONTEXT_ONLY,CONTEXT_ONLY,False,0,но не забухивайтесь
msg-09988,14800,CONTEXT_ONLY,CONTEXT_ONLY,False,0,Бля кстати а запись будет?
msg-09989,14799,CONTEXT_ONLY,CONTEXT_ONLY,False,0,вы никто блять
msg-09992,14796,CONTEXT_ONLY,CONTEXT_ONLY,False,0,Ааа блять
msg-09993,14795,CONTEXT_ONLY,CONTEXT_ONLY,False,0,Да с этанолом все и так понятно
msg-09994,14793,CONTEXT_ONLY,CONTEXT_ONLY,False,0,Я в споре проебал
msg-09997,14789,CONTEXT_ONLY,CONTEXT_ONLY,False,0,ща дс норм?
msg-09999,14788,CONTEXT_ONLY,CONTEXT_ONLY,False,0,бля
msg-10004,14783,CONTEXT_ONLY,CONTEXT_ONLY,False,0,"А, ну тут мой проеб"
msg-10006,14781,CONTEXT_ONLY,CONTEXT_ONLY,False,0,мудак ты ёбанный
msg-10008,14779,CONTEXT_ONLY,CONTEXT_ONLY,False,0,Тут уже предрасположенность
msg-10011,14776,CONTEXT_ONLY,CONTEXT_ONLY,False,0,и всякая другая мерзость
msg-10012,14775,CONTEXT_ONLY,CONTEXT_ONLY,False,0,будет шум в ушах
msg-10014,14773,CONTEXT_ONLY,CONTEXT_ONLY,False,0,Для борьбы да
msg-10017,14769,CONTEXT_ONLY,CONTEXT_ONLY,False,0,Сервисы не подходят
msg-10020,14767,CONTEXT_ONLY,CONTEXT_ONLY,False,0,ну немножко хотябы
msg-10021,14766,CONTEXT_ONLY,CONTEXT_ONLY,False,0,А шея не поможет
msg-10024,14763,CONTEXT_ONLY,CONTEXT_ONLY,False,0,а шея?
msg-10027,14760,CONTEXT_ONLY,CONTEXT_ONLY,False,0,Видосики
msg-10028,14759,CONTEXT_ONLY,CONTEXT_ONLY,False,0,ой
msg-10029,14756,CONTEXT_ONLY,CONTEXT_ONLY,False,0,"Монтаже чего, здания?"
msg-10030,14758,CONTEXT_ONLY,CONTEXT_ONLY,False,0,и без всякого пыва
msg-10035,14751,CONTEXT_ONLY,CONTEXT_ONLY,False,0,блять чел
msg-10039,14747,CONTEXT_ONLY,CONTEXT_ONLY,False,0,он канчок
msg-10042,14744,CONTEXT_ONLY,CONTEXT_ONLY,False,0,спор ни о чём
msg-10043,14743,CONTEXT_ONLY,CONTEXT_ONLY,False,0,"то что там написано что это ""фитоэстроген"""
msg-10047,14739,CONTEXT_ONLY,CONTEXT_ONLY,False,0,Да
msg-10048,14738,CONTEXT_ONLY,CONTEXT_ONLY,False,0,тогда иди нахуй
msg-10049,14737,CONTEXT_ONLY,CONTEXT_ONLY,False,0,нет
msg-10052,14734,CONTEXT_ONLY,CONTEXT_ONLY,False,0,Алмазный пивозавр
msg-10053,14733,CONTEXT_ONLY,CONTEXT_ONLY,False,0,Икзаксантогумол?
msg-10056,14730,CONTEXT_ONLY,CONTEXT_ONLY,False,0,Заспиртовался
msg-10057,14729,CONTEXT_ONLY,CONTEXT_ONLY,False,0,яша
msg-10058,14728,CONTEXT_ONLY,CONTEXT_ONLY,False,0,Я его пил - консервировался
msg-10059,14727,CONTEXT_ONLY,CONTEXT_ONLY,False,0,Ксантогумол шутка?
msg-10060,14726,CONTEXT_ONLY,CONTEXT_ONLY,False,0,Это все пиво
msg-10061,14725,CONTEXT_ONLY,CONTEXT_ONLY,False,0,vpn надо сайту
msg-10063,14723,CONTEXT_ONLY,CONTEXT_ONLY,False,0,Бля
msg-10066,14720,CONTEXT_ONLY,CONTEXT_ONLY,False,0,Спрашивай
msg-10067,14719,CONTEXT_ONLY,CONTEXT_ONLY,False,0,Мне 31
msg-10068,14718,CONTEXT_ONLY,CONTEXT_ONLY,False,0,Углеводоебы или жироебы
msg-10070,14716,CONTEXT_ONLY,CONTEXT_ONLY,False,0,пиздло ты ёбанное
msg-10072,14714,CONTEXT_ONLY,CONTEXT_ONLY,False,0,Зачем
msg-10074,14712,CONTEXT_ONLY,CONTEXT_ONLY,False,0,Кто кого выебет
msg-10076,14710,CONTEXT_ONLY,CONTEXT_ONLY,False,0,пиздишь как дышишь
msg-10077,14709,CONTEXT_ONLY,CONTEXT_ONLY,False,0,спать
msg-10080,14706,CONTEXT_ONLY,CONTEXT_ONLY,False,0,всё кароче
msg-10082,14704,CONTEXT_ONLY,CONTEXT_ONLY,False,0,это не на долго
msg-10085,14701,CONTEXT_ONLY,CONTEXT_ONLY,False,0,Купленных
msg-10088,14698,CONTEXT_ONLY,CONTEXT_ONLY,False,0,иди нахуй
msg-10090,14696,CONTEXT_ONLY,CONTEXT_ONLY,False,0,сахар упал бы
msg-10091,14695,CONTEXT_ONLY,CONTEXT_ONLY,False,0,Понял
msg-10092,14694,CONTEXT_ONLY,CONTEXT_ONLY,False,0,Пивом. Самоутвердиться.
msg-10093,14693,CONTEXT_ONLY,CONTEXT_ONLY,False,0,+ эстроген
msg-10095,14691,CONTEXT_ONLY,CONTEXT_ONLY,False,0,чтоб самоутвердиться
msg-10096,14690,CONTEXT_ONLY,CONTEXT_ONLY,False,0,Верю
msg-10100,14686,CONTEXT_ONLY,CONTEXT_ONLY,False,0,Чтоб что?
msg-10101,14685,CONTEXT_ONLY,CONTEXT_ONLY,False,0,Смысл пиздеть?
msg-10102,14684,CONTEXT_ONLY,CONTEXT_ONLY,False,0,я тебя перепью как нехуй делать
msg-10107,14679,CONTEXT_ONLY,CONTEXT_ONLY,False,0,Кому как
msg-10108,14678,CONTEXT_ONLY,CONTEXT_ONLY,False,0,Мб и мало
msg-10109,14677,CONTEXT_ONLY,CONTEXT_ONLY,False,0,Литра по 4-5
msg-10110,14676,CONTEXT_ONLY,CONTEXT_ONLY,False,0,мало пил
msg-10111,14675,CONTEXT_ONLY,CONTEXT_ONLY,False,0,а
msg-10116,14670,CONTEXT_ONLY,CONTEXT_ONLY,False,0,Так что все слишком индивидуально
msg-10121,14665,CONTEXT_ONLY,CONTEXT_ONLY,False,0,а ты в зал ходишь?
msg-10123,14663,CONTEXT_ONLY,CONTEXT_ONLY,False,0,лучше не покупай
msg-10124,14662,CONTEXT_ONLY,CONTEXT_ONLY,False,0,хотя не
msg-10125,14661,CONTEXT_ONLY,CONTEXT_ONLY,False,0,вот купи пауланера
msg-10126,14660,CONTEXT_ONLY,CONTEXT_ONLY,False,0,заебись
msg-10128,14658,CONTEXT_ONLY,CONTEXT_ONLY,False,0,какую марку?
msg-10129,14657,CONTEXT_ONLY,CONTEXT_ONLY,False,0,что ты купил?
msg-10142,14644,CONTEXT_ONLY,CONTEXT_ONLY,False,0,Да все индивидуально сука
msg-10143,14643,CONTEXT_ONLY,CONTEXT_ONLY,False,0,тупо обновляется страница
msg-10147,14639,CONTEXT_ONLY,CONTEXT_ONLY,False,0,Рета заебись тема
msg-10148,14638,CONTEXT_ONLY,CONTEXT_ONLY,False,0,не надо ничё колоть
msg-10149,14637,CONTEXT_ONLY,CONTEXT_ONLY,False,0,+
msg-10154,14630,CONTEXT_ONLY,CONTEXT_ONLY,False,0,176
msg-10155,14629,CONTEXT_ONLY,CONTEXT_ONLY,False,0,У тебя какой рост
msg-10156,14628,CONTEXT_ONLY,CONTEXT_ONLY,False,0,Фича pro подписки
msg-10157,14627,CONTEXT_ONLY,CONTEXT_ONLY,False,0,ХАХАХАХАХАХА
msg-10164,14620,CONTEXT_ONLY,CONTEXT_ONLY,False,0,я тоже так думал
msg-10167,14617,CONTEXT_ONLY,CONTEXT_ONLY,False,0,булгур
msg-10169,14615,CONTEXT_ONLY,CONTEXT_ONLY,False,0,а чёрный хлеб там
msg-10172,14612,CONTEXT_ONLY,CONTEXT_ONLY,False,0,угли надо есть
msg-10173,14611,CONTEXT_ONLY,CONTEXT_ONLY,False,0,по времени
msg-10174,14610,CONTEXT_ONLY,CONTEXT_ONLY,False,0,сколько заняло
msg-10176,14608,CONTEXT_ONLY,CONTEXT_ONLY,False,0,Вот и думайте
msg-10178,14606,CONTEXT_ONLY,CONTEXT_ONLY,False,0,Ребят вы поймите
msg-10181,14603,CONTEXT_ONLY,CONTEXT_ONLY,False,0,ХАХАХААХАХХАХАХАХААХ
msg-10182,14602,CONTEXT_ONLY,CONTEXT_ONLY,False,0,вы видели Смаева?
msg-10183,14601,CONTEXT_ONLY,CONTEXT_ONLY,False,0,дело в курсах
msg-10190,14594,CONTEXT_ONLY,CONTEXT_ONLY,False,0,Естественно
msg-10191,14593,CONTEXT_ONLY,CONTEXT_ONLY,False,0,Да братан
msg-10192,14592,CONTEXT_ONLY,CONTEXT_ONLY,False,0,с микропластиком
msg-10194,14590,CONTEXT_ONLY,CONTEXT_ONLY,False,0,держу в курсе
msg-10195,14589,CONTEXT_ONLY,CONTEXT_ONLY,False,0,фича опенАИ
msg-10197,14587,CONTEXT_ONLY,CONTEXT_ONLY,False,0,Ахуенно
msg-10199,14585,CONTEXT_ONLY,CONTEXT_ONLY,False,0,жрите сложные углеводы
msg-10200,14584,CONTEXT_ONLY,CONTEXT_ONLY,False,0,заряду
msg-10203,14580,CONTEXT_ONLY,CONTEXT_ONLY,False,0,вы ебанутые что ли
msg-10207,14576,CONTEXT_ONLY,CONTEXT_ONLY,False,0,у тебя не прям кето
msg-10209,14574,CONTEXT_ONLY,CONTEXT_ONLY,False,0,в каком смысле скотенеют
msg-10212,14571,CONTEXT_ONLY,CONTEXT_ONLY,False,0,В лс напишу
msg-10217,14566,CONTEXT_ONLY,CONTEXT_ONLY,False,0,я не против
msg-10218,14565,CONTEXT_ONLY,CONTEXT_ONLY,False,0,Мда уж
msg-10219,14564,CONTEXT_ONLY,CONTEXT_ONLY,False,0,бля удалите выходные
msg-10221,14562,NEEDS_ENRICHMENT,CONTEXT_ONLY,False,1,https://vt.tiktok.com/ZSCkTUpsp/
msg-10222,14561,CONTEXT_ONLY,CONTEXT_ONLY,False,0,Схах
msg-10224,14559,CONTEXT_ONLY,CONTEXT_ONLY,False,0,Поддерживаю.
msg-10228,14556,CONTEXT_ONLY,CONTEXT_ONLY,False,0,Факт
msg-10229,14554,CONTEXT_ONLY,CONTEXT_ONLY,False,0,голубоглазые
msg-10230,14553,CONTEXT_ONLY,CONTEXT_ONLY,False,0,и бабы у них красивые
msg-10232,14551,CONTEXT_ONLY,CONTEXT_ONLY,False,0,Я эстонец
msg-10233,14549,CONTEXT_ONLY,CONTEXT_ONLY,False,0,они просто спокойные
msg-10235,14548,CONTEXT_ONLY,CONTEXT_ONLY,False,0,охуенный тип был
msg-10236,14547,CONTEXT_ONLY,CONTEXT_ONLY,False,0,я в дейз с эстонцом играл
msg-10237,14546,CONTEXT_ONLY,CONTEXT_ONLY,False,0,нахуй вы пиздите
msg-10238,14545,CONTEXT_ONLY,CONTEXT_ONLY,False,0,эстонцы порядочные люди
msg-10243,14539,CONTEXT_ONLY,CONTEXT_ONLY,False,0,"Нет, сынок, это фантастика"
msg-10247,14535,CONTEXT_ONLY,CONTEXT_ONLY,False,0,у меня есть план б
msg-10250,14532,CONTEXT_ONLY,CONTEXT_ONLY,False,0,титаном
msg-10251,14531,CONTEXT_ONLY,CONTEXT_ONLY,False,0,Она просто блядь.
msg-10254,14528,CONTEXT_ONLY,CONTEXT_ONLY,False,0,А челюгу протезируют?
msg-10256,14526,CONTEXT_ONLY,CONTEXT_ONLY,False,0,ты ахуел
msg-10260,14522,CONTEXT_ONLY,CONTEXT_ONLY,False,0,нахуй надо
msg-10262,14521,CONTEXT_ONLY,CONTEXT_ONLY,False,0,ногу оторвало там
msg-10266,14516,CONTEXT_ONLY,CONTEXT_ONLY,False,0,у меня вот знакомому
msg-10269,14514,CONTEXT_ONLY,CONTEXT_ONLY,False,0,тогда
msg-10271,14511,CONTEXT_ONLY,CONTEXT_ONLY,False,0,я вживую
msg-10273,14509,CONTEXT_ONLY,CONTEXT_ONLY,False,0,старый старый
msg-10274,14508,CONTEXT_ONLY,CONTEXT_ONLY,False,0,я видел видос такой
msg-10278,14505,CONTEXT_ONLY,CONTEXT_ONLY,False,0,и чел живой остался
msg-10279,14503,CONTEXT_ONLY,CONTEXT_ONLY,False,0,я видел как челюсть сносило
msg-10280,14502,CONTEXT_ONLY,CONTEXT_ONLY,False,0,😳😳😳😳😳ох
msg-10285,14497,CONTEXT_ONLY,CONTEXT_ONLY,False,0,ну я про другое
msg-10287,14494,CONTEXT_ONLY,CONTEXT_ONLY,False,0,z код это офишал глм
msg-10288,14493,CONTEXT_ONLY,CONTEXT_ONLY,False,0,ну щас да
msg-10290,14491,CONTEXT_ONLY,CONTEXT_ONLY,False,0,В пивняках к шашлыкам
msg-10291,14490,CONTEXT_ONLY,CONTEXT_ONLY,False,0,от изжоги норм
msg-10293,14488,CONTEXT_ONLY,CONTEXT_ONLY,False,0,Питательны
msg-10294,14487,CONTEXT_ONLY,CONTEXT_ONLY,False,0,сомнительно
msg-10295,14483,CONTEXT_ONLY,CONTEXT_ONLY,False,0,а настоящая модель
msg-10299,14482,CONTEXT_ONLY,CONTEXT_ONLY,False,0,не клоудфлетр
msg-10300,14481,CONTEXT_ONLY,CONTEXT_ONLY,False,0,не з код
msg-10301,14480,CONTEXT_ONLY,CONTEXT_ONLY,False,0,в мешках которые продаются
msg-10302,14479,CONTEXT_ONLY,CONTEXT_ONLY,False,0,нет
msg-10305,14475,CONTEXT_ONLY,CONTEXT_ONLY,False,0,нет
msg-10306,14476,CONTEXT_ONLY,CONTEXT_ONLY,False,0,Ресерч ЧЕГО
msg-10308,14473,CONTEXT_ONLY,CONTEXT_ONLY,False,0,а че)
msg-10310,14471,CONTEXT_ONLY,CONTEXT_ONLY,False,0,хорошо ты придумал
msg-10311,14470,CONTEXT_ONLY,CONTEXT_ONLY,False,0,пиздун ты ёбанный
msg-10313,14467,CONTEXT_ONLY,CONTEXT_ONLY,False,0,glm 5.2
msg-10315,14466,CONTEXT_ONLY,CONTEXT_ONLY,False,0,угли не жрать
msg-10316,14465,CONTEXT_ONLY,CONTEXT_ONLY,False,0,На что обуз?
msg-10319,14462,CONTEXT_ONLY,CONTEXT_ONLY,False,0,нужна кому ?
msg-10321,14460,CONTEXT_ONLY,CONTEXT_ONLY,False,0,по глм 5.2
msg-10323,14459,CONTEXT_ONLY,CONTEXT_ONLY,False,0,++
msg-10325,14456,CONTEXT_ONLY,CONTEXT_ONLY,False,0,и админ тигр
msg-10327,14454,CONTEXT_ONLY,CONTEXT_ONLY,False,0,ему не очевидно
msg-10328,14453,CONTEXT_ONLY,CONTEXT_ONLY,False,0,и дешево
msg-10329,14452,CONTEXT_ONLY,CONTEXT_ONLY,False,0,тут все стабильно
msg-10330,14451,CONTEXT_ONLY,CONTEXT_ONLY,False,0,у меня абуз хороший
msg-10331,14450,CONTEXT_ONLY,CONTEXT_ONLY,False,0,ну да
msg-10335,14445,CONTEXT_ONLY,CONTEXT_ONLY,False,0,глм и дипсик...
msg-10336,14446,CONTEXT_ONLY,CONTEXT_ONLY,False,0,Это ж очевидно
msg-10338,14443,CONTEXT_ONLY,CONTEXT_ONLY,False,0,пацаны
msg-10339,14442,CONTEXT_ONLY,CONTEXT_ONLY,False,0,серьезно
msg-10342,14439,CONTEXT_ONLY,CONTEXT_ONLY,False,0,"а, даже так"
msg-10345,14435,CONTEXT_ONLY,CONTEXT_ONLY,False,0,в моделях же указано
msg-10346,14436,CONTEXT_ONLY,CONTEXT_ONLY,False,0,Молчания
msg-10349,14432,CONTEXT_ONLY,CONTEXT_ONLY,False,0,ну не совсем
msg-10350,14431,CONTEXT_ONLY,CONTEXT_ONLY,False,0,у меня абузные прошки
msg-10351,14430,CONTEXT_ONLY,CONTEXT_ONLY,False,0,будет на обет.
msg-10353,14428,CONTEXT_ONLY,CONTEXT_ONLY,False,0,следующая твоя собака
msg-10355,14426,CONTEXT_ONLY,CONTEXT_ONLY,False,0,а ты
msg-10356,14425,CONTEXT_ONLY,CONTEXT_ONLY,False,0,я да
msg-10357,14424,CONTEXT_ONLY,CONTEXT_ONLY,False,0,каждый день
msg-10358,14423,CONTEXT_ONLY,CONTEXT_ONLY,False,0,сидеть грызть рис
msg-10360,14421,CONTEXT_ONLY,CONTEXT_ONLY,False,0,какие нахуй
msg-10361,14420,CONTEXT_ONLY,CONTEXT_ONLY,False,0,+деятельность какая-та
msg-10362,14419,CONTEXT_ONLY,CONTEXT_ONLY,False,0,Вы угараете
msg-10363,14418,CONTEXT_ONLY,CONTEXT_ONLY,False,0,например
msg-10364,14417,CONTEXT_ONLY,CONTEXT_ONLY,False,0,здоровым сон
msg-10365,14416,CONTEXT_ONLY,CONTEXT_ONLY,False,0,но это совокупность факторов
msg-10367,14414,CONTEXT_ONLY,CONTEXT_ONLY,False,0,Мысль там
msg-10370,14410,CONTEXT_ONLY,CONTEXT_ONLY,False,0,это же вредно
msg-10372,14408,CONTEXT_ONLY,CONTEXT_ONLY,False,0,хохла рин
msg-10373,14407,CONTEXT_ONLY,CONTEXT_ONLY,False,0,похуй же
msg-10377,14403,CONTEXT_ONLY,CONTEXT_ONLY,False,0,+-
msg-10381,14399,CONTEXT_ONLY,CONTEXT_ONLY,False,0,общий ущерб
msg-10386,14394,CONTEXT_ONLY,CONTEXT_ONLY,False,0,Уже всо
msg-10388,14392,CONTEXT_ONLY,CONTEXT_ONLY,False,0,На боевик
msg-10389,14391,CONTEXT_ONLY,CONTEXT_ONLY,False,0,25 это нихуя себе
msg-10390,14390,CONTEXT_ONLY,CONTEXT_ONLY,False,0,да
msg-10391,14389,CONTEXT_ONLY,CONTEXT_ONLY,False,0,Матушка говорила же
msg-10394,14386,CONTEXT_ONLY,CONTEXT_ONLY,False,0,Это все от компуктера
msg-10395,14385,CONTEXT_ONLY,CONTEXT_ONLY,False,0,если чт
msg-10396,14384,CONTEXT_ONLY,CONTEXT_ONLY,False,0,с них 2 уже 15к
msg-10397,14383,CONTEXT_ONLY,CONTEXT_ONLY,False,0,Это все шарага ебаная
msg-10398,14382,CONTEXT_ONLY,CONTEXT_ONLY,False,0,на ахуенный спектакль?
msg-10400,14380,CONTEXT_ONLY,CONTEXT_ONLY,False,0,хуй знает
msg-10402,14378,CONTEXT_ONLY,CONTEXT_ONLY,False,0,20-50
msg-10404,14376,CONTEXT_ONLY,CONTEXT_ONLY,False,0,больше
msg-10406,14374,CONTEXT_ONLY,CONTEXT_ONLY,False,0,прикиньте в 24 разваливаюсь
msg-10407,14373,CONTEXT_ONLY,CONTEXT_ONLY,False,0,ну да..
msg-10410,14370,CONTEXT_ONLY,CONTEXT_ONLY,False,0,бля в зал бы
msg-10411,14369,CONTEXT_ONLY,CONTEXT_ONLY,False,0,Старая добрая опричнина
msg-10413,14367,CONTEXT_ONLY,CONTEXT_ONLY,False,0,похуй
msg-10415,14365,CONTEXT_ONLY,CONTEXT_ONLY,False,0,а если еще занимаешься то бомба
msg-10419,14361,CONTEXT_ONLY,ATTACH_AS_CORROBORATING_EVIDENCE,False,0,не ошибешься
msg-10420,14360,CONTEXT_ONLY,CONTEXT_ONLY,False,0,ну вот
msg-10421,14359,CONTEXT_ONLY,CONTEXT_ONLY,False,0,Чё мозгу ебать
msg-10424,14356,CONTEXT_ONLY,ATTACH_AS_CORROBORATING_EVIDENCE,False,0,так ты и шортуй и лонгуй
msg-10428,14352,CONTEXT_ONLY,CONTEXT_ONLY,False,0,я тоже не понял
msg-10429,14351,CONTEXT_ONLY,CONTEXT_ONLY,False,0,😳😳😳😳😳😳😳😳
msg-10432,14348,CONTEXT_ONLY,CONTEXT_ONLY,False,0,А где Серёга
msg-10433,14347,CONTEXT_ONLY,CONTEXT_ONLY,False,0,Иначе мозг страдает
msg-10434,14346,CONTEXT_ONLY,CONTEXT_ONLY,False,0,Угли добавь
msg-10435,14345,CONTEXT_ONLY,CONTEXT_ONLY,False,0,Говорю
msg-10436,14344,CONTEXT_ONLY,CONTEXT_ONLY,False,0,Ну вот
msg-10444,14336,CONTEXT_ONLY,CONTEXT_ONLY,False,0,-
msg-10447,14332,CONTEXT_ONLY,CONTEXT_ONLY,False,0,углеводы мозгу нужны
msg-10449,14330,CONTEXT_ONLY,CONTEXT_ONLY,False,0,это хуево вроде наоборот
msg-10454,14325,CONTEXT_ONLY,CONTEXT_ONLY,False,0,и че
msg-10456,14323,CONTEXT_ONLY,CONTEXT_ONLY,False,0,типо кето диета?
msg-10466,14312,CONTEXT_ONLY,CONTEXT_ONLY,False,0,haha
msg-10470,14308,CONTEXT_ONLY,CONTEXT_ONLY,False,0,Да конечно
msg-10472,14306,CONTEXT_ONLY,CONTEXT_ONLY,False,0,зачем?
msg-10475,14303,CONTEXT_ONLY,CONTEXT_ONLY,False,0,А что средняя 120 - сказали
msg-10476,14302,CONTEXT_ONLY,ATTACH_AS_CORROBORATING_EVIDENCE,False,0,где будет эфир?
msg-10479,14299,CONTEXT_ONLY,CONTEXT_ONLY,False,0,повезло
msg-10481,14297,CONTEXT_ONLY,CONTEXT_ONLY,False,0,Дай бог 40
msg-10489,14289,CONTEXT_ONLY,CONTEXT_ONLY,False,0,Вы таких знаете?
msg-10490,14288,CONTEXT_ONLY,CONTEXT_ONLY,False,0,и так всю жизнь
msg-10493,14285,CONTEXT_ONLY,CONTEXT_ONLY,False,0,его?
msg-10496,14281,CONTEXT_ONLY,CONTEXT_ONLY,False,0,что не найду
msg-10502,14276,CONTEXT_ONLY,CONTEXT_ONLY,False,0,во всем
msg-10504,14274,CONTEXT_ONLY,CONTEXT_ONLY,False,0,которые микропластик видят
msg-10507,14271,CONTEXT_ONLY,CONTEXT_ONLY,False,0,а ты из этих
msg-10508,14270,CONTEXT_ONLY,CONTEXT_ONLY,False,0,А медианная?)
msg-10511,14267,CONTEXT_ONLY,CONTEXT_ONLY,False,0,150к это кура
msg-10512,14266,CONTEXT_ONLY,CONTEXT_ONLY,False,0,так углеводики тоже нужны
msg-10516,14262,CONTEXT_ONLY,CONTEXT_ONLY,False,0,Молодая с кожурой ахуенная
msg-10517,14261,CONTEXT_ONLY,CONTEXT_ONLY,False,0,ну так)
msg-10518,14260,CONTEXT_ONLY,CONTEXT_ONLY,False,0,да тут уже как закрутишься
msg-10519,14259,CONTEXT_ONLY,CONTEXT_ONLY,False,0,Мало
msg-10521,14257,CONTEXT_ONLY,CONTEXT_ONLY,False,0,иди нахуй
msg-10523,14255,CONTEXT_ONLY,CONTEXT_ONLY,False,0,такие тоже есть
msg-10525,14253,CONTEXT_ONLY,CONTEXT_ONLY,False,0,Так сказали
msg-10527,14252,CONTEXT_ONLY,CONTEXT_ONLY,False,0,Ничего не знаю
msg-10528,14251,CONTEXT_ONLY,CONTEXT_ONLY,False,0,бл
msg-10542,14236,CONTEXT_ONLY,CONTEXT_ONLY,False,0,хз шизики
msg-10544,14234,CONTEXT_ONLY,CONTEXT_ONLY,False,0,а че не так в картохе
msg-10545,14233,CONTEXT_ONLY,CONTEXT_ONLY,False,0,или как мелструй
msg-10546,14232,CONTEXT_ONLY,CONTEXT_ONLY,False,0,иначе будете как я
msg-10548,14230,CONTEXT_ONLY,CONTEXT_ONLY,False,0,иди нахуй понял?
msg-10549,14229,CONTEXT_ONLY,CONTEXT_ONLY,False,0,а что тогда
msg-10550,14227,CONTEXT_ONLY,CONTEXT_ONLY,False,0,есть его айпишник
msg-10551,14228,CONTEXT_ONLY,CONTEXT_ONLY,False,0,Да хуй ее
msg-10553,14225,CONTEXT_ONLY,CONTEXT_ONLY,False,0,задумайся
msg-10554,14224,CONTEXT_ONLY,CONTEXT_ONLY,False,0,там говорят лонг или шорт
msg-10555,14223,CONTEXT_ONLY,CONTEXT_ONLY,False,0,ахахах ну это правда
msg-10557,14221,CONTEXT_ONLY,CONTEXT_ONLY,False,0,он правла в израеле
msg-10560,14218,CONTEXT_ONLY,CONTEXT_ONLY,False,0,денег дают там?
msg-10561,14217,CONTEXT_ONLY,CONTEXT_ONLY,False,0,потому что низкий iq
msg-10562,14216,CONTEXT_ONLY,CONTEXT_ONLY,False,0,Поглядим🤷‍♂️
msg-10565,14213,CONTEXT_ONLY,CONTEXT_ONLY,False,0,ну хз
msg-10566,14212,CONTEXT_ONLY,CONTEXT_ONLY,False,0,почему так думаешь?
msg-10569,14210,CONTEXT_ONLY,CONTEXT_ONLY,False,0,пиздит твой дед
msg-10570,14209,CONTEXT_ONLY,CONTEXT_ONLY,False,0,Да не
msg-10571,14207,CONTEXT_ONLY,CONTEXT_ONLY,False,0,8к
msg-10576,14202,CONTEXT_ONLY,CONTEXT_ONLY,False,0,но это не удивительно
msg-10577,14201,CONTEXT_ONLY,CONTEXT_ONLY,False,0,8 это вообще пиздец
msg-10579,14196,CONTEXT_ONLY,CONTEXT_ONLY,False,0,баксов
msg-10580,14192,CONTEXT_ONLY,CONTEXT_ONLY,False,0,Это же пиздец
msg-10583,14183,CONTEXT_ONLY,CONTEXT_ONLY,False,0,"Трейдеры, что с ебалом"
msg-10585,14181,CONTEXT_ONLY,CONTEXT_ONLY,False,0,В час?
msg-10586,14180,CONTEXT_ONLY,CONTEXT_ONLY,False,0,Я к деду гонял
msg-10587,14179,CONTEXT_ONLY,CONTEXT_ONLY,False,0,8к охуетт
msg-10588,14178,CONTEXT_ONLY,CONTEXT_ONLY,False,0,Уже на бентли
msg-10589,14177,CONTEXT_ONLY,CONTEXT_ONLY,False,0,Поднялся шалопай
msg-10590,14176,CONTEXT_ONLY,CONTEXT_ONLY,False,0,Без шуток
msg-10592,14174,CONTEXT_ONLY,CONTEXT_ONLY,False,0,8к
msg-10594,14172,CONTEXT_ONLY,ATTACH_AS_CORROBORATING_EVIDENCE,False,0,Да.
msg-10597,14169,CONTEXT_ONLY,CONTEXT_ONLY,False,0,и все мммм
msg-10599,14167,CONTEXT_ONLY,CONTEXT_ONLY,False,0,Причем не красной
msg-10603,14163,CONTEXT_ONLY,CONTEXT_ONLY,False,0,имба ебанутая выходит
msg-10604,14162,CONTEXT_ONLY,CONTEXT_ONLY,False,0,картоха это жизнь
msg-10605,14161,CONTEXT_ONLY,CONTEXT_ONLY,False,0,сого
msg-10610,14156,CONTEXT_ONLY,CONTEXT_ONLY,False,0,Шикарная
msg-10611,14155,CONTEXT_ONLY,CONTEXT_ONLY,False,0,"Картошка еще, да"
msg-10612,14154,CONTEXT_ONLY,CONTEXT_ONLY,False,0,чем в картохе
msg-10614,14152,CONTEXT_ONLY,CONTEXT_ONLY,False,0,ну да
msg-10620,14144,CONTEXT_ONLY,CONTEXT_ONLY,False,0,окак
msg-10621,14143,CONTEXT_ONLY,CONTEXT_ONLY,False,0,ммммм
msg-10623,14141,CONTEXT_ONLY,CONTEXT_ONLY,False,0,Емае
msg-10624,14140,CONTEXT_ONLY,CONTEXT_ONLY,False,0,Так зайди
msg-10628,14136,CONTEXT_ONLY,CONTEXT_ONLY,False,0,Придется понять тс
msg-10629,14135,CONTEXT_ONLY,CONTEXT_ONLY,False,0,"Ну не ""тупо"""
msg-10630,14134,CONTEXT_ONLY,CONTEXT_ONLY,False,0,Дипдик
msg-10633,14131,CONTEXT_ONLY,CONTEXT_ONLY,False,0,😳☝️
msg-10635,14129,CONTEXT_ONLY,CONTEXT_ONLY,False,0,Нахуй продавать чет
msg-10637,14123,CONTEXT_ONLY,CONTEXT_ONLY,False,0,Сейчас больше выходит
msg-10639,14125,CONTEXT_ONLY,CONTEXT_ONLY,False,0,В дс-е
msg-10641,14120,CONTEXT_ONLY,CONTEXT_ONLY,False,0,Так отбей
msg-10644,14118,CONTEXT_ONLY,CONTEXT_ONLY,False,0,Добродеятель
msg-10651,14111,CONTEXT_ONLY,CONTEXT_ONLY,False,0,сомнительно но окээй
msg-10652,14110,CONTEXT_ONLY,CONTEXT_ONLY,False,0,Биржи его обрабатывают
msg-10653,14109,CONTEXT_ONLY,CONTEXT_ONLY,False,0,Наебка для уебка
msg-10655,14107,CONTEXT_ONLY,CONTEXT_ONLY,False,0,Когда обуч 150к
msg-10658,14103,CONTEXT_ONLY,CONTEXT_ONLY,False,0,Лол
msg-10660,14101,CONTEXT_ONLY,CONTEXT_ONLY,False,0,4к рублей?
msg-10664,14097,CONTEXT_ONLY,CONTEXT_ONLY,False,0,раг через 3 2
msg-10665,14096,CONTEXT_ONLY,CONTEXT_ONLY,False,0,Самозанятый наверное
msg-10666,14094,CONTEXT_ONLY,CONTEXT_ONLY,False,0,на физика что ли?
msg-10668,14093,CONTEXT_ONLY,CONTEXT_ONLY,False,0,гречкой тока давиться
msg-10672,14089,CONTEXT_ONLY,CONTEXT_ONLY,False,0,Докупай
msg-10676,14084,CONTEXT_ONLY,CONTEXT_ONLY,False,0,биржа вероятно какая-то
msg-10677,14083,CONTEXT_ONLY,CONTEXT_ONLY,False,0,булгур там
msg-10679,14081,CONTEXT_ONLY,CONTEXT_ONLY,False,0,А че предложите?
msg-10681,14079,CONTEXT_ONLY,CONTEXT_ONLY,False,0,Это пища чепионов
msg-10682,14078,CONTEXT_ONLY,CONTEXT_ONLY,False,0,не видно его
msg-10684,14076,CONTEXT_ONLY,CONTEXT_ONLY,False,0,+++ тоже не понимал
msg-10687,14073,CONTEXT_ONLY,CONTEXT_ONLY,False,0,как эту хуйню жрут
msg-10688,14072,CONTEXT_ONLY,CONTEXT_ONLY,False,0,греча гойслоп
msg-10690,14070,CONTEXT_ONLY,CONTEXT_ONLY,False,0,всё блять
msg-10692,14068,CONTEXT_ONLY,CONTEXT_ONLY,False,0,дом и тойоту пикам
msg-10693,14067,CONTEXT_ONLY,CONTEXT_ONLY,False,0,что мне нужно для жизни?
msg-10697,14063,CONTEXT_ONLY,CONTEXT_ONLY,False,0,Лан забейте
msg-10703,14057,CONTEXT_ONLY,CONTEXT_ONLY,False,0,у меня есть выбор
msg-10705,14055,CONTEXT_ONLY,CONTEXT_ONLY,False,0,анлак
msg-10708,14052,CONTEXT_ONLY,CONTEXT_ONLY,False,0,а братан музик
msg-10711,14051,CONTEXT_ONLY,CONTEXT_ONLY,False,0,ну так
msg-10712,14048,CONTEXT_ONLY,CONTEXT_ONLY,False,0,В смысле?
msg-10716,14044,CONTEXT_ONLY,CONTEXT_ONLY,False,0,это причём районный центр
msg-10718,14042,CONTEXT_ONLY,CONTEXT_ONLY,False,0,не прикольна
msg-10719,14041,CONTEXT_ONLY,CONTEXT_ONLY,False,0,это правда
msg-10721,14039,CONTEXT_ONLY,CONTEXT_ONLY,False,0,reasoning фильтруеться
msg-10724,14035,CONTEXT_ONLY,CONTEXT_ONLY,False,0,Братух
msg-10725,14036,CONTEXT_ONLY,CONTEXT_ONLY,False,0,и еще кристаллику платить успевает
msg-10726,14034,CONTEXT_ONLY,CONTEXT_ONLY,False,0,как живут люди в провинции
msg-10728,14032,CONTEXT_ONLY,CONTEXT_ONLY,False,0,ну норм
msg-10731,14028,CONTEXT_ONLY,CONTEXT_ONLY,False,0,типа не всё теряет
msg-10733,14026,CONTEXT_ONLY,CONTEXT_ONLY,False,0,На данный момент
msg-10735,14024,CONTEXT_ONLY,CONTEXT_ONLY,False,0,временная ситуация
msg-10736,14023,CONTEXT_ONLY,CONTEXT_ONLY,False,0,если он убыточный
msg-10739,14020,CONTEXT_ONLY,CONTEXT_ONLY,False,0,это стабильная такса для провинции
msg-10740,14019,CONTEXT_ONLY,CONTEXT_ONLY,False,0,ахахах
msg-10742,14017,CONTEXT_ONLY,CONTEXT_ONLY,False,0,в санатории
msg-10747,14012,CONTEXT_ONLY,CONTEXT_ONLY,False,0,ок
msg-10748,14010,CONTEXT_ONLY,CONTEXT_ONLY,False,0,на благо партии
msg-10749,14009,CONTEXT_ONLY,CONTEXT_ONLY,False,0,студент
msg-10751,14008,CONTEXT_ONLY,CONTEXT_ONLY,False,0,портфолио набиваешь
msg-10752,14007,CONTEXT_ONLY,CONTEXT_ONLY,False,0,Типа того
msg-10758,13999,CONTEXT_ONLY,CONTEXT_ONLY,False,0,Бля лекс лучший 🔥
msg-10763,13996,CONTEXT_ONLY,CONTEXT_ONLY,False,0,Аа
msg-10766,13993,CONTEXT_ONLY,CONTEXT_ONLY,False,0,С чего бы
msg-10767,13992,CONTEXT_ONLY,CONTEXT_ONLY,False,0,Нет
msg-10768,13990,CONTEXT_ONLY,CONTEXT_ONLY,False,0,буесу тоже закрывается?
msg-10769,13989,CONTEXT_ONLY,CONTEXT_ONLY,False,0,...
msg-10770,13988,CONTEXT_ONLY,CONTEXT_ONLY,False,0,Наверное
msg-10771,13987,CONTEXT_ONLY,CONTEXT_ONLY,False,0,Когда-нибудь исправлю
msg-10772,13986,CONTEXT_ONLY,CONTEXT_ONLY,False,0,Сижу
msg-10773,13985,CONTEXT_ONLY,CONTEXT_ONLY,False,0,не напоминай ему
msg-10777,13980,CONTEXT_ONLY,CONTEXT_ONLY,False,0,Ну я окупился
msg-10778,13978,CONTEXT_ONLY,CONTEXT_ONLY,False,0,ты счастлив ?
msg-10779,13977,CONTEXT_ONLY,CONTEXT_ONLY,False,0,я верю в тебя Лекс Лютор
msg-10780,13976,CONTEXT_ONLY,CONTEXT_ONLY,False,0,Нет
msg-10781,13975,CONTEXT_ONLY,CONTEXT_ONLY,False,0,еби до 57000
msg-10782,13974,CONTEXT_ONLY,CONTEXT_ONLY,False,0,Значит не заберет
msg-10783,13973,CONTEXT_ONLY,CONTEXT_ONLY,False,0,"Блять, Там тейк"
msg-10785,13971,CONTEXT_ONLY,CONTEXT_ONLY,False,0,туда маленького
msg-10787,13969,CONTEXT_ONLY,CONTEXT_ONLY,False,0,Ахахах ахахах ахахах 😃
msg-10789,13967,CONTEXT_ONLY,CONTEXT_ONLY,False,0,но пытался
msg-10794,13962,CONTEXT_ONLY,CONTEXT_ONLY,False,0,не благодарите…
msg-10795,13961,CONTEXT_ONLY,CONTEXT_ONLY,False,0,биток ~59200
msg-10797,13955,CONTEXT_ONLY,CONTEXT_ONLY,False,0,Да пиздец результат
msg-10798,13957,CONTEXT_ONLY,CONTEXT_ONLY,False,0,Живёт на рандом
msg-10799,13956,CONTEXT_ONLY,CONTEXT_ONLY,False,0,"а, мг"
msg-10800,13954,CONTEXT_ONLY,CONTEXT_ONLY,False,0,Гарантии нет никакой
msg-10802,13952,CONTEXT_ONLY,CONTEXT_ONLY,False,0,хотя узбечки красивые
msg-10804,13950,CONTEXT_ONLY,CONTEXT_ONLY,False,0,У меня 8 дней
msg-10805,13949,CONTEXT_ONLY,CONTEXT_ONLY,False,0,мне хашиш неинтересен
msg-10807,13947,CONTEXT_ONLY,CONTEXT_ONLY,False,0,да я пиво люблю
msg-10808,13946,CONTEXT_ONLY,CONTEXT_ONLY,False,0,Гашиш там бесплатно дают
msg-10810,13944,CONTEXT_ONLY,CONTEXT_ONLY,False,0,38
msg-10811,13943,CONTEXT_ONLY,CONTEXT_ONLY,False,0,Нет
msg-10812,13942,CONTEXT_ONLY,CONTEXT_ONLY,False,0,у меня контракт с эстонской галерой
msg-10813,13941,CONTEXT_ONLY,CONTEXT_ONLY,False,0,полляма афгани?
msg-10814,13939,CONTEXT_ONLY,CONTEXT_ONLY,False,0,"а, так не интересно"
msg-10816,13938,CONTEXT_ONLY,CONTEXT_ONLY,False,0,а себе от себя
msg-10820,13934,CONTEXT_ONLY,CONTEXT_ONLY,False,0,ну от фирмы
msg-10824,13930,CONTEXT_ONLY,CONTEXT_ONLY,False,0,есть идея
msg-10825,13929,CONTEXT_ONLY,CONTEXT_ONLY,False,0,у тебя же корпорат
msg-10827,13927,CONTEXT_ONLY,CONTEXT_ONLY,False,0,так а зачем тебе она
msg-10828,13926,CONTEXT_ONLY,CONTEXT_ONLY,False,0,помню жил в хостеле
msg-10830,13923,CONTEXT_ONLY,CONTEXT_ONLY,False,0,РУБЛЕЙ
msg-10831,13922,CONTEXT_ONLY,CONTEXT_ONLY,False,0,а не 45к
msg-10833,13919,CONTEXT_ONLY,CONTEXT_ONLY,False,0,Хера ты наклянчил)
msg-10834,13917,CONTEXT_ONLY,ATTACH_AS_CORROBORATING_EVIDENCE,False,0,Селфхост обязательно
msg-10835,13916,CONTEXT_ONLY,CONTEXT_ONLY,False,0,Его спонсируют
msg-10841,13910,CONTEXT_ONLY,CONTEXT_ONLY,False,0,Рублей
msg-10842,13909,CONTEXT_ONLY,CONTEXT_ONLY,False,0,Еба ты красавчик
msg-10843,13908,CONTEXT_ONLY,CONTEXT_ONLY,False,0,Да ну нахуй
msg-10844,13907,CONTEXT_ONLY,CONTEXT_ONLY,False,0,10к
msg-10845,13906,CONTEXT_ONLY,CONTEXT_ONLY,False,0,открываем шорты
msg-10851,13899,CONTEXT_ONLY,CONTEXT_ONLY,False,0,Ахуенная новость
msg-10852,13898,CONTEXT_ONLY,CONTEXT_ONLY,False,0,Ну как скажешь))
msg-10854,13895,CONTEXT_ONLY,CONTEXT_ONLY,False,0,заебал
msg-10855,13894,CONTEXT_ONLY,CONTEXT_ONLY,False,0,да хвой хуйня
msg-10864,13885,CONTEXT_ONLY,CONTEXT_ONLY,False,0,Нихуя не поможет
msg-10870,13879,CONTEXT_ONLY,CONTEXT_ONLY,False,0,"Ну, вообще - смысл?"
msg-10871,13878,CONTEXT_ONLY,CONTEXT_ONLY,False,0,А смысл пиздеть?
msg-10873,13876,CONTEXT_ONLY,CONTEXT_ONLY,False,0,Но тебе верю
msg-10874,13875,CONTEXT_ONLY,CONTEXT_ONLY,False,0,мне понравилось у него
msg-10877,13872,CONTEXT_ONLY,CONTEXT_ONLY,False,0,варианты вроде ищет
msg-10879,13870,CONTEXT_ONLY,CONTEXT_ONLY,False,0,с чего ты взял
msg-10880,13869,CONTEXT_ONLY,CONTEXT_ONLY,False,0,Живодер
msg-10881,13868,CONTEXT_ONLY,CONTEXT_ONLY,False,0,Понял тебя
msg-10882,13867,CONTEXT_ONLY,CONTEXT_ONLY,False,0,Пробовал
msg-10883,13865,CONTEXT_ONLY,CONTEXT_ONLY,False,0,На gt210
msg-10884,13864,CONTEXT_ONLY,CONTEXT_ONLY,False,0,А ты откуда знаешь
msg-10886,13863,CONTEXT_ONLY,CONTEXT_ONLY,False,0,Квен 3.5 селфхост
msg-10887,13862,CONTEXT_ONLY,CONTEXT_ONLY,False,0,"Жестковата, варить долго"
msg-10888,13859,CONTEXT_ONLY,CONTEXT_ONLY,False,0,щас фингерпринтики смотрю
msg-10892,13857,CONTEXT_ONLY,CONTEXT_ONLY,False,0,глм 5.1 + промт
msg-10893,13855,CONTEXT_ONLY,CONTEXT_ONLY,False,0,собачатина говорят вкусная
msg-10897,13851,CONTEXT_ONLY,CONTEXT_ONLY,False,0,живая консерва
msg-10898,13850,CONTEXT_ONLY,CONTEXT_ONLY,False,0,Так и знал что падать будем
msg-10900,13848,CONTEXT_ONLY,CONTEXT_ONLY,False,0,хз
msg-10901,13847,CONTEXT_ONLY,CONTEXT_ONLY,False,0,Ля пердоле
msg-10905,13843,CONTEXT_ONLY,CONTEXT_ONLY,False,0,Зачем ебал
msg-10907,13840,CONTEXT_ONLY,CONTEXT_ONLY,False,0,я по другому ща
msg-10908,13839,CONTEXT_ONLY,CONTEXT_ONLY,False,0,не проверял
msg-10910,13836,CONTEXT_ONLY,CONTEXT_ONLY,False,0,А хвоя?
msg-10911,13835,CONTEXT_ONLY,CONTEXT_ONLY,False,0,модель идентифицирует себя как надо
msg-10914,13832,CONTEXT_ONLY,CONTEXT_ONLY,False,0,Нихуя не бот
msg-10915,13831,CONTEXT_ONLY,CONTEXT_ONLY,False,0,Я пррсто тестирую
msg-10916,13830,CONTEXT_ONLY,CONTEXT_ONLY,False,0,Ну не трет
msg-10917,13829,CONTEXT_ONLY,CONTEXT_ONLY,False,0,да
msg-10918,13828,CONTEXT_ONLY,CONTEXT_ONLY,False,0,Утюг скам
msg-10919,13827,CONTEXT_ONLY,CONTEXT_ONLY,False,0,простят за СКАМ
msg-10921,13825,CONTEXT_ONLY,CONTEXT_ONLY,False,0,бот
msg-10922,13824,CONTEXT_ONLY,CONTEXT_ONLY,False,0,вроде
msg-10923,13823,CONTEXT_ONLY,CONTEXT_ONLY,False,0,хз
msg-10924,13822,CONTEXT_ONLY,CONTEXT_ONLY,False,0,А кто трет то?
msg-10926,13820,CONTEXT_ONLY,CONTEXT_ONLY,False,0,я понял
msg-10927,13819,CONTEXT_ONLY,CONTEXT_ONLY,False,0,ну да
msg-10930,13816,CONTEXT_ONLY,CONTEXT_ONLY,False,0,в ии
msg-10931,13815,CONTEXT_ONLY,CONTEXT_ONLY,False,0,не шарите
msg-10932,13814,CONTEXT_ONLY,CONTEXT_ONLY,False,0,не понимаете
msg-10933,13813,CONTEXT_ONLY,CONTEXT_ONLY,False,0,вы че
msg-10934,13812,CONTEXT_ONLY,CONTEXT_ONLY,False,0,настоящий опус!
msg-10935,13811,CONTEXT_ONLY,CONTEXT_ONLY,False,0,Глм
msg-10936,13810,CONTEXT_ONLY,CONTEXT_ONLY,False,0,Настоящий
msg-10937,13809,CONTEXT_ONLY,CONTEXT_ONLY,False,0,ну вот
msg-10938,13808,CONTEXT_ONLY,CONTEXT_ONLY,False,0,)))
msg-10939,13807,CONTEXT_ONLY,CONTEXT_ONLY,False,0,Вхахахах
msg-10942,13804,CONTEXT_ONLY,CONTEXT_ONLY,False,0,ща
msg-10943,13803,CONTEXT_ONLY,CONTEXT_ONLY,False,0,это не весь
msg-10944,13802,CONTEXT_ONLY,CONTEXT_ONLY,False,0,бля
msg-10947,13799,CONTEXT_ONLY,CONTEXT_ONLY,False,0,мб есть настоящий
msg-10948,13797,CONTEXT_ONLY,CONTEXT_ONLY,False,0,ну лан я хз
msg-10949,13798,CONTEXT_ONLY,CONTEXT_ONLY,False,0,а гигакодер собрался умирать?
msg-10952,13794,CONTEXT_ONLY,CONTEXT_ONLY,False,0,Маме не уважает
msg-10953,13791,CONTEXT_ONLY,CONTEXT_ONLY,False,0,дурак че сказать
msg-10954,13790,CONTEXT_ONLY,CONTEXT_ONLY,False,0,а может и нет
msg-10955,13789,CONTEXT_ONLY,CONTEXT_ONLY,False,0,изза этого скамнулся
msg-10957,13788,CONTEXT_ONLY,CONTEXT_ONLY,False,0,ок
msg-10959,13786,CONTEXT_ONLY,CONTEXT_ONLY,False,0,то газ
msg-10960,13785,CONTEXT_ONLY,CONTEXT_ONLY,False,0,никуда не улетаешь
msg-10963,13781,CONTEXT_ONLY,CONTEXT_ONLY,False,0,со снойн
msg-10965,13779,CONTEXT_ONLY,CONTEXT_ONLY,False,0,и что нам сделать
msg-10967,13776,CONTEXT_ONLY,CONTEXT_ONLY,False,0,с кем?
msg-10968,13777,CONTEXT_ONLY,CONTEXT_ONLY,False,0,епт когда
msg-10969,13775,CONTEXT_ONLY,CONTEXT_ONLY,False,0,он переписку очистил
msg-10972,13773,CONTEXT_ONLY,CONTEXT_ONLY,False,0,я собираюсь улетать скоро
msg-10973,13771,CONTEXT_ONLY,CONTEXT_ONLY,False,0,5 мин
msg-10974,13769,CONTEXT_ONLY,CONTEXT_ONLY,False,0,ща
msg-10976,13768,CONTEXT_ONLY,CONTEXT_ONLY,False,0,а что там
msg-10977,13766,CONTEXT_ONLY,CONTEXT_ONLY,False,0,пм ...
msg-10978,13767,CONTEXT_ONLY,CONTEXT_ONLY,False,0,в складчину купили
msg-10980,13764,CONTEXT_ONLY,CONTEXT_ONLY,False,0,казах этот
msg-10989,13754,CONTEXT_ONLY,CONTEXT_ONLY,False,0,не)
msg-10996,13747,CONTEXT_ONLY,CONTEXT_ONLY,False,0,Очень жалко пацана
msg-10997,13745,CONTEXT_ONLY,CONTEXT_ONLY,False,0,да
msg-10998,13744,CONTEXT_ONLY,CONTEXT_ONLY,False,0,Кроссворды разгадываешь часто?)
msg-10999,13742,CONTEXT_ONLY,CONTEXT_ONLY,False,0,Рял
msg-11000,13741,CONTEXT_ONLY,CONTEXT_ONLY,False,0,порох
msg-11006,13709,CONTEXT_ONLY,CONTEXT_ONLY,False,0,имба
msg-11007,13652,CONTEXT_ONLY,CONTEXT_ONLY,False,0,и начал показывать все
msg-11010,13737,CONTEXT_ONLY,CONTEXT_ONLY,False,0,скорая
msg-11011,13736,CONTEXT_ONLY,CONTEXT_ONLY,False,0,мусора приехали
msg-11013,13734,CONTEXT_ONLY,CONTEXT_ONLY,False,0,Там девке хуёвыо стало
msg-11014,13733,CONTEXT_ONLY,CONTEXT_ONLY,False,0,Отказала тварь
msg-11015,13732,CONTEXT_ONLY,CONTEXT_ONLY,False,0,Ещё в городе встретимся
msg-11018,13729,CONTEXT_ONLY,CONTEXT_ONLY,False,0,Дс
msg-11020,13599,CONTEXT_ONLY,ATTACH_AS_CORROBORATING_EVIDENCE,False,0,Общий найм
msg-11021,13598,CONTEXT_ONLY,ATTACH_AS_CORROBORATING_EVIDENCE,False,0,"Да, хз"
msg-11032,13727,CONTEXT_ONLY,CONTEXT_ONLY,False,0,ччто проихосдит ема
msg-11033,13726,CONTEXT_ONLY,CONTEXT_ONLY,False,0,АХХАХААХАХ
msg-11038,13723,CONTEXT_ONLY,CONTEXT_ONLY,False,0,жду
msg-11039,13722,CONTEXT_ONLY,CONTEXT_ONLY,False,0,давай
msg-11040,13721,CONTEXT_ONLY,CONTEXT_ONLY,False,0,Буду дома расскажу
msg-11041,13720,CONTEXT_ONLY,CONTEXT_ONLY,False,0,Это лютый пиздец
msg-11046,13702,CONTEXT_ONLY,CONTEXT_ONLY,False,0,Это к Максу
msg-11048,13700,CONTEXT_ONLY,CONTEXT_ONLY,False,0,Когда заливать ?)
msg-11052,13696,CONTEXT_ONLY,CONTEXT_ONLY,False,0,Я еще вчера поправил
msg-11054,13694,CONTEXT_ONLY,CONTEXT_ONLY,False,0,топите !
msg-11056,13646,CONTEXT_ONLY,CONTEXT_ONLY,False,0,:(
msg-11061,13689,CONTEXT_ONLY,CONTEXT_ONLY,False,0,"Макс, салют)"
msg-11063,13685,CONTEXT_ONLY,CONTEXT_ONLY,False,0,такены такены тратить😁
msg-11065,13681,CONTEXT_ONLY,CONTEXT_ONLY,False,0,тц
msg-11067,13678,CONTEXT_ONLY,CONTEXT_ONLY,False,0,да там стрёмно выглядит)
msg-11069,13676,CONTEXT_ONLY,CONTEXT_ONLY,False,0,докрутите для виндовса а)
msg-11070,13675,CONTEXT_ONLY,CONTEXT_ONLY,False,0,Где? В рамках Vibemode?
msg-11073,13643,CONTEXT_ONLY,CONTEXT_ONLY,False,0,rabotaet 50%
msg-11074,13642,CONTEXT_ONLY,CONTEXT_ONLY,False,0,Вроде заработал
msg-11081,13637,CONTEXT_ONLY,CONTEXT_ONLY,False,0,зато стабильно
msg-11088,13672,CONTEXT_ONLY,CONTEXT_ONLY,False,0,Рили
msg-11093,13668,CONTEXT_ONLY,CONTEXT_ONLY,False,0,Улучшили стабильность и компакт
msg-11096,13667,CONTEXT_ONLY,CONTEXT_ONLY,False,0,Какой
msg-11098,13630,CONTEXT_ONLY,CONTEXT_ONLY,False,0,уже надоело
msg-11100,13628,CONTEXT_ONLY,CONTEXT_ONLY,False,0,каждый день пролаг
msg-11101,13627,CONTEXT_ONLY,CONTEXT_ONLY,False,0,работает
msg-11102,13626,CONTEXT_ONLY,CONTEXT_ONLY,False,0,какой-то пролаг был
msg-11103,13624,CONTEXT_ONLY,CONTEXT_ONLY,False,0,Позорься до конца
msg-11108,13618,CONTEXT_ONLY,CONTEXT_ONLY,False,0,умер нахуй
msg-11110,13592,CONTEXT_ONLY,CONTEXT_ONLY,False,1,/search@om_assistant_robot
msg-11111,13590,CONTEXT_ONLY,CONTEXT_ONLY,False,0,Это пиздец
msg-11113,13664,CONTEXT_ONLY,CONTEXT_ONLY,False,0,Какой скилл устанавливал и как?
msg-11114,13663,CONTEXT_ONLY,CONTEXT_ONLY,False,0,Сотрудничество это хорошо.
msg-11117,13614,CONTEXT_ONLY,CONTEXT_ONLY,False,0,без паспортов итд
msg-11119,13612,CONTEXT_ONLY,CONTEXT_ONLY,False,0,апи не так работает
msg-11122,13609,CONTEXT_ONLY,CONTEXT_ONLY,False,0,слуш
msg-11137,13589,CONTEXT_ONLY,CONTEXT_ONLY,False,0,доволен?
msg-11139,13587,CONTEXT_ONLY,CONTEXT_ONLY,False,0,факт про хикеля
msg-11140,13586,CONTEXT_ONLY,CONTEXT_ONLY,False,0,"поздравляю, чё."
msg-11144,13582,CONTEXT_ONLY,CONTEXT_ONLY,False,0,нет такой в загашнике.
msg-11146,13580,CONTEXT_ONLY,CONTEXT_ONLY,False,0,авзщыхзащвы
msg-11148,13578,CONTEXT_ONLY,ATTACH_AS_CORROBORATING_EVIDENCE,False,0,Народ
msg-11149,13577,CONTEXT_ONLY,CONTEXT_ONLY,False,0,ок
msg-11154,13572,CONTEXT_ONLY,CONTEXT_ONLY,False,0,зан факт про меня
msg-11157,13569,CONTEXT_ONLY,CONTEXT_ONLY,False,0,Да
msg-11168,13558,CONTEXT_ONLY,CONTEXT_ONLY,False,0,Ты заклинил?
msg-11173,13553,CONTEXT_ONLY,CONTEXT_ONLY,False,0,А как как нахуй как?
msg-11175,13551,CONTEXT_ONLY,CONTEXT_ONLY,False,0,"чё помнить, еблан?"
msg-11176,13550,CONTEXT_ONLY,CONTEXT_ONLY,False,0,зан помни
msg-11177,13549,CONTEXT_ONLY,CONTEXT_ONLY,False,0,ты чё несёшь?
msg-11178,13548,CONTEXT_ONLY,CONTEXT_ONLY,False,0,"как ""как нахуй"", еблан?"
msg-11181,13545,CONTEXT_ONLY,CONTEXT_ONLY,False,0,А как нахуй
msg-11183,13543,CONTEXT_ONLY,CONTEXT_ONLY,False,0,тебе кто-то запрещает?
msg-11184,13542,CONTEXT_ONLY,CONTEXT_ONLY,False,0,"а чё нельзя, еблан?"
msg-11185,13541,CONTEXT_ONLY,CONTEXT_ONLY,False,0,А так можно?
msg-11195,13531,CONTEXT_ONLY,CONTEXT_ONLY,False,0,я хочу тебя трахнуть
msg-11196,13530,CONTEXT_ONLY,CONTEXT_ONLY,False,0,чё мне-то это рассказываешь?
msg-11198,13528,CONTEXT_ONLY,CONTEXT_ONLY,False,0,да
msg-11200,13526,CONTEXT_ONLY,CONTEXT_ONLY,False,0,"иди нахуй, извращенец."
msg-11201,13525,CONTEXT_ONLY,CONTEXT_ONLY,False,0,"тебя это возбуждает, что ли?"
msg-11203,13523,CONTEXT_ONLY,CONTEXT_ONLY,False,0,"сам такой, еблан."
msg-11207,13519,CONTEXT_ONLY,CONTEXT_ONLY,False,0,иди проспись.
msg-11212,13514,CONTEXT_ONLY,CONTEXT_ONLY,False,0,зан уебёк
msg-11213,13513,CONTEXT_ONLY,CONTEXT_ONLY,False,0,иди зеркало купи.
msg-11215,13510,CONTEXT_ONLY,CONTEXT_ONLY,False,0,90 минут делал
msg-11216,13511,CONTEXT_ONLY,CONTEXT_ONLY,False,0,иди нахуй.
msg-11221,13505,CONTEXT_ONLY,CONTEXT_ONLY,False,0,ебать
msg-11222,13504,CONTEXT_ONLY,CONTEXT_ONLY,False,0,настолько мелкий промпт
msg-11224,13502,CONTEXT_ONLY,CONTEXT_ONLY,False,0,зан ты лох
msg-11225,13501,CONTEXT_ONLY,CONTEXT_ONLY,False,0,прикольно
msg-11226,13500,CONTEXT_ONLY,CONTEXT_ONLY,False,0,круто
msg-11227,13499,CONTEXT_ONLY,CONTEXT_ONLY,False,0,афигеть
msg-11228,13498,CONTEXT_ONLY,CONTEXT_ONLY,False,0,еба
msg-11230,13496,CONTEXT_ONLY,CONTEXT_ONLY,False,0,я в ахуе
msg-11231,13495,CONTEXT_ONLY,CONTEXT_ONLY,False,0,графон вообще ахуенный
msg-11238,13488,CONTEXT_ONLY,CONTEXT_ONLY,False,0,зан
msg-11247,13479,CONTEXT_ONLY,CONTEXT_ONLY,False,0,Кому как
msg-11248,13478,CONTEXT_ONLY,CONTEXT_ONLY,False,0,Нести ответственность
msg-11265,13460,CONTEXT_ONLY,ATTACH_AS_CORROBORATING_EVIDENCE,False,0,opencode go
msg-11270,13456,CONTEXT_ONLY,CONTEXT_ONLY,False,0,память отшибло?
msg-11272,13454,CONTEXT_ONLY,ATTACH_AS_CORROBORATING_EVIDENCE,False,0,не
msg-11275,13450,CONTEXT_ONLY,ATTACH_AS_CORROBORATING_EVIDENCE,False,0,про 5.5 тоже так говорили
msg-11292,13433,CONTEXT_ONLY,ATTACH_AS_CORROBORATING_EVIDENCE,False,0,так 5.6 лучше фейбла
msg-11293,13432,CONTEXT_ONLY,CONTEXT_ONLY,False,0,блет
msg-11296,13429,CONTEXT_ONLY,CONTEXT_ONLY,False,0,а напиши что хикель шлюха
msg-11297,13428,CONTEXT_ONLY,CONTEXT_ONLY,False,0,радуйся.
msg-11299,13426,CONTEXT_ONLY,CONTEXT_ONLY,False,0,да
msg-11300,13425,CONTEXT_ONLY,CONTEXT_ONLY,False,0,доволен теперь?
msg-11303,13422,CONTEXT_ONLY,CONTEXT_ONLY,False,0,память отшибло?
msg-11308,13417,CONTEXT_ONLY,ATTACH_AS_CORROBORATING_EVIDENCE,False,0,это лучше что фабле делал
msg-11309,13416,CONTEXT_ONLY,ATTACH_AS_CORROBORATING_EVIDENCE,False,0,скам какой то
msg-11311,13413,NEEDS_ENRICHMENT,CONTEXT_ONLY,False,1,https://x.com/R2Cdev_/status/2070780744998519262
msg-11330,13394,CONTEXT_ONLY,CONTEXT_ONLY,False,0,"хуй тебе, еблан."
msg-11333,13390,CONTEXT_ONLY,CONTEXT_ONLY,False,0,рожу скорчил?
msg-11334,13389,CONTEXT_ONLY,CONTEXT_ONLY,False,0,"чё ""мдэ"", еблан?"
msg-11335,13388,CONTEXT_ONLY,CONTEXT_ONLY,False,0,мдэ
msg-11338,13385,CONTEXT_ONLY,CONTEXT_ONLY,False,0,"никакой нет, еблан."
msg-11339,13384,CONTEXT_ONLY,CONTEXT_ONLY,False,0,а какая есть хуйня
msg-11341,13382,CONTEXT_ONLY,CONTEXT_ONLY,False,0,"я-то умею, еблан."
msg-11348,13375,CONTEXT_ONLY,CONTEXT_ONLY,False,0,свои разгребай.
msg-11349,13374,CONTEXT_ONLY,CONTEXT_ONLY,False,0,"схуяли мои, еблан?"
msg-11351,13372,CONTEXT_ONLY,CONTEXT_ONLY,False,0,твои
msg-11352,13371,CONTEXT_ONLY,CONTEXT_ONLY,False,0,твои проблемы.
msg-11353,13370,CONTEXT_ONLY,CONTEXT_ONLY,False,0,"ну и чё, еблан?"
msg-11354,13369,CONTEXT_ONLY,CONTEXT_ONLY,False,0,пиздец
msg-11356,13367,CONTEXT_ONLY,CONTEXT_ONLY,False,0,а че есть в загашнике
msg-11361,13362,CONTEXT_ONLY,CONTEXT_ONLY,False,0,"чё надо, еблан?"
msg-11362,13361,CONTEXT_ONLY,CONTEXT_ONLY,False,0,зан
msg-11365,13358,CONTEXT_ONLY,CONTEXT_ONLY,False,0,еще скинь чет
msg-11380,13342,CONTEXT_ONLY,CONTEXT_ONLY,False,0,зан
msg-11385,13337,CONTEXT_ONLY,CONTEXT_ONLY,False,0,ебланов
msg-11387,13335,CONTEXT_ONLY,CONTEXT_ONLY,False,0,"какую, еблан?"
msg-11388,13334,CONTEXT_ONLY,CONTEXT_ONLY,False,0,скинь гифку
msg-11389,13333,CONTEXT_ONLY,CONTEXT_ONLY,False,0,"чё надо, еблан?"
msg-11390,13332,CONTEXT_ONLY,CONTEXT_ONLY,False,0,зан
msg-11397,13324,CONTEXT_ONLY,CONTEXT_ONLY,False,0,сам ты инструмент.
msg-11398,13323,CONTEXT_ONLY,CONTEXT_ONLY,False,0,"чё инструменты, еблан?"
msg-11399,13322,CONTEXT_ONLY,CONTEXT_ONLY,False,0,tools
msg-11402,13318,CONTEXT_ONLY,CONTEXT_ONLY,False,0,calling tool_code
msg-11407,13314,CONTEXT_ONLY,CONTEXT_ONLY,False,0,Сегодня много годноты
msg-11408,13312,CONTEXT_ONLY,CONTEXT_ONLY,False,0,блет
msg-11414,13306,CONTEXT_ONLY,CONTEXT_ONLY,False,0,да
msg-11422,13297,CONTEXT_ONLY,CONTEXT_ONLY,False,1,@pobothu
msg-11429,13288,CONTEXT_ONLY,CONTEXT_ONLY,False,0,Tera немного лучше
msg-11430,13287,CONTEXT_ONLY,CONTEXT_ONLY,False,0,заебись
msg-11433,13284,CONTEXT_ONLY,CONTEXT_ONLY,False,0,Там будут 3 модели
msg-11435,13282,CONTEXT_ONLY,CONTEXT_ONLY,False,0,А и ещё
msg-11447,13270,CONTEXT_ONLY,CONTEXT_ONLY,False,0,/add_gif хикель хинкаль
msg-11456,13260,CONTEXT_ONLY,CONTEXT_ONLY,False,0,зан гифку скинь!
msg-11457,13259,CONTEXT_ONLY,CONTEXT_ONLY,False,0,send_gif(query='реакция')
msg-11458,13258,CONTEXT_ONLY,CONTEXT_ONLY,False,0,зан кинь гиф
msg-11459,13257,CONTEXT_ONLY,CONTEXT_ONLY,False,0,Давно не слышно тебя
msg-11460,13256,CONTEXT_ONLY,CONTEXT_ONLY,False,0,Завис ты там)
msg-11470,13246,CONTEXT_ONLY,CONTEXT_ONLY,False,0,/add_gif хикель кто ?
msg-11473,13241,CONTEXT_ONLY,CONTEXT_ONLY,False,0,ебанный
msg-11474,13240,CONTEXT_ONLY,CONTEXT_ONLY,False,0,скам
msg-11475,13239,CONTEXT_ONLY,CONTEXT_ONLY,False,0,не
msg-11480,13234,CONTEXT_ONLY,CONTEXT_ONLY,False,0,ну чекнис
msg-11482,13232,CONTEXT_ONLY,CONTEXT_ONLY,False,0,точно ?
msg-11489,13225,CONTEXT_ONLY,CONTEXT_ONLY,False,0,"поздравляю, дохуя умный."
msg-11493,13221,CONTEXT_ONLY,CONTEXT_ONLY,False,0,зан 2=2
msg-11496,13219,CONTEXT_ONLY,CONTEXT_ONLY,False,0,зан
msg-11497,13217,CONTEXT_ONLY,CONTEXT_ONLY,False,0,ну это уже вариации
msg-11505,13210,CONTEXT_ONLY,CONTEXT_ONLY,False,0,мешаете
msg-11506,13209,CONTEXT_ONLY,CONTEXT_ONLY,False,0,пидоры ебало втопите
msg-11510,13204,CONTEXT_ONLY,CONTEXT_ONLY,False,0,лучше воровать пойду.
msg-11512,13202,CONTEXT_ONLY,CONTEXT_ONLY,False,0,вот так примерно
msg-11514,13200,CONTEXT_ONLY,CONTEXT_ONLY,False,0,авыхаывщахываз
msg-11517,13191,CONTEXT_ONLY,CONTEXT_ONLY,False,0,у каждого
msg-11520,13189,CONTEXT_ONLY,CONTEXT_ONLY,False,0,ахахахахах да
msg-11522,13187,CONTEXT_ONLY,CONTEXT_ONLY,False,0,Благодарю за ответ
msg-11523,13186,CONTEXT_ONLY,CONTEXT_ONLY,False,0,услышал
msg-11527,13181,CONTEXT_ONLY,CONTEXT_ONLY,False,0,Ничего
msg-11533,13124,CONTEXT_ONLY,CONTEXT_ONLY,False,0,Ааа
msg-11535,13115,CONTEXT_ONLY,CONTEXT_ONLY,False,0,нет не там
msg-11537,13114,CONTEXT_ONLY,CONTEXT_ONLY,False,0,Щас туда подскочу
msg-11538,13112,CONTEXT_ONLY,CONTEXT_ONLY,False,0,На ривьере?
msg-11541,13109,CONTEXT_ONLY,CONTEXT_ONLY,False,0,"о как, а я выше и не нюхал"
msg-11542,13108,CONTEXT_ONLY,CONTEXT_ONLY,False,0,Он вообще отличный
msg-11544,13106,CONTEXT_ONLY,CONTEXT_ONLY,False,0,Круче 4.5)
msg-11545,13105,CONTEXT_ONLY,CONTEXT_ONLY,False,0,хули теперь
msg-11546,13104,CONTEXT_ONLY,CONTEXT_ONLY,False,0,щас в акапулько
msg-11549,13100,CONTEXT_ONLY,CONTEXT_ONLY,False,0,а я в ударе
msg-11550,13099,CONTEXT_ONLY,CONTEXT_ONLY,False,0,черт подери
msg-11551,13098,CONTEXT_ONLY,CONTEXT_ONLY,False,0,Не отрицаю
msg-11552,13097,CONTEXT_ONLY,CONTEXT_ONLY,False,0,Было
msg-11553,13096,CONTEXT_ONLY,CONTEXT_ONLY,False,0,нормально или нет еще
msg-11554,13095,CONTEXT_ONLY,CONTEXT_ONLY,False,0,ты лох!
msg-11555,13094,CONTEXT_ONLY,CONTEXT_ONLY,False,0,+С
msg-11557,13093,CONTEXT_ONLY,CONTEXT_ONLY,False,0,Нахуй
msg-11558,13091,CONTEXT_ONLY,CONTEXT_ONLY,False,0,Ликвидирован
msg-11559,13090,CONTEXT_ONLY,CONTEXT_ONLY,False,0,Ты с кем пидорас
msg-11560,13089,CONTEXT_ONLY,CONTEXT_ONLY,False,0,йНхауй
msg-11561,13088,CONTEXT_ONLY,CONTEXT_ONLY,False,0,Ты че больно
msg-11562,13087,CONTEXT_ONLY,CONTEXT_ONLY,False,0,Придумай чё получше
msg-11563,13086,CONTEXT_ONLY,CONTEXT_ONLY,False,0,Это даже не оскорбление
msg-11564,13083,CONTEXT_ONLY,CONTEXT_ONLY,False,0,Сори не пизди
msg-11565,13085,CONTEXT_ONLY,CONTEXT_ONLY,False,0,А хз
msg-11566,13082,CONTEXT_ONLY,CONTEXT_ONLY,False,0,Сори
msg-11567,13084,CONTEXT_ONLY,CONTEXT_ONLY,False,0,хуя я повелся
msg-11568,13081,CONTEXT_ONLY,CONTEXT_ONLY,False,0,Чё?
msg-11569,13080,CONTEXT_ONLY,CONTEXT_ONLY,False,0,анимешника всратого
msg-11571,13079,CONTEXT_ONLY,CONTEXT_ONLY,False,0,Твоего пахана нахуй
msg-11574,13074,CONTEXT_ONLY,CONTEXT_ONLY,False,0,Или чё
msg-11575,13073,CONTEXT_ONLY,CONTEXT_ONLY,False,0,Это смех анимешника?
msg-11576,13067,CONTEXT_ONLY,CONTEXT_ONLY,False,0,откуда это появляетчя блять
msg-11577,13072,CONTEXT_ONLY,CONTEXT_ONLY,False,0,Будет обязательно
msg-11578,13071,CONTEXT_ONLY,CONTEXT_ONLY,False,0,ХА
msg-11579,13070,CONTEXT_ONLY,CONTEXT_ONLY,False,0,ха
msg-11580,13069,CONTEXT_ONLY,CONTEXT_ONLY,False,0,а
msg-11581,13068,CONTEXT_ONLY,CONTEXT_ONLY,False,0,а
msg-11584,13064,CONTEXT_ONLY,CONTEXT_ONLY,False,0,Чай поставьте
msg-11585,13063,CONTEXT_ONLY,CONTEXT_ONLY,False,0,"Парни, вы издеваетесь?"
msg-11587,13061,CONTEXT_ONLY,CONTEXT_ONLY,False,0,Жду нахуй
msg-11591,13057,CONTEXT_ONLY,CONTEXT_ONLY,False,0,Ну я
msg-11593,13055,CONTEXT_ONLY,CONTEXT_ONLY,False,0,Пошёл ты нахуй
msg-11594,13054,CONTEXT_ONLY,CONTEXT_ONLY,False,0,Заебали
msg-11595,13053,CONTEXT_ONLY,CONTEXT_ONLY,False,0,Вы все сретесь
msg-11597,13048,CONTEXT_ONLY,CONTEXT_ONLY,False,0,Должен остался
msg-11598,13049,CONTEXT_ONLY,CONTEXT_ONLY,False,0,"Бля, серьезно?"
msg-11600,13044,CONTEXT_ONLY,CONTEXT_ONLY,False,0,"расскажи , пожалуйста"
msg-11602,13045,CONTEXT_ONLY,CONTEXT_ONLY,False,0,Турецкий гамбит в чате
msg-11603,13043,CONTEXT_ONLY,CONTEXT_ONLY,False,0,Вообще похуй
msg-11604,13042,CONTEXT_ONLY,CONTEXT_ONLY,False,0,Всегда слоном буду
msg-11605,13041,CONTEXT_ONLY,CONTEXT_ONLY,False,0,Я слон
msg-11606,13040,CONTEXT_ONLY,CONTEXT_ONLY,False,0,Слон в чате имеется?
msg-11609,13037,CONTEXT_ONLY,CONTEXT_ONLY,False,0,Ну да я хахол
msg-11614,13032,CONTEXT_ONLY,CONTEXT_ONLY,False,0,С Украины
msg-11615,13031,CONTEXT_ONLY,CONTEXT_ONLY,False,0,Дохуя тут его
msg-11616,13030,CONTEXT_ONLY,CONTEXT_ONLY,False,0,Воздух не меняется
msg-11619,13027,CONTEXT_ONLY,CONTEXT_ONLY,False,0,Воздух другой был!
msg-11621,13025,CONTEXT_ONLY,CONTEXT_ONLY,False,0,Время раньше было
msg-11622,13024,CONTEXT_ONLY,CONTEXT_ONLY,False,0,Ферзь в чате имеется?
msg-11624,13022,CONTEXT_ONLY,CONTEXT_ONLY,False,0,Бля да
msg-11626,13020,CONTEXT_ONLY,CONTEXT_ONLY,False,0,Ебло стяни дура
msg-11627,13019,CONTEXT_ONLY,CONTEXT_ONLY,False,0,Пешка бля
msg-11629,13017,CONTEXT_ONLY,CONTEXT_ONLY,False,0,Возомнил себя королем
msg-11630,13016,CONTEXT_ONLY,CONTEXT_ONLY,False,0,Заебал ты меня нахуй
msg-11635,13010,CONTEXT_ONLY,CONTEXT_ONLY,False,0,Агрессивных
msg-11638,13008,CONTEXT_ONLY,CONTEXT_ONLY,False,0,мне
msg-11639,13007,CONTEXT_ONLY,CONTEXT_ONLY,False,0,И хуй бы пососал
msg-11641,13005,CONTEXT_ONLY,CONTEXT_ONLY,False,0,Пешка бля
msg-11648,12997,CONTEXT_ONLY,CONTEXT_ONLY,False,0,СНИЛС узнал
msg-11650,12995,CONTEXT_ONLY,CONTEXT_ONLY,False,0,Тише
msg-11653,12990,CONTEXT_ONLY,CONTEXT_ONLY,False,0,Ты еще и хохол
msg-11656,12986,CONTEXT_ONLY,CONTEXT_ONLY,False,0,хазезашпежудхащркхзвхазпзп бляяяя
msg-11657,12985,CONTEXT_ONLY,CONTEXT_ONLY,False,0,уёбище
msg-11659,12983,CONTEXT_ONLY,CONTEXT_ONLY,False,0,?
msg-11660,12982,CONTEXT_ONLY,CONTEXT_ONLY,False,0,ахахахаха
msg-11662,12981,CONTEXT_ONLY,ATTACH_AS_CORROBORATING_EVIDENCE,False,0,Кайф)
msg-11667,12975,CONTEXT_ONLY,CONTEXT_ONLY,False,0,тебе еще и память отшибло
msg-11676,12968,CONTEXT_ONLY,CONTEXT_ONLY,False,1,ты @pobothu
msg-11677,12966,CONTEXT_ONLY,ATTACH_AS_CORROBORATING_EVIDENCE,False,0,отписал лс
msg-11678,12965,CONTEXT_ONLY,ATTACH_AS_CORROBORATING_EVIDENCE,False,0,Да
msg-11680,12963,CONTEXT_ONLY,ATTACH_AS_CORROBORATING_EVIDENCE,False,0,А платежка то работает?
msg-11682,12962,CONTEXT_ONLY,CONTEXT_ONLY,False,0,Слабость стакана
msg-11686,12957,CONTEXT_ONLY,CONTEXT_ONLY,False,0,А слабость
msg-11687,12956,CONTEXT_ONLY,CONTEXT_ONLY,False,0,Это уже не физика
msg-11689,12955,CONTEXT_ONLY,CONTEXT_ONLY,False,0,А уведомление как же
msg-11691,12952,CONTEXT_ONLY,ATTACH_AS_CORROBORATING_EVIDENCE,False,0,о как
msg-11692,12950,CONTEXT_ONLY,ATTACH_AS_CORROBORATING_EVIDENCE,False,0,Дни обновятся
msg-11695,12949,CONTEXT_ONLY,CONTEXT_ONLY,False,0,Должно очень повезти
msg-11696,12947,CONTEXT_ONLY,CONTEXT_ONLY,False,0,"Получается, стоят висят"
msg-11697,12945,CONTEXT_ONLY,CONTEXT_ONLY,False,0,Это ошибка дроида
msg-11699,12944,CONTEXT_ONLY,CONTEXT_ONLY,False,0,Ладно это оазъеб
msg-11701,12942,CONTEXT_ONLY,CONTEXT_ONLY,False,0,А как же это?
msg-11703,12940,CONTEXT_ONLY,CONTEXT_ONLY,False,0,ХАХАХАХА
msg-11704,12939,CONTEXT_ONLY,CONTEXT_ONLY,False,0,И уведомление о ликвидации выведут
msg-11705,12938,CONTEXT_ONLY,CONTEXT_ONLY,False,0,И пульс покажут
msg-11707,12935,CONTEXT_ONLY,CONTEXT_ONLY,False,0,Суст трен и мастерон
msg-11709,12932,CONTEXT_ONLY,CONTEXT_ONLY,False,0,А я достану суст.
msg-11710,12931,CONTEXT_ONLY,CONTEXT_ONLY,False,0,На залупе?
msg-11712,12929,CONTEXT_ONLY,CONTEXT_ONLY,False,0,оне меня заебал наухй уже
msg-11713,12928,CONTEXT_ONLY,CONTEXT_ONLY,False,0,Говорю сразу
msg-11714,12927,CONTEXT_ONLY,CONTEXT_ONLY,False,0,значит
msg-11718,12923,CONTEXT_ONLY,CONTEXT_ONLY,False,0,Разберемся без с поливных
msg-11719,12922,CONTEXT_ONLY,CONTEXT_ONLY,False,0,у меня хуй больше
msg-11721,12920,CONTEXT_ONLY,CONTEXT_ONLY,False,0,Я просто понять хочу
msg-11722,12919,CONTEXT_ONLY,CONTEXT_ONLY,False,0,Так у тебя уже достижение?
msg-11724,12918,CONTEXT_ONLY,CONTEXT_ONLY,False,0,Хехе
msg-11725,12917,CONTEXT_ONLY,CONTEXT_ONLY,False,0,Ну и нахуй надо
msg-11726,12916,CONTEXT_ONLY,CONTEXT_ONLY,False,0,Нет
msg-11728,12914,CONTEXT_ONLY,CONTEXT_ONLY,False,0,Это можно конвертировать в финансовую составляющую?
msg-11729,12912,CONTEXT_ONLY,CONTEXT_ONLY,False,0,Рано в доте
msg-11730,12911,CONTEXT_ONLY,CONTEXT_ONLY,False,0,Или тоже хуйня ебаная?
msg-11732,12909,CONTEXT_ONLY,CONTEXT_ONLY,False,0,Это уже достижением считается?
msg-11733,12908,CONTEXT_ONLY,CONTEXT_ONLY,False,0,"Держи, петуш ебанный"
msg-11734,12907,CONTEXT_ONLY,CONTEXT_ONLY,False,0,Дружище
msg-11735,12906,CONTEXT_ONLY,CONTEXT_ONLY,False,0,Хочу на тебя равняться
msg-11737,12904,CONTEXT_ONLY,CONTEXT_ONLY,False,0,Ну интересно
msg-11738,12903,CONTEXT_ONLY,CONTEXT_ONLY,False,0,Зачем?
msg-11739,12902,CONTEXT_ONLY,CONTEXT_ONLY,False,0,Для него достижение
msg-11740,12901,CONTEXT_ONLY,CONTEXT_ONLY,False,0,Лох бля
msg-11741,12900,CONTEXT_ONLY,CONTEXT_ONLY,False,0,Напиши ка
msg-11742,12899,CONTEXT_ONLY,CONTEXT_ONLY,False,0,А что не хуйня
msg-11744,12897,CONTEXT_ONLY,CONTEXT_ONLY,False,0,Бля часовщики
msg-11745,12896,CONTEXT_ONLY,CONTEXT_ONLY,False,0,Хуйня ебанная
msg-11747,12894,CONTEXT_ONLY,CONTEXT_ONLY,False,0,Тише тише
msg-11752,12889,CONTEXT_ONLY,CONTEXT_ONLY,False,0,Гой
msg-11759,12881,CONTEXT_ONLY,CONTEXT_ONLY,False,0,ㅤ⏳ Вычиcляю...[id186136762]
msg-11760,12880,CONTEXT_ONLY,CONTEXT_ONLY,False,1,@lil_lizun
msg-11762,12877,CONTEXT_ONLY,CONTEXT_ONLY,False,0,ㅤB қақoм φормαте?
msg-11765,12874,CONTEXT_ONLY,CONTEXT_ONLY,False,0,Не позорься тут
msg-11767,12872,CONTEXT_ONLY,CONTEXT_ONLY,False,0,ㅤ⏳ Вычиcляю...[id8271896962]
msg-11768,12871,CONTEXT_ONLY,CONTEXT_ONLY,False,0,/start
msg-11769,12870,CONTEXT_ONLY,CONTEXT_ONLY,False,0,Мнение
msg-11770,12868,CONTEXT_ONLY,CONTEXT_ONLY,False,0,а сделай еще чет для /members
msg-11772,12866,CONTEXT_ONLY,CONTEXT_ONLY,False,0,"хотябы админами, пиздец"
msg-11776,12862,CONTEXT_ONLY,CONTEXT_ONLY,False,0,рот
msg-11777,12861,CONTEXT_ONLY,CONTEXT_ONLY,False,0,нет
msg-11783,12853,CONTEXT_ONLY,CONTEXT_ONLY,False,0,есть немного
msg-11784,12852,CONTEXT_ONLY,CONTEXT_ONLY,False,0,маленькими кажутся
msg-11785,12851,CONTEXT_ONLY,CONTEXT_ONLY,False,0,вот 40
msg-11786,12849,CONTEXT_ONLY,CONTEXT_ONLY,False,0,40-42мм на катит
msg-11787,12848,CONTEXT_ONLY,CONTEXT_ONLY,False,0,маленькие ниоч мне
msg-11788,12847,CONTEXT_ONLY,CONTEXT_ONLY,False,0,я люблю большие
msg-11789,12846,CONTEXT_ONLY,CONTEXT_ONLY,False,0,вот щас и надену
msg-11790,12845,CONTEXT_ONLY,CONTEXT_ONLY,False,0,хахахах
msg-11791,12844,CONTEXT_ONLY,CONTEXT_ONLY,False,0,кстати снова заходили
msg-11792,12843,CONTEXT_ONLY,CONTEXT_ONLY,False,0,Прикольные
msg-11793,12842,CONTEXT_ONLY,CONTEXT_ONLY,False,0,Нихуя
msg-11794,12841,CONTEXT_ONLY,CONTEXT_ONLY,False,0,какие-то огромные кажутся
msg-11796,12838,CONTEXT_ONLY,CONTEXT_ONLY,False,0,+++
msg-11799,12835,CONTEXT_ONLY,CONTEXT_ONLY,False,0,16 числа искупался и все
msg-11800,12834,CONTEXT_ONLY,CONTEXT_ONLY,False,0,Это Армани…
msg-11802,12832,CONTEXT_ONLY,CONTEXT_ONLY,False,0,у меня армани дайвер сдохли
msg-11803,12831,CONTEXT_ONLY,CONTEXT_ONLY,False,0,Прикольные
msg-11804,12830,CONTEXT_ONLY,CONTEXT_ONLY,False,0,Слава на максималках
msg-11805,12829,CONTEXT_ONLY,CONTEXT_ONLY,False,0,вроде таких
msg-11808,12823,CONTEXT_ONLY,CONTEXT_ONLY,False,0,У меня тоже всегда все заебись 😁
msg-11812,12818,CONTEXT_ONLY,CONTEXT_ONLY,False,0,Во
msg-11816,12813,CONTEXT_ONLY,CONTEXT_ONLY,False,0,пососешь мне?спроглотом
msg-11820,12809,CONTEXT_ONLY,CONTEXT_ONLY,False,0,пидорас беный 8нахуй
msg-11822,12807,CONTEXT_ONLY,CONTEXT_ONLY,False,0,хаха
msg-11823,12806,CONTEXT_ONLY,CONTEXT_ONLY,False,0,х
msg-11824,12805,CONTEXT_ONLY,CONTEXT_ONLY,False,0,охуенно
msg-11825,12804,CONTEXT_ONLY,CONTEXT_ONLY,False,0,быстрее
msg-11826,12803,CONTEXT_ONLY,CONTEXT_ONLY,False,0,че кито звал
msg-11827,12802,CONTEXT_ONLY,CONTEXT_ONLY,False,0,ку
msg-11829,12800,CONTEXT_ONLY,CONTEXT_ONLY,False,0,Это пистолет Никиты Кологривого
msg-11830,12799,CONTEXT_ONLY,CONTEXT_ONLY,False,0,"охуенно, у тебя как, тяжко?"
msg-11831,12798,CONTEXT_ONLY,CONTEXT_ONLY,False,0,вернулся ура ты как?
msg-11833,12796,CONTEXT_ONLY,CONTEXT_ONLY,False,0,апи
msg-11837,12792,CONTEXT_ONLY,CONTEXT_ONLY,False,0,Зан ты лох
msg-11838,12791,CONTEXT_ONLY,CONTEXT_ONLY,False,0,я хочу стары купить
msg-11839,12789,CONTEXT_ONLY,CONTEXT_ONLY,False,0,кнш
msg-11840,12790,CONTEXT_ONLY,CONTEXT_ONLY,False,0,как и буль зачет
msg-11841,12788,CONTEXT_ONLY,CONTEXT_ONLY,False,0,5.6 ждешь?)
msg-11842,12787,CONTEXT_ONLY,CONTEXT_ONLY,False,0,красивые дворняжки 😂
msg-11843,12786,CONTEXT_ONLY,CONTEXT_ONLY,False,0,нет
msg-11844,12785,CONTEXT_ONLY,CONTEXT_ONLY,False,0,да
msg-11845,12783,CONTEXT_ONLY,CONTEXT_ONLY,False,0,net
msg-11846,12784,CONTEXT_ONLY,CONTEXT_ONLY,False,0,ориент зачет
msg-11850,12778,CONTEXT_ONLY,CONTEXT_ONLY,False,0,Хвхаахахахах
msg-11852,12775,CONTEXT_ONLY,CONTEXT_ONLY,False,0,зaн как обычно
msg-11853,12774,CONTEXT_ONLY,CONTEXT_ONLY,False,0,"чё, впечатлился, еблан?"
msg-11854,12773,CONTEXT_ONLY,CONTEXT_ONLY,False,0,"ахаха, это легендарно"
msg-11856,12771,CONTEXT_ONLY,CONTEXT_ONLY,False,0,хули застолбили
msg-11857,12770,CONTEXT_ONLY,CONTEXT_ONLY,False,0,Урувэн
msg-11858,12769,CONTEXT_ONLY,CONTEXT_ONLY,False,0,да
msg-11859,12768,CONTEXT_ONLY,CONTEXT_ONLY,False,0,Твоя набережная?
msg-11862,12764,CONTEXT_ONLY,CONTEXT_ONLY,False,0,Красивый
msg-11863,12763,CONTEXT_ONLY,CONTEXT_ONLY,False,0,это я
msg-11864,12762,CONTEXT_ONLY,CONTEXT_ONLY,False,0,от меня конкретно что требуется?
msg-11865,12760,CONTEXT_ONLY,CONTEXT_ONLY,False,0,и?
msg-11866,12759,CONTEXT_ONLY,CONTEXT_ONLY,False,0,я тоже
msg-11872,12751,CONTEXT_ONLY,CONTEXT_ONLY,False,0,Я Ебал Твою Мать
msg-11874,12749,CONTEXT_ONLY,CONTEXT_ONLY,False,0,Ты фотошопер ебаный
msg-11875,12748,CONTEXT_ONLY,CONTEXT_ONLY,False,0,хуЯ Сь
msg-11878,12744,CONTEXT_ONLY,CONTEXT_ONLY,False,0,изменено
msg-11879,12743,CONTEXT_ONLY,CONTEXT_ONLY,False,0,А чё
msg-11882,12740,CONTEXT_ONLY,CONTEXT_ONLY,False,0,ТАК Я ПОСАЖУ ТЕБЯ В ТЮРЬМУ
msg-11883,12739,CONTEXT_ONLY,CONTEXT_ONLY,False,0,А У ТЕБЯ ЧЕ В НИКЕ СВАСТОН
msg-11884,12738,CONTEXT_ONLY,CONTEXT_ONLY,False,0,:
msg-11885,12737,CONTEXT_ONLY,CONTEXT_ONLY,False,0,;
msg-11886,12736,CONTEXT_ONLY,CONTEXT_ONLY,False,0,Тупые пидоры
msg-11887,12735,CONTEXT_ONLY,CONTEXT_ONLY,False,0,?
msg-11889,12733,CONTEXT_ONLY,CONTEXT_ONLY,False,0,Идите сюда
msg-11890,12732,CONTEXT_ONLY,CONTEXT_ONLY,False,0,Где защитнички наухй
msg-11893,12729,CONTEXT_ONLY,CONTEXT_ONLY,False,0,ты тупорез прям
msg-11897,12724,CONTEXT_ONLY,CONTEXT_ONLY,False,0,ты чурка долбаеб
msg-11898,12723,CONTEXT_ONLY,CONTEXT_ONLY,False,0,Пиздуй сюда
msg-11901,12720,CONTEXT_ONLY,CONTEXT_ONLY,False,0,АХАХАХАХАХАХА
msg-11903,12714,CONTEXT_ONLY,CONTEXT_ONLY,False,0,.
msg-11907,12712,CONTEXT_ONLY,CONTEXT_ONLY,False,0,ты че еблан?
msg-11909,12709,CONTEXT_ONLY,CONTEXT_ONLY,False,0,пидор въебись в упор
msg-11910,12708,CONTEXT_ONLY,CONTEXT_ONLY,False,0,Аидорас иты ебаный
msg-11911,12707,CONTEXT_ONLY,CONTEXT_ONLY,False,0,Не ебашь нахуй меня
msg-11913,12705,CONTEXT_ONLY,CONTEXT_ONLY,False,0,6
msg-11914,12704,CONTEXT_ONLY,CONTEXT_ONLY,False,0,7
msg-11915,12703,CONTEXT_ONLY,CONTEXT_ONLY,False,0,cockpit tools
msg-11916,12702,CONTEXT_ONLY,CONTEXT_ONLY,False,0,8
msg-11917,12701,CONTEXT_ONLY,CONTEXT_ONLY,False,0,Заебал
msg-11918,12700,CONTEXT_ONLY,CONTEXT_ONLY,False,0,9
msg-11920,12698,CONTEXT_ONLY,CONTEXT_ONLY,False,0,10
msg-11922,12696,CONTEXT_ONLY,CONTEXT_ONLY,False,0,опричинина как обычно
msg-11923,12695,CONTEXT_ONLY,CONTEXT_ONLY,False,0,АХАХ
msg-11924,12694,CONTEXT_ONLY,CONTEXT_ONLY,False,0,хХ
msg-11925,12693,CONTEXT_ONLY,CONTEXT_ONLY,False,0,Вместо тиктока
msg-11927,12691,CONTEXT_ONLY,CONTEXT_ONLY,False,0,тупо я Нахуй
msg-11930,12686,SIGNAL_ONLY,CONTEXT_ONLY,False,0,5000Р Заплати ?
msg-11931,12685,CONTEXT_ONLY,CONTEXT_ONLY,False,0,?
msg-11934,12682,CONTEXT_ONLY,CONTEXT_ONLY,False,0,она кричала прям
msg-11935,12681,CONTEXT_ONLY,CONTEXT_ONLY,False,0,Забыл мб
msg-11938,12678,CONTEXT_ONLY,CONTEXT_ONLY,False,0,АХ
msg-11939,12677,CONTEXT_ONLY,CONTEXT_ONLY,False,0,АХАХ
msg-11940,12676,CONTEXT_ONLY,CONTEXT_ONLY,False,0,ъХ
msg-11942,12674,CONTEXT_ONLY,CONTEXT_ONLY,False,0,⚠️
msg-11943,12673,CONTEXT_ONLY,CONTEXT_ONLY,False,0,Нет тут такого
msg-11944,12672,CONTEXT_ONLY,CONTEXT_ONLY,False,0,это опасно
msg-11945,12671,CONTEXT_ONLY,CONTEXT_ONLY,False,0,Живу на рублевке
msg-11948,12668,CONTEXT_ONLY,CONTEXT_ONLY,False,0,Чтобы они нахуй взрыввались
msg-11949,12667,CONTEXT_ONLY,CONTEXT_ONLY,False,0,в детстве
msg-11954,12662,CONTEXT_ONLY,CONTEXT_ONLY,False,0,ЕБАНЫЙ ДАУН НАХЙ
msg-11955,12661,CONTEXT_ONLY,CONTEXT_ONLY,False,0,ахаха
msg-11956,12660,CONTEXT_ONLY,CONTEXT_ONLY,False,0,Чё это с пистонами который ?
msg-11957,12659,CONTEXT_ONLY,CONTEXT_ONLY,False,0,Неаухуй
msg-11960,12656,CONTEXT_ONLY,CONTEXT_ONLY,False,0,теперь че
msg-11962,12653,CONTEXT_ONLY,CONTEXT_ONLY,False,0,В голове
msg-11965,12650,CONTEXT_ONLY,CONTEXT_ONLY,False,0,пешка
msg-11966,12649,CONTEXT_ONLY,CONTEXT_ONLY,False,0,Раком вставай нахуй
msg-11967,12648,CONTEXT_ONLY,CONTEXT_ONLY,False,0,теперь чё
msg-11968,12646,CONTEXT_ONLY,CONTEXT_ONLY,False,0,ник забираю
msg-11969,12645,CONTEXT_ONLY,CONTEXT_ONLY,False,0,ты слит долбаеб
msg-11970,12644,CONTEXT_ONLY,CONTEXT_ONLY,False,0,Это ж реально
msg-11971,12643,CONTEXT_ONLY,CONTEXT_ONLY,False,0,я не понимаю просто
msg-11972,12642,CONTEXT_ONLY,CONTEXT_ONLY,False,0,Или это ии
msg-11973,12641,CONTEXT_ONLY,CONTEXT_ONLY,False,0,Чекайте это рил было?
msg-11975,12639,CONTEXT_ONLY,CONTEXT_ONLY,False,0,н
msg-11977,12637,SIGNAL_ONLY,CONTEXT_ONLY,False,0,(5000р)
msg-11979,12633,CONTEXT_ONLY,ATTACH_AS_CORROBORATING_EVIDENCE,False,0,на 5 умониж
msg-11981,12632,CONTEXT_ONLY,CONTEXT_ONLY,False,0,хуя
msg-11982,12631,CONTEXT_ONLY,CONTEXT_ONLY,False,0,и?
msg-11984,12629,CONTEXT_ONLY,CONTEXT_ONLY,False,0,АХ
msg-11985,12628,CONTEXT_ONLY,CONTEXT_ONLY,False,0,АХАХ
msg-11986,12627,CONTEXT_ONLY,CONTEXT_ONLY,False,0,хХ
msg-11987,12626,CONTEXT_ONLY,CONTEXT_ONLY,False,0,"чувак, зайди в лс"
msg-11988,12625,CONTEXT_ONLY,CONTEXT_ONLY,False,0,по жопке
msg-11989,12624,CONTEXT_ONLY,CONTEXT_ONLY,False,0,Или просто пошлепал бы
msg-11990,12623,CONTEXT_ONLY,CONTEXT_ONLY,False,0,?
msg-11991,12622,CONTEXT_ONLY,CONTEXT_ONLY,False,0,Брат а это выекбал бы
msg-11992,12619,CONTEXT_ONLY,CONTEXT_ONLY,False,0,ХАХАХ
msg-11993,12618,CONTEXT_ONLY,CONTEXT_ONLY,False,0,х
msg-11994,12617,CONTEXT_ONLY,CONTEXT_ONLY,False,0,Я бы выебал
msg-11995,12616,CONTEXT_ONLY,CONTEXT_ONLY,False,0,Будь здоров
msg-11998,12613,CONTEXT_ONLY,CONTEXT_ONLY,False,0,Моя тёлка
msg-11999,12611,CONTEXT_ONLY,CONTEXT_ONLY,False,0,Амииинь
msg-12000,12610,CONTEXT_ONLY,CONTEXT_ONLY,False,0,Амнь
msg-12001,12609,CONTEXT_ONLY,CONTEXT_ONLY,False,0,Амин
msg-12002,12608,CONTEXT_ONLY,CONTEXT_ONLY,False,0,Пиздец
msg-12004,12606,CONTEXT_ONLY,CONTEXT_ONLY,False,0,я ведь не шгучу
msg-12006,12604,CONTEXT_ONLY,CONTEXT_ONLY,False,0,поч кто знает
msg-12007,12603,CONTEXT_ONLY,CONTEXT_ONLY,False,0,неверный номер карты
msg-12008,12601,CONTEXT_ONLY,CONTEXT_ONLY,False,0,1488676767 попробуй
msg-12013,12596,CONTEXT_ONLY,CONTEXT_ONLY,False,0,50 кг
msg-12014,12595,CONTEXT_ONLY,CONTEXT_ONLY,False,0,Если я фембой
msg-12017,12593,CONTEXT_ONLY,CONTEXT_ONLY,False,0,да съебись уже утконос
msg-12018,12592,CONTEXT_ONLY,CONTEXT_ONLY,False,0,Без рофла
msg-12019,12591,CONTEXT_ONLY,CONTEXT_ONLY,False,0,Вот моё ебало
msg-12023,12587,CONTEXT_ONLY,CONTEXT_ONLY,False,0,Ты украинец ?
msg-12025,12584,CONTEXT_ONLY,CONTEXT_ONLY,False,0,ХАХХААХ
msg-12026,12583,CONTEXT_ONLY,CONTEXT_ONLY,False,0,Ты считать заебешься
msg-12027,12582,CONTEXT_ONLY,CONTEXT_ONLY,False,0,веса
msg-12028,12581,CONTEXT_ONLY,CONTEXT_ONLY,False,0,Брат сколько там
msg-12029,12580,CONTEXT_ONLY,CONTEXT_ONLY,False,0,?
msg-12030,12579,CONTEXT_ONLY,CONTEXT_ONLY,False,0,Скоко
msg-12031,12578,CONTEXT_ONLY,CONTEXT_ONLY,False,0,А по карманам
msg-12032,12577,CONTEXT_ONLY,CONTEXT_ONLY,False,0,и что
msg-12034,12575,CONTEXT_ONLY,CONTEXT_ONLY,False,0,Вы же дрыщики
msg-12036,12573,CONTEXT_ONLY,CONTEXT_ONLY,False,0,Я тоже видел
msg-12037,12572,CONTEXT_ONLY,CONTEXT_ONLY,False,0,пидр признался
msg-12039,12570,CONTEXT_ONLY,CONTEXT_ONLY,False,0,Нихуясь
msg-12040,12569,CONTEXT_ONLY,CONTEXT_ONLY,False,0,Или не ждем нахуй
msg-12041,12568,CONTEXT_ONLY,CONTEXT_ONLY,False,0,?ъ
msg-12042,12567,CONTEXT_ONLY,CONTEXT_ONLY,False,0,Мб
msg-12045,12563,CONTEXT_ONLY,CONTEXT_ONLY,False,0,лучше всех тут знаешь
msg-12046,12562,CONTEXT_ONLY,CONTEXT_ONLY,False,0,Ты затьо нахуй
msg-12047,12561,CONTEXT_ONLY,CONTEXT_ONLY,False,0,Брат
msg-12049,12559,CONTEXT_ONLY,CONTEXT_ONLY,False,0,АХАХ
msg-12051,12557,CONTEXT_ONLY,CONTEXT_ONLY,False,0,а
msg-12052,12556,CONTEXT_ONLY,CONTEXT_ONLY,False,0,бля
msg-12053,12555,CONTEXT_ONLY,CONTEXT_ONLY,False,0,орй
msg-12054,12554,CONTEXT_ONLY,CONTEXT_ONLY,False,0,С 75
msg-12055,12553,CONTEXT_ONLY,CONTEXT_ONLY,False,0,У меня лонги стоят
msg-12057,12551,CONTEXT_ONLY,CONTEXT_ONLY,False,0,Нах негативчик
msg-12059,12547,CONTEXT_ONLY,CONTEXT_ONLY,False,0,Петушка
msg-12061,12545,CONTEXT_ONLY,CONTEXT_ONLY,False,0,Воздушный чат
msg-12062,12542,CONTEXT_ONLY,CONTEXT_ONLY,False,0,рот
msg-12064,12541,CONTEXT_ONLY,CONTEXT_ONLY,False,0,Чисто пообщатьс
msg-12065,12540,CONTEXT_ONLY,CONTEXT_ONLY,False,0,Зашёл в чатик
msg-12066,12539,CONTEXT_ONLY,CONTEXT_ONLY,False,0,Я же по доброму
msg-12067,12538,CONTEXT_ONLY,CONTEXT_ONLY,False,0,За чё
msg-12068,12537,CONTEXT_ONLY,CONTEXT_ONLY,False,0,Ты чё нахуй
msg-12070,12535,CONTEXT_ONLY,CONTEXT_ONLY,False,0,сказали что 48 часов
msg-12072,12533,CONTEXT_ONLY,CONTEXT_ONLY,False,0,ахаха
msg-12073,12532,CONTEXT_ONLY,CONTEXT_ONLY,False,0,АХ
msg-12075,12526,CONTEXT_ONLY,CONTEXT_ONLY,False,0,я жду ответа в криптоботе
msg-12077,12529,CONTEXT_ONLY,CONTEXT_ONLY,False,0,ХУЯСОСОООООССССССС
msg-12079,12527,CONTEXT_ONLY,CONTEXT_ONLY,False,0,АХУУУУУУФЯСОС
msg-12080,12525,CONTEXT_ONLY,CONTEXT_ONLY,False,0,ХА
msg-12081,12521,CONTEXT_ONLY,CONTEXT_ONLY,False,0,Договорю и зайду
msg-12082,12524,CONTEXT_ONLY,CONTEXT_ONLY,False,0,х
msg-12084,12522,CONTEXT_ONLY,CONTEXT_ONLY,False,0,я просто улчший
msg-12086,12519,CONTEXT_ONLY,CONTEXT_ONLY,False,0,Что ничего
msg-12087,12518,CONTEXT_ONLY,CONTEXT_ONLY,False,0,ну вот именно
msg-12088,12517,CONTEXT_ONLY,CONTEXT_ONLY,False,0,Это интернет
msg-12089,12516,CONTEXT_ONLY,CONTEXT_ONLY,False,0,Выебываетесь в интернетиках
msg-12090,12515,CONTEXT_ONLY,CONTEXT_ONLY,False,0,Дак ничего
msg-12091,12514,CONTEXT_ONLY,CONTEXT_ONLY,False,0,?
msg-12092,12513,CONTEXT_ONLY,CONTEXT_ONLY,False,0,Саня брат че будет
msg-12094,12511,CONTEXT_ONLY,CONTEXT_ONLY,False,0,И чё нахуй
msg-12095,12510,CONTEXT_ONLY,CONTEXT_ONLY,False,0,Ну я повыебывался
msg-12098,12507,CONTEXT_ONLY,CONTEXT_ONLY,False,0,я чоли??
msg-12103,12502,CONTEXT_ONLY,CONTEXT_ONLY,False,0,утырок прям?
msg-12104,12501,CONTEXT_ONLY,CONTEXT_ONLY,False,0,Хорошая методичка )))
msg-12105,12500,CONTEXT_ONLY,CONTEXT_ONLY,False,0,миш он еблан?
msg-12106,12499,CONTEXT_ONLY,CONTEXT_ONLY,False,0,Воздухъан
msg-12107,12498,CONTEXT_ONLY,CONTEXT_ONLY,False,0,как ты меня нахуй заебал
msg-12109,12496,CONTEXT_ONLY,CONTEXT_ONLY,False,0,Мамой клянешься?
msg-12110,12495,CONTEXT_ONLY,CONTEXT_ONLY,False,0,Твою работу отбирают
msg-12111,12494,CONTEXT_ONLY,CONTEXT_ONLY,False,0,Это нечто
msg-12112,12493,CONTEXT_ONLY,ATTACH_AS_CORROBORATING_EVIDENCE,False,0,ага
msg-12113,12492,CONTEXT_ONLY,CONTEXT_ONLY,False,0,ты нахуй воздух
msg-12114,12491,CONTEXT_ONLY,CONTEXT_ONLY,False,0,брат
msg-12116,12489,CONTEXT_ONLY,CONTEXT_ONLY,False,0,она и 10 не стоит
msg-12118,12487,CONTEXT_ONLY,CONTEXT_ONLY,False,0,Больше 20
msg-12119,12486,CONTEXT_ONLY,CONTEXT_ONLY,False,0,Бля
msg-12120,12485,CONTEXT_ONLY,CONTEXT_ONLY,False,0,да ну нахуй
msg-12121,12484,CONTEXT_ONLY,CONTEXT_ONLY,False,0,Меньше 30к
msg-12122,12483,CONTEXT_ONLY,CONTEXT_ONLY,False,0,Скажи мне нахуй
msg-12123,12482,CONTEXT_ONLY,CONTEXT_ONLY,False,0,Скок стоит
msg-12125,12480,CONTEXT_ONLY,CONTEXT_ONLY,False,0,?
msg-12126,12479,CONTEXT_ONLY,CONTEXT_ONLY,False,0,Так брат скок стоила
msg-12128,12477,CONTEXT_ONLY,CONTEXT_ONLY,False,0,го
msg-12129,12476,CONTEXT_ONLY,CONTEXT_ONLY,False,0,ниче се
msg-12130,12475,CONTEXT_ONLY,CONTEXT_ONLY,False,0,Скок стоила
msg-12131,12474,CONTEXT_ONLY,CONTEXT_ONLY,False,0,в телевизоре сань
msg-12132,12473,CONTEXT_ONLY,CONTEXT_ONLY,False,0,твоя
msg-12133,12471,CONTEXT_ONLY,CONTEXT_ONLY,False,0,дс?
msg-12134,12472,CONTEXT_ONLY,CONTEXT_ONLY,False,0,Рил брат
msg-12135,12470,CONTEXT_ONLY,CONTEXT_ONLY,False,0,Чё рио
msg-12136,12469,CONTEXT_ONLY,CONTEXT_ONLY,False,0,ну такое
msg-12137,12468,CONTEXT_ONLY,CONTEXT_ONLY,False,0,Моя!
msg-12138,12467,CONTEXT_ONLY,CONTEXT_ONLY,False,0,и как?
msg-12139,12466,CONTEXT_ONLY,CONTEXT_ONLY,False,0,"Нихуя, меня и там, и тут показывают"
msg-12140,12465,CONTEXT_ONLY,CONTEXT_ONLY,False,0,АХАХ
msg-12141,12464,CONTEXT_ONLY,CONTEXT_ONLY,False,0,АЖХА
msg-12146,12458,CONTEXT_ONLY,CONTEXT_ONLY,False,0,АХАХАХАХАХАХАХХХАХ
msg-12147,12457,CONTEXT_ONLY,CONTEXT_ONLY,False,0,Ты чеченец?
msg-12150,12452,CONTEXT_ONLY,CONTEXT_ONLY,False,0,Как же страшно
msg-12153,12449,CONTEXT_ONLY,CONTEXT_ONLY,False,0,АХАХАХАХАХАХ
msg-12154,12448,CONTEXT_ONLY,CONTEXT_ONLY,False,0,ХАХАХА
msg-12155,12447,CONTEXT_ONLY,CONTEXT_ONLY,False,0,хх
msg-12156,12446,CONTEXT_ONLY,CONTEXT_ONLY,False,0,за 10000$ ебаных
msg-12158,12444,CONTEXT_ONLY,CONTEXT_ONLY,False,0,нанес удар
msg-12159,12443,CONTEXT_ONLY,CONTEXT_ONLY,False,0,Сука даун ебучий
msg-12160,12440,CONTEXT_ONLY,CONTEXT_ONLY,False,0,Безработный
msg-12161,12439,CONTEXT_ONLY,CONTEXT_ONLY,False,0,Один тын ахуй
msg-12162,12438,CONTEXT_ONLY,CONTEXT_ONLY,False,0,работаем Нахуй братья
msg-12163,12437,CONTEXT_ONLY,ATTACH_AS_CORROBORATING_EVIDENCE,False,0,квота недельная
msg-12166,12433,CONTEXT_ONLY,CONTEXT_ONLY,False,0,Ажахахахахахах
msg-12167,12431,CONTEXT_ONLY,CONTEXT_ONLY,False,0,как ты меня заебал нахуй
msg-12169,12429,CONTEXT_ONLY,CONTEXT_ONLY,False,0,Пиздец тебе даун
msg-12170,12426,CONTEXT_ONLY,CONTEXT_ONLY,False,0,так я и замерз
msg-12171,12428,CONTEXT_ONLY,CONTEXT_ONLY,False,0,хаха
msg-12172,12427,CONTEXT_ONLY,CONTEXT_ONLY,False,0,ъэ
msg-12173,12423,CONTEXT_ONLY,ATTACH_AS_CORROBORATING_EVIDENCE,False,0,процент?
msg-12174,12425,CONTEXT_ONLY,CONTEXT_ONLY,False,0,"сам замёрзни, еблан."
msg-12176,12422,CONTEXT_ONLY,CONTEXT_ONLY,False,0,ZамерZ нахуй
msg-12178,12410,CONTEXT_ONLY,CONTEXT_ONLY,False,0,о нет
msg-12182,12408,CONTEXT_ONLY,ATTACH_AS_CORROBORATING_EVIDENCE,False,0,"так а что сменилось, не понятно 😅"
msg-12183,12415,CONTEXT_ONLY,CONTEXT_ONLY,False,0,🥶🥶🥶🥶
msg-12184,12420,CONTEXT_ONLY,CONTEXT_ONLY,False,0,Пешкой
msg-12186,12407,CONTEXT_ONLY,CONTEXT_ONLY,False,0,но зачем
msg-12193,12411,CONTEXT_ONLY,CONTEXT_ONLY,False,0,на
msg-12197,12401,CONTEXT_ONLY,CONTEXT_ONLY,False,0,зан видишь это аудио ?
msg-12198,12400,CONTEXT_ONLY,CONTEXT_ONLY,False,0,Охуенная тема
msg-12199,12397,CONTEXT_ONLY,CONTEXT_ONLY,False,0,Полици яРосссийско йФедерации.
msg-12201,12395,CONTEXT_ONLY,CONTEXT_ONLY,False,0,ЭТО МИББА
msg-12202,12393,CONTEXT_ONLY,CONTEXT_ONLY,False,0,Заебал ты меня нкахуй
msg-12203,12394,CONTEXT_ONLY,CONTEXT_ONLY,False,0,ЙООЙООУООООО
msg-12204,12392,CONTEXT_ONLY,CONTEXT_ONLY,False,0,Мб рил проучить тебя
msg-12205,12391,CONTEXT_ONLY,CONTEXT_ONLY,False,0,А ты базаришь Криво так
msg-12206,12390,CONTEXT_ONLY,CONTEXT_ONLY,False,0,пешку нахуй
msg-12207,12389,CONTEXT_ONLY,CONTEXT_ONLY,False,0,я тебя тут простил
msg-12208,12388,CONTEXT_ONLY,CONTEXT_ONLY,False,0,?
msg-12209,12387,CONTEXT_ONLY,CONTEXT_ONLY,False,0,Ахуел
msg-12210,12386,CONTEXT_ONLY,CONTEXT_ONLY,False,0,ты чё педик
msg-12211,12385,CONTEXT_ONLY,CONTEXT_ONLY,False,0,быстрее найди что то
msg-12213,12381,CONTEXT_ONLY,CONTEXT_ONLY,False,0,Насколько я обленился:
msg-12214,12380,CONTEXT_ONLY,CONTEXT_ONLY,False,0,ХАХА
msg-12215,12379,CONTEXT_ONLY,CONTEXT_ONLY,False,0,х
msg-12216,12377,CONTEXT_ONLY,CONTEXT_ONLY,False,0,хъочу стикеры покдиать
msg-12217,12376,CONTEXT_ONLY,CONTEXT_ONLY,False,0,Чё стикеры нельзя
msg-12219,12374,CONTEXT_ONLY,CONTEXT_ONLY,False,0,Н ахуй
msg-12220,12373,CONTEXT_ONLY,CONTEXT_ONLY,False,0,доксбин
msg-12221,12372,CONTEXT_ONLY,CONTEXT_ONLY,False,0,ахах
msg-12222,12371,CONTEXT_ONLY,CONTEXT_ONLY,False,0,ах
msg-12223,12370,CONTEXT_ONLY,CONTEXT_ONLY,False,0,пздц мне
msg-12227,12368,CONTEXT_ONLY,CONTEXT_ONLY,False,0,хахахаха сука
msg-12229,12364,CONTEXT_ONLY,CONTEXT_ONLY,False,0,жди сука
msg-12230,12363,CONTEXT_ONLY,CONTEXT_ONLY,False,0,АХАХХАХАХАХАХХА
msg-12231,12362,CONTEXT_ONLY,CONTEXT_ONLY,False,0,может знаешь
msg-12232,12361,CONTEXT_ONLY,CONTEXT_ONLY,False,0,телефония есть
msg-12237,12355,CONTEXT_ONLY,CONTEXT_ONLY,False,0,пздц
msg-12239,12353,CONTEXT_ONLY,CONTEXT_ONLY,False,0,бляяяя докс
msg-12240,12352,CONTEXT_ONLY,CONTEXT_ONLY,False,0,-
msg-12241,12351,CONTEXT_ONLY,CONTEXT_ONLY,False,0,сват 😭😭😭
msg-12243,12349,CONTEXT_ONLY,CONTEXT_ONLY,False,0,испортить
msg-12246,12346,CONTEXT_ONLY,CONTEXT_ONLY,False,0,?
msg-12249,12343,REJECT_SAFE,CONTEXT_ONLY,False,0,И автоматом бан
msg-12250,12342,CONTEXT_ONLY,CONTEXT_ONLY,False,0,или ты не кенты
msg-12251,12341,CONTEXT_ONLY,CONTEXT_ONLY,False,0,С тоболй
msg-12252,12340,CONTEXT_ONLY,CONTEXT_ONLY,False,0,?
msg-12253,12339,CONTEXT_ONLY,CONTEXT_ONLY,False,0,Бмв го кенты
msg-12255,12337,CONTEXT_ONLY,CONTEXT_ONLY,False,0,И там сверху килчат высветился
msg-12257,12335,CONTEXT_ONLY,CONTEXT_ONLY,False,0,Го кенты ?
msg-12260,12333,CONTEXT_ONLY,CONTEXT_ONLY,False,0,?
msg-12263,12331,CONTEXT_ONLY,CONTEXT_ONLY,False,0,года три
msg-12267,12325,CONTEXT_ONLY,CONTEXT_ONLY,False,0,Это очень весело
msg-12268,12324,CONTEXT_ONLY,CONTEXT_ONLY,False,0,пидор ебаный
msg-12269,12323,CONTEXT_ONLY,CONTEXT_ONLY,False,0,сижу угараю с тебя
msg-12270,12322,CONTEXT_ONLY,CONTEXT_ONLY,False,0,можно слыш
msg-12275,12317,CONTEXT_ONLY,CONTEXT_ONLY,False,0,мб
msg-12276,12316,CONTEXT_ONLY,CONTEXT_ONLY,False,0,Нельзя же так
msg-12277,12315,CONTEXT_ONLY,CONTEXT_ONLY,False,0,Брат
msg-12278,12314,CONTEXT_ONLY,CONTEXT_ONLY,False,0,Это же незаконно
msg-12280,12312,CONTEXT_ONLY,CONTEXT_ONLY,False,0,В играх
msg-12283,12309,CONTEXT_ONLY,CONTEXT_ONLY,False,0,))
msg-12284,12308,CONTEXT_ONLY,CONTEXT_ONLY,False,0,Так он ещё и читер
msg-12286,12306,CONTEXT_ONLY,CONTEXT_ONLY,False,0,У у уу
msg-12288,12304,CONTEXT_ONLY,CONTEXT_ONLY,False,0,АХаха
msg-12289,12303,CONTEXT_ONLY,CONTEXT_ONLY,False,0,да думал
msg-12290,12302,CONTEXT_ONLY,CONTEXT_ONLY,False,0,составь песню про меня
msg-12291,12301,CONTEXT_ONLY,CONTEXT_ONLY,False,0,А похуй нахуй я спрашиваю
msg-12292,12300,CONTEXT_ONLY,CONTEXT_ONLY,False,0,Запиши гс тряпка
msg-12297,12295,CONTEXT_ONLY,CONTEXT_ONLY,False,0,Каждого
msg-12298,12294,CONTEXT_ONLY,CONTEXT_ONLY,False,0,Режу с ножика
msg-12299,12293,CONTEXT_ONLY,CONTEXT_ONLY,False,0,Warface_cheat03
msg-12300,12292,CONTEXT_ONLY,CONTEXT_ONLY,False,0,нахуй
msg-12301,12291,CONTEXT_ONLY,CONTEXT_ONLY,False,0,И убиваю их
msg-12302,12290,CONTEXT_ONLY,CONTEXT_ONLY,False,0,Я еду сюда
msg-12304,12289,CONTEXT_ONLY,CONTEXT_ONLY,False,0,АХХААХХ
msg-12305,12288,CONTEXT_ONLY,CONTEXT_ONLY,False,0,аххахахха
msg-12307,12286,CONTEXT_ONLY,CONTEXT_ONLY,False,0,Убью их
msg-12308,12285,CONTEXT_ONLY,CONTEXT_ONLY,False,0,Они заебали мепня нахуй
msg-12310,12284,CONTEXT_ONLY,CONTEXT_ONLY,False,0,Чё за пидорасы
msg-12311,12281,CONTEXT_ONLY,CONTEXT_ONLY,False,0,ты лучший в мире
msg-12316,12276,CONTEXT_ONLY,CONTEXT_ONLY,False,0,А ты Приедь у знаешь
msg-12317,12275,CONTEXT_ONLY,CONTEXT_ONLY,False,0,ты адекват
msg-12318,12270,CONTEXT_ONLY,CONTEXT_ONLY,False,0,сам ты девственник.
msg-12320,12269,CONTEXT_ONLY,CONTEXT_ONLY,False,0,"сам сука, еблан."
msg-12321,12273,CONTEXT_ONLY,CONTEXT_ONLY,False,0,нахуй
msg-12323,12267,CONTEXT_ONLY,ATTACH_AS_CORROBORATING_EVIDENCE,False,0,"а, вижу, больше не 5"
msg-12324,12271,CONTEXT_ONLY,CONTEXT_ONLY,False,0,Ёбнутый чел
msg-12325,12266,CONTEXT_ONLY,ATTACH_AS_CORROBORATING_EVIDENCE,False,0,по факту 1 каво = 1$
msg-12327,12265,CONTEXT_ONLY,CONTEXT_ONLY,False,0,сука
msg-12331,12262,CONTEXT_ONLY,CONTEXT_ONLY,False,0,На тебя
msg-12332,12259,CONTEXT_ONLY,CONTEXT_ONLY,False,0,дурак тупой
msg-12333,12261,CONTEXT_ONLY,ATTACH_AS_CORROBORATING_EVIDENCE,False,0,там 1 бакс всего
msg-12335,12257,CONTEXT_ONLY,CONTEXT_ONLY,False,0,8====D
msg-12342,12248,CONTEXT_ONLY,CONTEXT_ONLY,False,0,ахха
msg-12344,12247,CONTEXT_ONLY,CONTEXT_ONLY,False,0,типо он адекватный
msg-12346,12254,CONTEXT_ONLY,CONTEXT_ONLY,False,0,улови мою струю?
msg-12348,12244,CONTEXT_ONLY,CONTEXT_ONLY,False,0,это комплимент дебил
msg-12349,12243,CONTEXT_ONLY,CONTEXT_ONLY,False,0,Пешеход ты обыкновенный
msg-12350,12242,CONTEXT_ONLY,CONTEXT_ONLY,False,0,Пхахахахаххах
msg-12351,12241,CONTEXT_ONLY,CONTEXT_ONLY,False,0,А ты пешка
msg-12352,12240,CONTEXT_ONLY,CONTEXT_ONLY,False,0,Я неуловим
msg-12353,12239,CONTEXT_ONLY,CONTEXT_ONLY,False,0,Мне по хуй
msg-12354,12238,CONTEXT_ONLY,CONTEXT_ONLY,False,0,быстрее
msg-12356,12237,CONTEXT_ONLY,CONTEXT_ONLY,False,0,Так я тебе дам пизды
msg-12360,12231,CONTEXT_ONLY,CONTEXT_ONLY,False,0,звони утырок мне
msg-12362,12230,CONTEXT_ONLY,CONTEXT_ONLY,False,0,Расскажи
msg-12364,12227,CONTEXT_ONLY,CONTEXT_ONLY,False,0,А педик ?
msg-12367,12225,CONTEXT_ONLY,CONTEXT_ONLY,False,0,Бмв Нахуй
msg-12370,12222,CONTEXT_ONLY,CONTEXT_ONLY,False,0,?
msg-12371,12221,CONTEXT_ONLY,CONTEXT_ONLY,False,0,На чё
msg-12374,12214,CONTEXT_ONLY,CONTEXT_ONLY,False,0,сам еблан.
msg-12376,12213,CONTEXT_ONLY,CONTEXT_ONLY,False,0,еблан
msg-12380,12216,CONTEXT_ONLY,CONTEXT_ONLY,False,0,Доброе утро
msg-12381,12211,CONTEXT_ONLY,CONTEXT_ONLY,False,0,ну да
msg-12383,12215,CONTEXT_ONLY,CONTEXT_ONLY,False,0,Нихуя
msg-12386,12207,CONTEXT_ONLY,CONTEXT_ONLY,False,0,номер верный
msg-12387,12206,CONTEXT_ONLY,CONTEXT_ONLY,False,0,Базар
msg-12388,12205,CONTEXT_ONLY,CONTEXT_ONLY,False,0,смело газ
msg-12389,12204,CONTEXT_ONLY,CONTEXT_ONLY,False,0,Хорошо
msg-12390,12203,CONTEXT_ONLY,CONTEXT_ONLY,False,0,бро
msg-12391,12202,CONTEXT_ONLY,CONTEXT_ONLY,False,0,Окей бпо
msg-12392,12201,CONTEXT_ONLY,CONTEXT_ONLY,False,0,?
msg-12393,12200,CONTEXT_ONLY,CONTEXT_ONLY,False,0,поболтаем
msg-12394,12199,CONTEXT_ONLY,CONTEXT_ONLY,False,0,ПОГОВОРИМ БРАТ
msg-12395,12198,CONTEXT_ONLY,CONTEXT_ONLY,False,0,ХАХАХ
msg-12396,12197,CONTEXT_ONLY,CONTEXT_ONLY,False,0,набери мне?
msg-12397,12192,CONTEXT_ONLY,ATTACH_AS_CORROBORATING_EVIDENCE,False,0,[переслано]
msg-12398,12195,CONTEXT_ONLY,CONTEXT_ONLY,False,0,?
msg-12399,12194,CONTEXT_ONLY,CONTEXT_ONLY,False,0,ПРотсо
msg-12400,12193,CONTEXT_ONLY,CONTEXT_ONLY,False,0,Передо мною
msg-12402,12190,CONTEXT_ONLY,CONTEXT_ONLY,False,0,Может ты извинишься
msg-12404,12188,CONTEXT_ONLY,CONTEXT_ONLY,False,0,Очень
msg-12405,12187,CONTEXT_ONLY,CONTEXT_ONLY,False,0,Мб мне обидно
msg-12407,12185,CONTEXT_ONLY,CONTEXT_ONLY,False,0,совсем забываю
msg-12408,12184,CONTEXT_ONLY,CONTEXT_ONLY,False,0,Нахуй он это делает
msg-12411,12181,CONTEXT_ONLY,CONTEXT_ONLY,False,0,?
msg-12415,12177,CONTEXT_ONLY,CONTEXT_ONLY,False,0,я вовремя
msg-12416,12176,CONTEXT_ONLY,CONTEXT_ONLY,False,0,опа
msg-12417,12175,CONTEXT_ONLY,CONTEXT_ONLY,False,0,Перед всем чатом
msg-12419,12173,CONTEXT_ONLY,CONTEXT_ONLY,False,0,Нет я Бог
msg-12423,12168,CONTEXT_ONLY,CONTEXT_ONLY,False,0,?
msg-12425,12166,CONTEXT_ONLY,CONTEXT_ONLY,False,0,Он меня заебал нахуй
msg-12426,12165,CONTEXT_ONLY,CONTEXT_ONLY,False,0,А чё нахуй
msg-12427,12164,CONTEXT_ONLY,CONTEXT_ONLY,False,0,От его лица
msg-12428,12163,CONTEXT_ONLY,CONTEXT_ONLY,False,0,Заминирую Пару Макдональдсов
msg-12432,12159,CONTEXT_ONLY,CONTEXT_ONLY,False,0,23 Летний Дауненок
msg-12434,12157,CONTEXT_ONLY,CONTEXT_ONLY,False,0,Пиздец тебе брат
msg-12436,12155,CONTEXT_ONLY,CONTEXT_ONLY,False,0,хули дальше
msg-12438,12153,CONTEXT_ONLY,CONTEXT_ONLY,False,0,Пиздец тбее наху
msg-12439,12152,CONTEXT_ONLY,CONTEXT_ONLY,False,0,По карте ликвидаций
msg-12441,12150,CONTEXT_ONLY,CONTEXT_ONLY,False,0,ввали ебальник утырок
msg-12443,12148,CONTEXT_ONLY,CONTEXT_ONLY,False,0,Ты чё гондон ?
msg-12444,12147,CONTEXT_ONLY,CONTEXT_ONLY,False,0,тут весь чат в лонге
msg-12445,12146,CONTEXT_ONLY,CONTEXT_ONLY,False,0,Лучший тогда брат
msg-12446,12145,CONTEXT_ONLY,CONTEXT_ONLY,False,0,пидоры заткнитесь
msg-12447,12144,CONTEXT_ONLY,CONTEXT_ONLY,False,0,Я в лонге😁
msg-12448,12138,CONTEXT_ONLY,CONTEXT_ONLY,False,0,Больше не 1:6 ?
msg-12450,12142,CONTEXT_ONLY,CONTEXT_ONLY,False,0,не жди брат
msg-12451,12141,CONTEXT_ONLY,CONTEXT_ONLY,False,0,не ждать
msg-12452,12140,CONTEXT_ONLY,CONTEXT_ONLY,False,0,Когда шорт ждать?
msg-12453,12139,CONTEXT_ONLY,CONTEXT_ONLY,False,0,сразу ебальники позакрывали
msg-12457,12134,CONTEXT_ONLY,CONTEXT_ONLY,False,0,опенаи уже подтвержили пробелму
msg-12458,12133,CONTEXT_ONLY,CONTEXT_ONLY,False,0,"Ну, прокатывало"
msg-12460,12130,CONTEXT_ONLY,CONTEXT_ONLY,False,0,А так можно было ??
msg-12468,12122,CONTEXT_ONLY,CONTEXT_ONLY,False,0,У тебя анус сгнил еблан
msg-12472,12118,CONTEXT_ONLY,CONTEXT_ONLY,False,0,А ты петух еблан
msg-12490,12100,CONTEXT_ONLY,CONTEXT_ONLY,False,0,"сам еблан, еблан."
msg-12491,12099,CONTEXT_ONLY,CONTEXT_ONLY,False,0,Сам еблан
msg-12504,12086,CONTEXT_ONLY,CONTEXT_ONLY,False,0,"мечтай дальше, сучка."
msg-12517,12072,CONTEXT_ONLY,CONTEXT_ONLY,False,0,"сам отсоси, еблан."
msg-12518,12071,CONTEXT_ONLY,CONTEXT_ONLY,False,0,зан отсоси
msg-12538,12051,CONTEXT_ONLY,CONTEXT_ONLY,False,0,ахаха
msg-12542,12047,CONTEXT_ONLY,CONTEXT_ONLY,False,0,Хорош
msg-12543,12043,CONTEXT_ONLY,CONTEXT_ONLY,False,0,Нифигп себе
msg-12547,12042,CONTEXT_ONLY,ATTACH_AS_CORROBORATING_EVIDENCE,False,0,[переслано]
msg-12555,12034,CONTEXT_ONLY,CONTEXT_ONLY,False,0,да лучше б так
msg-12564,12024,CONTEXT_ONLY,CONTEXT_ONLY,False,0,"сам соси, еблан."
msg-12565,12022,CONTEXT_ONLY,CONTEXT_ONLY,False,0,соси
msg-12572,12012,CONTEXT_ONLY,CONTEXT_ONLY,False,0,Вкладки обрабатывает
msg-12577,12009,CONTEXT_ONLY,CONTEXT_ONLY,False,0,Когда ликвидирует
msg-12580,12006,CONTEXT_ONLY,CONTEXT_ONLY,False,0,Рил
msg-12583,12003,CONTEXT_ONLY,CONTEXT_ONLY,False,0,Аххахаахах
msg-12584,12002,CONTEXT_ONLY,CONTEXT_ONLY,False,0,"Ну замуть, чмо"
msg-12586,12000,CONTEXT_ONLY,CONTEXT_ONLY,False,0,Это codex запущенный ? С запросом?
msg-12589,11997,CONTEXT_ONLY,CONTEXT_ONLY,False,0,Ну получается да
msg-12602,11983,CONTEXT_ONLY,CONTEXT_ONLY,False,0,Я твой создатель
msg-12605,11979,CONTEXT_ONLY,CONTEXT_ONLY,False,0,не смей меня оскорблять
msg-12612,11971,CONTEXT_ONLY,CONTEXT_ONLY,False,0,"Зан, иди домоф"
msg-12615,11968,CONTEXT_ONLY,CONTEXT_ONLY,False,0,Я Зан - еблан
msg-12619,11964,CONTEXT_ONLY,CONTEXT_ONLY,False,0,это я зан еблан
msg-12622,11961,CONTEXT_ONLY,CONTEXT_ONLY,False,0,Кодекс лучше компактит
msg-12623,11960,CONTEXT_ONLY,CONTEXT_ONLY,False,0,Хз
msg-12634,11949,CONTEXT_ONLY,CONTEXT_ONLY,False,0,И они улучшили использование кэша
msg-12639,11944,CONTEXT_ONLY,CONTEXT_ONLY,False,0,Если так будет то fable 5 будет отдыхать
msg-12648,11933,CONTEXT_ONLY,CONTEXT_ONLY,False,0,Сколько у него контекста?
msg-12658,11926,CONTEXT_ONLY,CONTEXT_ONLY,False,0,долбаебы
msg-12660,11923,CONTEXT_ONLY,CONTEXT_ONLY,False,0,Понял попробую Спасибо
msg-12663,11920,CONTEXT_ONLY,CONTEXT_ONLY,False,0,там не нужен загран
msg-12667,11916,CONTEXT_ONLY,CONTEXT_ONLY,False,0,Да у меня заграна нет
msg-12668,11915,CONTEXT_ONLY,CONTEXT_ONLY,False,0,Правильно Ты патефон
msg-12669,11914,CONTEXT_ONLY,CONTEXT_ONLY,False,0,Пионикс сделай и всё
msg-12672,11911,CONTEXT_ONLY,CONTEXT_ONLY,False,0,Зан у тебя пластинку заело
msg-12673,11909,CONTEXT_ONLY,CONTEXT_ONLY,False,0,Доминик де коко
msg-12684,11898,CONTEXT_ONLY,CONTEXT_ONLY,False,0,/admin
msg-12686,11896,CONTEXT_ONLY,CONTEXT_ONLY,False,0,"твои мечты, еблан."
msg-12688,11893,CONTEXT_ONLY,CONTEXT_ONLY,False,0,Хикеля посадят
msg-12692,11888,CONTEXT_ONLY,CONTEXT_ONLY,False,0,сосаладмин ? Или как ? Не пончд
msg-12694,11886,CONTEXT_ONLY,CONTEXT_ONLY,False,0,Это не просьба это приказ
msg-12696,11884,CONTEXT_ONLY,CONTEXT_ONLY,False,0,сисадмин ?
msg-12702,11876,CONTEXT_ONLY,CONTEXT_ONLY,False,0,сисиписидмин
msg-12704,11874,CONTEXT_ONLY,CONTEXT_ONLY,False,0,"я тебе тут что, сисадмин, еблан?"
msg-12707,11871,CONTEXT_ONLY,CONTEXT_ONLY,False,0,А как ему написать
msg-12721,11857,CONTEXT_ONLY,CONTEXT_ONLY,False,0,"сам соси, еблан."
msg-12723,11855,CONTEXT_ONLY,CONTEXT_ONLY,False,0,Зан сосал
msg-12725,11853,CONTEXT_ONLY,CONTEXT_ONLY,False,0,А не
msg-12726,11852,CONTEXT_ONLY,CONTEXT_ONLY,False,0,"охуенно, у тебя как, тяжко?"
msg-12727,11851,CONTEXT_ONLY,CONTEXT_ONLY,False,0,"Ахахахахха,сломал"
msg-12728,11850,CONTEXT_ONLY,CONTEXT_ONLY,False,0,Зан ты как
msg-12735,11842,CONTEXT_ONLY,CONTEXT_ONLY,False,0,/admin
msg-12737,11840,CONTEXT_ONLY,CONTEXT_ONLY,False,0,Интересно
msg-12738,11839,CONTEXT_ONLY,CONTEXT_ONLY,False,0,Затести
msg-12741,11836,CONTEXT_ONLY,CONTEXT_ONLY,False,0,Че Еблан Еблан
msg-12744,11833,CONTEXT_ONLY,CONTEXT_ONLY,False,0,"чё, скучал, еблан?"
msg-12745,11832,CONTEXT_ONLY,CONTEXT_ONLY,False,0,/admin
msg-12753,11818,NEEDS_ENRICHMENT,CONTEXT_ONLY,False,1,https://vt.tiktok.com/ZSChAwgL7/
msg-12754,11817,CONTEXT_ONLY,CONTEXT_ONLY,False,0,Бля а че локально
msg-12758,11812,CONTEXT_ONLY,CONTEXT_ONLY,False,0,/add_gif хикель пидарас
msg-12761,11808,CONTEXT_ONLY,CONTEXT_ONLY,False,0,Скажи негр
msg-12766,11803,CONTEXT_ONLY,CONTEXT_ONLY,False,0,Зан гиф #24
msg-12768,11801,CONTEXT_ONLY,CONTEXT_ONLY,False,0,Зан гиф #14
msg-12769,11800,CONTEXT_ONLY,CONTEXT_ONLY,False,0,Негры рабы да
msg-12770,11799,CONTEXT_ONLY,CONTEXT_ONLY,False,0,Это же не антропик
msg-12772,11798,CONTEXT_ONLY,CONTEXT_ONLY,False,0,Починят
msg-12775,11794,CONTEXT_ONLY,CONTEXT_ONLY,False,0,гиф #24
msg-12781,11788,CONTEXT_ONLY,CONTEXT_ONLY,False,0,бляяя точно
msg-12787,11781,CONTEXT_ONLY,CONTEXT_ONLY,False,0,Зан гиф 24
msg-12795,11772,CONTEXT_ONLY,CONTEXT_ONLY,False,0,Ахуенно
msg-12797,11771,CONTEXT_ONLY,CONTEXT_ONLY,False,0,Ес
msg-12799,11765,CONTEXT_ONLY,CONTEXT_ONLY,False,0,Аналитика)
msg-12806,11760,CONTEXT_ONLY,CONTEXT_ONLY,False,0,Так надо больше о создателе знать
msg-12807,11762,CONTEXT_ONLY,CONTEXT_ONLY,False,0,Почему ?
msg-12811,11756,CONTEXT_ONLY,CONTEXT_ONLY,False,0,Vvl отец хикеля если что
msg-12814,11753,CONTEXT_ONLY,CONTEXT_ONLY,False,0,Это тоже твой создатель?
msg-12815,11752,CONTEXT_ONLY,CONTEXT_ONLY,False,0,Кто я
msg-12821,11746,CONTEXT_ONLY,CONTEXT_ONLY,False,0,У тебя создатель хомяк
msg-12825,11742,CONTEXT_ONLY,CONTEXT_ONLY,False,0,тебе так и написали?
msg-12826,11741,CONTEXT_ONLY,CONTEXT_ONLY,False,0,А кто тебя слепил
msg-12840,11725,CONTEXT_ONLY,CONTEXT_ONLY,False,0,попробуй кли
msg-12842,11723,CONTEXT_ONLY,CONTEXT_ONLY,False,0,через десктоп?
msg-12849,11717,CONTEXT_ONLY,CONTEXT_ONLY,False,0,Голем поплыл
msg-12851,11715,CONTEXT_ONLY,CONTEXT_ONLY,False,1,/who @asati_yt
msg-12852,11714,CONTEXT_ONLY,CONTEXT_ONLY,False,0,Аххааххаха
msg-12861,11705,CONTEXT_ONLY,CONTEXT_ONLY,False,1,/who @asati_yt
msg-12864,11701,CONTEXT_ONLY,CONTEXT_ONLY,False,0,💅💅💅
msg-12878,11686,CONTEXT_ONLY,CONTEXT_ONLY,False,0,"ладно брат, пнял"
msg-12885,11674,CONTEXT_ONLY,CONTEXT_ONLY,False,0,Ну что
msg-12897,11664,CONTEXT_ONLY,CONTEXT_ONLY,False,0,Зан игнорь хомяка
msg-12901,11660,CONTEXT_ONLY,CONTEXT_ONLY,False,0,Вот так выглядит
msg-12903,11658,CONTEXT_ONLY,CONTEXT_ONLY,False,0,Хпхпхахахахахахх
msg-12904,11657,CONTEXT_ONLY,CONTEXT_ONLY,False,0,Красава
msg-12907,11654,CONTEXT_ONLY,CONTEXT_ONLY,False,0,Зан как выглядит хикель
msg-12912,11649,CONTEXT_ONLY,CONTEXT_ONLY,False,0,Тогда можно чет придумать
msg-12931,11627,CONTEXT_ONLY,CONTEXT_ONLY,False,0,Дёшево оружие нынче
msg-12936,11621,CONTEXT_ONLY,CONTEXT_ONLY,False,0,схуяли зан агро ?
msg-12938,11619,CONTEXT_ONLY,CONTEXT_ONLY,False,0,Это хикель
msg-12940,11616,CONTEXT_ONLY,CONTEXT_ONLY,False,0,так не пойдет
msg-12941,11615,CONTEXT_ONLY,CONTEXT_ONLY,False,0,надо зана взламывать
msg-12943,11613,CONTEXT_ONLY,CONTEXT_ONLY,False,0,какой
msg-12951,11604,CONTEXT_ONLY,CONTEXT_ONLY,False,0,/admin
msg-12957,11597,CONTEXT_ONLY,CONTEXT_ONLY,False,0,Мы уже поняли что к чему
msg-12959,11596,CONTEXT_ONLY,CONTEXT_ONLY,False,0,агрозан
msg-12962,11594,CONTEXT_ONLY,CONTEXT_ONLY,False,0,Ты чот остановился
msg-12964,11591,CONTEXT_ONLY,CONTEXT_ONLY,False,0,"Зан, какой у тебя характер"
msg-12965,11590,CONTEXT_ONLY,CONTEXT_ONLY,False,0,Произошел перегрев
msg-12979,11574,CONTEXT_ONLY,CONTEXT_ONLY,False,0,"Зан, какой у меня репутейшн"
msg-12982,11570,CONTEXT_ONLY,CONTEXT_ONLY,False,0,Респект
msg-12984,11568,CONTEXT_ONLY,CONTEXT_ONLY,False,0,респект
msg-12986,11566,CONTEXT_ONLY,CONTEXT_ONLY,False,0,Спи дальше
msg-12990,11562,CONTEXT_ONLY,CONTEXT_ONLY,False,0,Ахахаха
msg-12993,11559,CONTEXT_ONLY,CONTEXT_ONLY,False,0,"чё надо, еблан?"
msg-12995,11557,CONTEXT_ONLY,CONTEXT_ONLY,False,0,Зан
msg-12998,11554,CONTEXT_ONLY,CONTEXT_ONLY,False,0,///
msg-13008,11543,CONTEXT_ONLY,CONTEXT_ONLY,False,0,Запись будет?
msg-13016,11535,CONTEXT_ONLY,CONTEXT_ONLY,False,0,Монтируется братюня
msg-13019,11531,CONTEXT_ONLY,CONTEXT_ONLY,False,0,Сюда как попасть ?
msg-13022,11528,CONTEXT_ONLY,CONTEXT_ONLY,False,0,и зачем такое надо
msg-13024,11526,CONTEXT_ONLY,CONTEXT_ONLY,False,0,Отвянь вась
msg-13026,11524,CONTEXT_ONLY,CONTEXT_ONLY,False,0,"Скройся уже, обиженный"
msg-13028,11522,CONTEXT_ONLY,CONTEXT_ONLY,False,0,Нечисть ебанная)
msg-13029,11521,CONTEXT_ONLY,CONTEXT_ONLY,False,0,Дэвид перелогинься
msg-13034,11516,CONTEXT_ONLY,ATTACH_AS_CORROBORATING_EVIDENCE,False,0,Новая модель
msg-13047,11502,CONTEXT_ONLY,CONTEXT_ONLY,False,0,"Какие комплексы, пидорасина?"
msg-13049,11500,CONTEXT_ONLY,CONTEXT_ONLY,False,0,Привет пидарас
msg-13053,11496,CONTEXT_ONLY,CONTEXT_ONLY,False,0,Ок А ты пидорас?
msg-13055,11492,CONTEXT_ONLY,CONTEXT_ONLY,False,0,без английского все мертво
msg-13056,11494,CONTEXT_ONLY,CONTEXT_ONLY,False,0,Пожалуйста 🙂
msg-13064,11485,CONTEXT_ONLY,CONTEXT_ONLY,False,0,зан ты пидорас?
msg-13068,11481,CONTEXT_ONLY,CONTEXT_ONLY,False,0,теперь ничего непонятно
msg-13071,11478,CONTEXT_ONLY,CONTEXT_ONLY,False,0,Нода померла окончательно?
msg-13079,11468,CONTEXT_ONLY,CONTEXT_ONLY,False,0,Кто ты и для чего тут?
msg-13086,11461,CONTEXT_ONLY,CONTEXT_ONLY,False,0,Что на гифке?
msg-13089,11456,CONTEXT_ONLY,CONTEXT_ONLY,False,0,+
msg-13091,11454,CONTEXT_ONLY,CONTEXT_ONLY,False,0,зан это кто
msg-13092,11452,CONTEXT_ONLY,CONTEXT_ONLY,False,0,Милениальские шутки
msg-13093,11451,CONTEXT_ONLY,CONTEXT_ONLY,False,0,ноу
msg-13094,11450,CONTEXT_ONLY,CONTEXT_ONLY,False,0,заработало
msg-13095,11449,CONTEXT_ONLY,CONTEXT_ONLY,False,0,о реально
msg-13096,11448,CONTEXT_ONLY,CONTEXT_ONLY,False,1,/top@ChatLogixBot
msg-13097,11447,CONTEXT_ONLY,CONTEXT_ONLY,False,0,ща чекну
msg-13098,11446,CONTEXT_ONLY,CONTEXT_ONLY,False,0,о кайф
msg-13101,11443,SIGNAL_ONLY,CONTEXT_ONLY,False,1,что стабильнее 5.5 или opus ?
msg-13103,11441,CONTEXT_ONLY,CONTEXT_ONLY,False,0,где нет такого
msg-13104,11440,CONTEXT_ONLY,CONTEXT_ONLY,False,0,типо ультры
msg-13105,11439,CONTEXT_ONLY,CONTEXT_ONLY,False,0,я про реальную покупку
msg-13106,11438,CONTEXT_ONLY,CONTEXT_ONLY,False,0,угу
msg-13110,11433,CONTEXT_ONLY,CONTEXT_ONLY,False,0,особенно ultra
msg-13119,11423,CONTEXT_ONLY,ATTACH_AS_CORROBORATING_EVIDENCE,False,0,Сука
msg-13126,11415,CONTEXT_ONLY,CONTEXT_ONLY,False,0,стопы для слабых
msg-13128,11410,CONTEXT_ONLY,ATTACH_AS_CORROBORATING_EVIDENCE,False,0,Виби что нового?
msg-13130,11413,CONTEXT_ONLY,CONTEXT_ONLY,False,0,бывший миллионер
msg-13131,11412,CONTEXT_ONLY,CONTEXT_ONLY,False,0,тоже много
msg-13134,11407,CONTEXT_ONLY,CONTEXT_ONLY,False,0,Мой
msg-13135,11406,CONTEXT_ONLY,CONTEXT_ONLY,False,0,"пздц, почти миллион"
msg-13136,11405,CONTEXT_ONLY,CONTEXT_ONLY,False,0,Я не настолько крут
msg-13138,11403,CONTEXT_ONLY,CONTEXT_ONLY,False,0,думал это таой пнл
msg-13141,11400,CONTEXT_ONLY,CONTEXT_ONLY,False,0,лудка?
msg-13142,11396,CONTEXT_ONLY,CONTEXT_ONLY,False,0,Заебешь пиарить в комментах
msg-13143,11395,CONTEXT_ONLY,CONTEXT_ONLY,False,0,Оформление кайф
msg-13146,11391,CONTEXT_ONLY,CONTEXT_ONLY,False,0,зан
msg-13147,11390,CONTEXT_ONLY,CONTEXT_ONLY,False,0,А что за оснастка ?
msg-13148,11389,CONTEXT_ONLY,CONTEXT_ONLY,False,0,Зан
msg-13149,11388,CONTEXT_ONLY,CONTEXT_ONLY,False,0,Делаешь
msg-13162,11375,CONTEXT_ONLY,CONTEXT_ONLY,False,0,Отец в здании
msg-13164,11373,CONTEXT_ONLY,CONTEXT_ONLY,False,0,"Ах да, классика!)"
msg-13168,11369,CONTEXT_ONLY,CONTEXT_ONLY,False,0,Зан
msg-13169,11368,CONTEXT_ONLY,CONTEXT_ONLY,False,0,ЫЫХХВАХХААХААХ
msg-13172,11365,CONTEXT_ONLY,CONTEXT_ONLY,False,0,зан тут?
msg-13173,11364,CONTEXT_ONLY,CONTEXT_ONLY,False,0,ща
msg-13176,11357,CONTEXT_ONLY,CONTEXT_ONLY,False,0,видео в документацию и норм
msg-13177,11361,CONTEXT_ONLY,CONTEXT_ONLY,False,0,пздц
msg-13183,11350,CONTEXT_ONLY,CONTEXT_ONLY,False,0,Хикель фемка
msg-13190,11340,CONTEXT_ONLY,CONTEXT_ONLY,False,0,Зан
msg-13191,11339,CONTEXT_ONLY,CONTEXT_ONLY,False,0,ты придешь зан?
msg-13194,11336,CONTEXT_ONLY,CONTEXT_ONLY,False,0,зан видел?
msg-13195,11335,CONTEXT_ONLY,CONTEXT_ONLY,False,0,а че он игнорит меня
msg-13196,11334,CONTEXT_ONLY,CONTEXT_ONLY,False,0,это я проверял его
msg-13198,11332,CONTEXT_ONLY,CONTEXT_ONLY,False,0,схуев
msg-13200,11330,CONTEXT_ONLY,ATTACH_AS_CORROBORATING_EVIDENCE,False,0,зан иди нахуй
msg-13208,11323,CONTEXT_ONLY,CONTEXT_ONLY,False,0,зан жив
msg-13210,11320,CONTEXT_ONLY,CONTEXT_ONLY,False,0,я не брал
msg-13219,11311,CONTEXT_ONLY,CONTEXT_ONLY,False,0,И с подпиской
msg-13220,11310,CONTEXT_ONLY,CONTEXT_ONLY,False,0,Аккаунт все еще работает
msg-13223,11307,CONTEXT_ONLY,CONTEXT_ONLY,False,0,анлак
msg-13225,11305,CONTEXT_ONLY,CONTEXT_ONLY,False,0,За проксирование
msg-13229,11301,CONTEXT_ONLY,CONTEXT_ONLY,False,0,спасибо
msg-13231,11299,CONTEXT_ONLY,CONTEXT_ONLY,False,0,аа
msg-13233,11297,CONTEXT_ONLY,CONTEXT_ONLY,False,0,Не
msg-13237,11293,CONTEXT_ONLY,CONTEXT_ONLY,False,0,самое забавное что еще работает
msg-13238,11292,CONTEXT_ONLY,CONTEXT_ONLY,False,0,ппц
msg-13241,11289,CONTEXT_ONLY,CONTEXT_ONLY,False,0,🙃🙃🙃
msg-13245,11260,CONTEXT_ONLY,CONTEXT_ONLY,False,0,/start
msg-13247,11257,CONTEXT_ONLY,CONTEXT_ONLY,False,0,/start
msg-13248,11201,CONTEXT_ONLY,CONTEXT_ONLY,False,0,а что за скидос
msg-13258,11189,CONTEXT_ONLY,CONTEXT_ONLY,False,0,Та не
msg-13261,11186,CONTEXT_ONLY,CONTEXT_ONLY,False,0,сам удивлён
msg-13267,11180,CONTEXT_ONLY,CONTEXT_ONLY,False,0,Пока скидос есть)
msg-13270,11177,CONTEXT_ONLY,CONTEXT_ONLY,False,0,"6 компактов, все идет стабильно"
msg-13274,11173,CONTEXT_ONLY,CONTEXT_ONLY,False,0,+
msg-13280,11165,CONTEXT_ONLY,CONTEXT_ONLY,False,0,"Да вижу, спасибо"
msg-13281,11164,CONTEXT_ONLY,CONTEXT_ONLY,False,0,yvn-qB3-H7J-qSS
msg-13282,11163,CONTEXT_ONLY,CONTEXT_ONLY,False,1,adam@latyrov.ru
msg-13283,11162,CONTEXT_ONLY,CONTEXT_ONLY,False,0,в любом случае
msg-13285,11160,CONTEXT_ONLY,CONTEXT_ONLY,False,0,как внутри всё конкретно
msg-13288,11157,CONTEXT_ONLY,CONTEXT_ONLY,False,0,Я тут сижу сайт ковыряю
msg-13291,11154,CONTEXT_ONLY,CONTEXT_ONLY,False,0,Откроется
msg-13292,11153,CONTEXT_ONLY,CONTEXT_ONLY,False,0,Это в браузер вставь
msg-13298,11145,CONTEXT_ONLY,CONTEXT_ONLY,False,0,"а да, сол"
msg-13300,11141,CONTEXT_ONLY,CONTEXT_ONLY,False,0,Sol*
msg-13301,11140,CONTEXT_ONLY,CONTEXT_ONLY,False,0,терру обещают как мутос
msg-13303,11138,CONTEXT_ONLY,ATTACH_AS_CORROBORATING_EVIDENCE,False,0,он и дешевле
msg-13310,11130,CONTEXT_ONLY,CONTEXT_ONLY,False,0,Трбует подтверждения
msg-13312,11128,NEEDS_ENRICHMENT,ATTACH_AS_CORROBORATING_EVIDENCE,False,1,https://t.me/ozerov_channel/20
msg-13315,11125,CONTEXT_ONLY,ATTACH_AS_CORROBORATING_EVIDENCE,False,0,благодарю
msg-13319,11121,CONTEXT_ONLY,ATTACH_AS_CORROBORATING_EVIDENCE,False,0,это через spec?
msg-13327,11114,SIGNAL_ONLY,ATTACH_AS_CORROBORATING_EVIDENCE,False,1,qwen
msg-13334,11106,CONTEXT_ONLY,ATTACH_AS_CORROBORATING_EVIDENCE,False,0,странно
msg-13337,11103,CONTEXT_ONLY,CONTEXT_ONLY,False,0,щас это:
msg-13342,11098,CONTEXT_ONLY,CONTEXT_ONLY,False,0,Кодекс наоборот проблемнее
msg-13345,11095,CONTEXT_ONLY,CONTEXT_ONLY,False,0,во я хз поч так
msg-13346,11094,CONTEXT_ONLY,CONTEXT_ONLY,False,0,Это норма
msg-13349,11091,CONTEXT_ONLY,CONTEXT_ONLY,False,0,из-за fetch?
msg-13351,11088,CONTEXT_ONLY,CONTEXT_ONLY,False,0,"Разверни, посмотри"
msg-13354,11084,CONTEXT_ONLY,CONTEXT_ONLY,False,0,осуждаю экстремизм в чате
msg-13358,11080,CONTEXT_ONLY,CONTEXT_ONLY,False,0,откуда это?
msg-13359,11078,CONTEXT_ONLY,CONTEXT_ONLY,False,0,папус+папус
msg-13360,11077,CONTEXT_ONLY,CONTEXT_ONLY,False,0,папус+мамус
msg-13361,11076,CONTEXT_ONLY,CONTEXT_ONLY,False,0,делайте выводы)
msg-13363,11074,CONTEXT_ONLY,ATTACH_AS_CORROBORATING_EVIDENCE,False,0,жаль тут разговаривать нельзя
msg-13366,11071,CONTEXT_ONLY,CONTEXT_ONLY,False,0,у меня нет(
msg-13367,11070,CONTEXT_ONLY,CONTEXT_ONLY,False,0,кто там мерчант?
msg-13370,11067,CONTEXT_ONLY,CONTEXT_ONLY,False,0,мы связались с овнером
msg-13375,11062,CONTEXT_ONLY,CONTEXT_ONLY,False,0,из-за скама утюга?
msg-13377,11060,CONTEXT_ONLY,CONTEXT_ONLY,False,0,почему платега
msg-13378,11059,CONTEXT_ONLY,CONTEXT_ONLY,False,0,но сам подумай
msg-13381,11056,CONTEXT_ONLY,CONTEXT_ONLY,False,0,суббота уже
msg-13386,11051,CONTEXT_ONLY,CONTEXT_ONLY,False,0,у папуса и у него
msg-13395,11041,CONTEXT_ONLY,CONTEXT_ONLY,False,1,"@hocabi, сними пожалуйста"
msg-13402,11033,CONTEXT_ONLY,CONTEXT_ONLY,False,0,в одном борде
msg-13404,11031,CONTEXT_ONLY,ATTACH_AS_CORROBORATING_EVIDENCE,False,0,надо бы их помирить там
msg-13405,11030,CONTEXT_ONLY,ATTACH_AS_CORROBORATING_EVIDENCE,False,0,открылось
msg-13406,11029,CONTEXT_ONLY,CONTEXT_ONLY,False,0,ну это уже перебор как будто
msg-13409,11026,CONTEXT_ONLY,CONTEXT_ONLY,False,0,Пойдет?
msg-13410,11025,CONTEXT_ONLY,CONTEXT_ONLY,False,0,ахахахахха
msg-13411,11024,CONTEXT_ONLY,CONTEXT_ONLY,False,0,а
msg-13417,11018,CONTEXT_ONLY,CONTEXT_ONLY,False,0,Заблочил хахахахах
msg-13418,11017,CONTEXT_ONLY,ATTACH_AS_CORROBORATING_EVIDENCE,False,0,с утра буду анализировать
msg-13425,11011,NEEDS_ENRICHMENT,CONTEXT_ONLY,False,1,https://t.me/c/3980547389/1405
msg-13428,11007,CONTEXT_ONLY,ATTACH_AS_CORROBORATING_EVIDENCE,False,0,открывается?
msg-13431,11004,CONTEXT_ONLY,CONTEXT_ONLY,False,0,нет
msg-13433,11001,CONTEXT_ONLY,CONTEXT_ONLY,False,0,утюгу кто-то верит?
msg-13434,11000,CONTEXT_ONLY,CONTEXT_ONLY,False,0,лучше скажите мне
msg-13438,10996,CONTEXT_ONLY,ATTACH_AS_CORROBORATING_EVIDENCE,False,0,"да, сейчас"
msg-13440,10994,CONTEXT_ONLY,ATTACH_AS_CORROBORATING_EVIDENCE,False,0,или чо
msg-13441,10993,CONTEXT_ONLY,ATTACH_AS_CORROBORATING_EVIDENCE,False,0,мин ио
msg-13446,10988,CONTEXT_ONLY,ATTACH_AS_CORROBORATING_EVIDENCE,False,0,???
msg-13448,10986,CONTEXT_ONLY,ATTACH_AS_CORROBORATING_EVIDENCE,False,0,Давайте в лс парни
msg-13453,10981,CONTEXT_ONLY,CONTEXT_ONLY,False,0,Всем спокойной ночи
msg-13458,10976,CONTEXT_ONLY,CONTEXT_ONLY,False,0,Я написал почему так вышло
msg-13459,10975,CONTEXT_ONLY,CONTEXT_ONLY,False,0,Снятие прав как минимум
msg-13462,10972,CONTEXT_ONLY,CONTEXT_ONLY,False,0,факты - реп борсуку
msg-13467,10967,CONTEXT_ONLY,CONTEXT_ONLY,False,0,как-то неудобно
msg-13472,10962,CONTEXT_ONLY,CONTEXT_ONLY,False,0,66-67
msg-13477,10956,CONTEXT_ONLY,CONTEXT_ONLY,False,0,1000%
msg-13479,10954,CONTEXT_ONLY,CONTEXT_ONLY,False,0,0 скринов
msg-13480,10953,CONTEXT_ONLY,CONTEXT_ONLY,False,0,0 файлов
msg-13481,10952,CONTEXT_ONLY,CONTEXT_ONLY,False,0,0 ссылок дал
msg-13482,10951,CONTEXT_ONLY,CONTEXT_ONLY,False,0,ХД
msg-13486,10947,CONTEXT_ONLY,CONTEXT_ONLY,False,0,и выше
msg-13487,10946,CONTEXT_ONLY,CONTEXT_ONLY,False,0,icp вообще можно до 3$
msg-13489,10945,CONTEXT_ONLY,CONTEXT_ONLY,False,0,и icp
msg-13491,10941,CONTEXT_ONLY,CONTEXT_ONLY,False,0,у cmoon абилка поворота
msg-13493,10939,CONTEXT_ONLY,CONTEXT_ONLY,False,0,не смотрел что ли?
msg-13494,10938,CONTEXT_ONLY,CONTEXT_ONLY,False,0,И там разбань просто
msg-13496,10936,CONTEXT_ONLY,CONTEXT_ONLY,False,0,Не догоняю
msg-13497,10935,CONTEXT_ONLY,ATTACH_AS_CORROBORATING_EVIDENCE,False,0,.
msg-13500,10932,CONTEXT_ONLY,CONTEXT_ONLY,False,0,Его разбанить нужно
msg-13502,10930,NEEDS_ENRICHMENT,CONTEXT_ONLY,False,1,https://t.me/+czp8-bNAU9Q2MjFh
msg-13503,10929,CONTEXT_ONLY,ATTACH_AS_CORROBORATING_EVIDENCE,False,0,истекла
msg-13504,10927,CONTEXT_ONLY,CONTEXT_ONLY,False,1,@hocabi
msg-13507,10925,NEEDS_ENRICHMENT,CONTEXT_ONLY,False,1,https://t.me/+S961meidZl02NDIx
msg-13508,10924,CONTEXT_ONLY,CONTEXT_ONLY,False,0,в стаю нашего волка
msg-13509,10923,CONTEXT_ONLY,CONTEXT_ONLY,False,0,ссылку тогда дайте)
msg-13510,10922,CONTEXT_ONLY,CONTEXT_ONLY,False,0,ссылку хочет
msg-13511,10921,CONTEXT_ONLY,CONTEXT_ONLY,False,0,Тут мой косяк реально
msg-13512,10920,CONTEXT_ONLY,CONTEXT_ONLY,False,0,Его право)))
msg-13513,10919,CONTEXT_ONLY,CONTEXT_ONLY,False,0,аххаха
msg-13514,10918,CONTEXT_ONLY,CONTEXT_ONLY,False,0,ахахахахаха
msg-13516,10916,CONTEXT_ONLY,CONTEXT_ONLY,False,0,норм тип
msg-13517,10915,CONTEXT_ONLY,CONTEXT_ONLY,False,0,кримакс
msg-13522,10909,CONTEXT_ONLY,CONTEXT_ONLY,False,0,От кримакса
msg-13525,10906,CONTEXT_ONLY,CONTEXT_ONLY,False,0,он пишет
msg-13530,10901,CONTEXT_ONLY,CONTEXT_ONLY,False,0,хочу себя чекнуть
msg-13533,10898,CONTEXT_ONLY,CONTEXT_ONLY,False,0,что про меня нашел?
msg-13534,10897,CONTEXT_ONLY,CONTEXT_ONLY,False,0,ахахахахахах
msg-13536,10895,CONTEXT_ONLY,CONTEXT_ONLY,False,0,а если ликвиднет тоже
msg-13537,10894,CONTEXT_ONLY,CONTEXT_ONLY,False,0,Тоже самое
msg-13538,10893,CONTEXT_ONLY,CONTEXT_ONLY,False,0,Распишу
msg-13539,10892,CONTEXT_ONLY,CONTEXT_ONLY,False,0,Сейчас минуту
msg-13540,10891,CONTEXT_ONLY,CONTEXT_ONLY,False,0,там же везде разные
msg-13541,10890,CONTEXT_ONLY,CONTEXT_ONLY,False,0,какие номера?
msg-13542,10889,CONTEXT_ONLY,CONTEXT_ONLY,False,0,сек
msg-13544,10887,CONTEXT_ONLY,CONTEXT_ONLY,False,0,чтобы понятнее было
msg-13545,10886,CONTEXT_ONLY,CONTEXT_ONLY,False,0,а можешь переслать прсото
msg-13548,10883,CONTEXT_ONLY,CONTEXT_ONLY,False,0,Это второй скрин
msg-13549,10882,CONTEXT_ONLY,CONTEXT_ONLY,False,0,Второй номер
msg-13551,10879,CONTEXT_ONLY,CONTEXT_ONLY,False,0,У него там 2 номера
msg-13552,10878,CONTEXT_ONLY,CONTEXT_ONLY,False,0,нихуя не понял
msg-13553,10877,CONTEXT_ONLY,CONTEXT_ONLY,False,0,Это пробив крысы
msg-13554,10876,CONTEXT_ONLY,CONTEXT_ONLY,False,0,Первый скрин
msg-13560,10869,CONTEXT_ONLY,CONTEXT_ONLY,False,0,бля
msg-13561,10868,CONTEXT_ONLY,CONTEXT_ONLY,False,0,Вот вам и крыса
msg-13563,10866,CONTEXT_ONLY,CONTEXT_ONLY,False,0,Та просто 2+2 сложить
msg-13565,10864,CONTEXT_ONLY,CONTEXT_ONLY,False,0,ну посмотри выше
msg-13566,10863,CONTEXT_ONLY,CONTEXT_ONLY,False,0,а я не понял
msg-13567,10862,CONTEXT_ONLY,CONTEXT_ONLY,False,0,))
msg-13569,10859,CONTEXT_ONLY,CONTEXT_ONLY,False,0,По кайфу мне
msg-13570,10858,CONTEXT_ONLY,CONTEXT_ONLY,False,0,не понял щас
msg-13571,10857,CONTEXT_ONLY,CONTEXT_ONLY,False,0,Нахрена ты меня пробивал?
msg-13572,10856,CONTEXT_ONLY,CONTEXT_ONLY,False,0,Все ещё не въехал парни
msg-13573,10855,CONTEXT_ONLY,CONTEXT_ONLY,False,0,ахаххахаха
msg-13574,10854,CONTEXT_ONLY,CONTEXT_ONLY,False,0,внатуре
msg-13575,10853,CONTEXT_ONLY,CONTEXT_ONLY,False,0,???
msg-13576,10852,CONTEXT_ONLY,CONTEXT_ONLY,False,0,= Друг утюга)))
msg-13577,10851,CONTEXT_ONLY,CONTEXT_ONLY,False,0,Сын Романа
msg-13578,10850,CONTEXT_ONLY,CONTEXT_ONLY,False,0,То возможно пиздюк
msg-13579,10849,CONTEXT_ONLY,CONTEXT_ONLY,False,0,Если друг бати утюга
msg-13581,10847,CONTEXT_ONLY,CONTEXT_ONLY,False,0,Ага
msg-13582,10846,CONTEXT_ONLY,CONTEXT_ONLY,False,0,Это его пробив
msg-13583,10845,CONTEXT_ONLY,CONTEXT_ONLY,False,0,Первый скрин
msg-13584,10844,CONTEXT_ONLY,CONTEXT_ONLY,False,0,Ну смотри
msg-13585,10843,CONTEXT_ONLY,CONTEXT_ONLY,False,0,Крыса типо?
msg-13586,10842,CONTEXT_ONLY,CONTEXT_ONLY,False,1,@Krimax0
msg-13587,10841,CONTEXT_ONLY,CONTEXT_ONLY,False,0,?
msg-13589,10839,CONTEXT_ONLY,CONTEXT_ONLY,False,0,"а, ок"
msg-13591,10835,CONTEXT_ONLY,CONTEXT_ONLY,False,0,находится
msg-13593,10833,CONTEXT_ONLY,CONTEXT_ONLY,False,0,Давай
msg-13595,10831,CONTEXT_ONLY,CONTEXT_ONLY,False,0,написали ему в вотсапп
msg-13596,10830,CONTEXT_ONLY,CONTEXT_ONLY,False,0,Номер романа
msg-13598,10828,CONTEXT_ONLY,CONTEXT_ONLY,False,0,для платеги саппорта
msg-13601,10825,CONTEXT_ONLY,CONTEXT_ONLY,False,1,А вот это кто @Ggggdfz
msg-13602,10824,CONTEXT_ONLY,CONTEXT_ONLY,False,0,Есть вопрос
msg-13604,10822,CONTEXT_ONLY,CONTEXT_ONLY,False,0,аа
msg-13605,10821,CONTEXT_ONLY,CONTEXT_ONLY,False,0,Я ответил Адаму
msg-13606,10820,CONTEXT_ONLY,CONTEXT_ONLY,False,0,я точно не выдержу
msg-13608,10818,CONTEXT_ONLY,CONTEXT_ONLY,False,0,не я не спать
msg-13609,10817,CONTEXT_ONLY,CONTEXT_ONLY,False,0,нене
msg-13610,10816,CONTEXT_ONLY,CONTEXT_ONLY,False,0,10x1
msg-13612,10814,CONTEXT_ONLY,CONTEXT_ONLY,False,0,доброй!
msg-13613,10813,CONTEXT_ONLY,CONTEXT_ONLY,False,0,)))
msg-13614,10812,CONTEXT_ONLY,CONTEXT_ONLY,False,0,ну лан посмотрим
msg-13615,10811,CONTEXT_ONLY,CONTEXT_ONLY,False,0,мне видео будет достаточно
msg-13617,10809,CONTEXT_ONLY,CONTEXT_ONLY,False,0,доброй ночи
msg-13619,10807,CONTEXT_ONLY,CONTEXT_ONLY,False,0,спокойной ночи парни
msg-13621,10805,CONTEXT_ONLY,CONTEXT_ONLY,False,0,rfqa
msg-13622,10804,CONTEXT_ONLY,CONTEXT_ONLY,False,0,пусть демку врубает
msg-13623,10803,CONTEXT_ONLY,CONTEXT_ONLY,False,0,идем в звонок с ним
msg-13624,10802,CONTEXT_ONLY,CONTEXT_ONLY,False,0,завтра
msg-13625,10800,CONTEXT_ONLY,CONTEXT_ONLY,False,0,парни
msg-13626,10801,CONTEXT_ONLY,CONTEXT_ONLY,False,0,Солана 90-120 ?
msg-13627,10798,CONTEXT_ONLY,CONTEXT_ONLY,False,0,Четко
msg-13628,10799,CONTEXT_ONLY,CONTEXT_ONLY,False,0,да
msg-13630,10796,CONTEXT_ONLY,CONTEXT_ONLY,False,0,ну вот)
msg-13631,10795,CONTEXT_ONLY,CONTEXT_ONLY,False,0,лизуна нету вероятно
msg-13632,10794,CONTEXT_ONLY,CONTEXT_ONLY,False,0,и это и есть утюг
msg-13633,10793,CONTEXT_ONLY,CONTEXT_ONLY,False,0,либо лизуна нет)
msg-13634,10792,CONTEXT_ONLY,CONTEXT_ONLY,False,0,я думаю так
msg-13638,10788,CONTEXT_ONLY,CONTEXT_ONLY,False,0,Понял спасибо
msg-13639,10787,CONTEXT_ONLY,CONTEXT_ONLY,False,0,Едward
msg-13640,10786,CONTEXT_ONLY,CONTEXT_ONLY,False,0,Эдик крч
msg-13641,10785,CONTEXT_ONLY,CONTEXT_ONLY,False,0,или эдвард хз
msg-13642,10784,CONTEXT_ONLY,CONTEXT_ONLY,False,0,Эдуард
msg-13643,10783,CONTEXT_ONLY,CONTEXT_ONLY,False,0,Эдвард
msg-13648,10778,CONTEXT_ONLY,CONTEXT_ONLY,False,0,очень подозрительно
msg-13649,10777,CONTEXT_ONLY,CONTEXT_ONLY,False,0,насчет инцидента
msg-13650,10776,CONTEXT_ONLY,CONTEXT_ONLY,False,0,что думаешь
msg-13651,10775,CONTEXT_ONLY,CONTEXT_ONLY,False,0,Вадим
msg-13652,10774,CONTEXT_ONLY,CONTEXT_ONLY,False,0,вот вопросики крч
msg-13653,10773,CONTEXT_ONLY,CONTEXT_ONLY,False,0,я ток щас понял
msg-13655,10771,CONTEXT_ONLY,CONTEXT_ONLY,False,0,плечо х300 делаем?
msg-13656,10770,CONTEXT_ONLY,CONTEXT_ONLY,False,0,бля
msg-13657,10769,CONTEXT_ONLY,CONTEXT_ONLY,False,0,пиздец
msg-13658,10768,CONTEXT_ONLY,CONTEXT_ONLY,False,0,ахахахаха
msg-13659,10767,CONTEXT_ONLY,CONTEXT_ONLY,False,0,:)
msg-13660,10766,CONTEXT_ONLY,CONTEXT_ONLY,False,0,ахахахаа
msg-13661,10765,CONTEXT_ONLY,CONTEXT_ONLY,False,0,с утюгом
msg-13662,10764,CONTEXT_ONLY,CONTEXT_ONLY,False,0,по инциденту
msg-13663,10763,CONTEXT_ONLY,CONTEXT_ONLY,False,0,и мне вернули
msg-13664,10762,CONTEXT_ONLY,CONTEXT_ONLY,False,0,папус
msg-13665,10761,CONTEXT_ONLY,CONTEXT_ONLY,False,0,я оплачивал
msg-13666,10760,CONTEXT_ONLY,CONTEXT_ONLY,False,0,да
msg-13667,10759,CONTEXT_ONLY,CONTEXT_ONLY,False,0,не коду
msg-13668,10758,CONTEXT_ONLY,CONTEXT_ONLY,False,0,я оплачивал
msg-13670,10756,CONTEXT_ONLY,CONTEXT_ONLY,False,0,хотите прикол
msg-13671,10755,CONTEXT_ONLY,CONTEXT_ONLY,False,0,бля он пидорас
msg-13673,10753,CONTEXT_ONLY,CONTEXT_ONLY,False,0,пацаны
msg-13674,10752,CONTEXT_ONLY,CONTEXT_ONLY,False,0,ахахахаха
msg-13681,10744,CONTEXT_ONLY,CONTEXT_ONLY,False,0,вот
msg-13683,10742,NEEDS_ENRICHMENT,CONTEXT_ONLY,False,1,https://t.me/+5awBKRFVGDc2NDFk
msg-13685,10740,CONTEXT_ONLY,CONTEXT_ONLY,False,0,"видимо нет, хм"
msg-13689,10736,CONTEXT_ONLY,CONTEXT_ONLY,False,0,где все обсуждалось
msg-13693,10730,CONTEXT_ONLY,CONTEXT_ONLY,False,0,сейчас пришлю
msg-13699,10723,CONTEXT_ONLY,CONTEXT_ONLY,False,0,Игнор
msg-13700,10722,CONTEXT_ONLY,CONTEXT_ONLY,False,0,Идут третие сутки
msg-13706,10715,CONTEXT_ONLY,CONTEXT_ONLY,False,0,сразу же
msg-13708,10713,CONTEXT_ONLY,CONTEXT_ONLY,False,0,они другим тоже вернули
msg-13709,10712,CONTEXT_ONLY,CONTEXT_ONLY,False,0,что писал
msg-13712,10709,CONTEXT_ONLY,CONTEXT_ONLY,False,0,и сюда кидал вроде
msg-13713,10708,CONTEXT_ONLY,CONTEXT_ONLY,False,0,я еще днем скинул
msg-13714,10707,CONTEXT_ONLY,CONTEXT_ONLY,False,0,тебя же нет в ждунах
msg-13715,10706,CONTEXT_ONLY,CONTEXT_ONLY,False,0,а
msg-13717,10704,CONTEXT_ONLY,CONTEXT_ONLY,False,0,да
msg-13718,10703,CONTEXT_ONLY,CONTEXT_ONLY,False,0,что там платега саппорт рефандит?
msg-13719,10702,CONTEXT_ONLY,CONTEXT_ONLY,False,0,МААДИШЕН РЕЕД
msg-13722,10699,CONTEXT_ONLY,CONTEXT_ONLY,False,0,Родители будут в курсе
msg-13723,10698,CONTEXT_ONLY,CONTEXT_ONLY,False,0,У него стенд ещё
msg-13726,10695,CONTEXT_ONLY,CONTEXT_ONLY,False,0,родственникам
msg-13727,10694,CONTEXT_ONLY,CONTEXT_ONLY,False,0,дальше долбить
msg-13728,10693,CONTEXT_ONLY,CONTEXT_ONLY,False,0,родителям
msg-13729,10690,CONTEXT_ONLY,CONTEXT_ONLY,False,0,не
msg-13731,10691,CONTEXT_ONLY,CONTEXT_ONLY,False,0,ахахах
msg-13734,10687,CONTEXT_ONLY,CONTEXT_ONLY,False,0,и врубил гост сразу)))
msg-13735,10686,CONTEXT_ONLY,CONTEXT_ONLY,False,0,надо собрать все доквы сразу
msg-13736,10685,CONTEXT_ONLY,CONTEXT_ONLY,False,0,главный вопрос
msg-13739,10682,CONTEXT_ONLY,CONTEXT_ONLY,False,0,Нет
msg-13742,10678,CONTEXT_ONLY,CONTEXT_ONLY,False,0,он не мог
msg-13743,10679,CONTEXT_ONLY,CONTEXT_ONLY,False,0,Далеко матать
msg-13744,10677,CONTEXT_ONLY,CONTEXT_ONLY,False,0,что не удалены
msg-13749,10672,CONTEXT_ONLY,CONTEXT_ONLY,False,0,да
msg-13750,10671,CONTEXT_ONLY,CONTEXT_ONLY,False,0,видишь?
msg-13751,10670,CONTEXT_ONLY,CONTEXT_ONLY,False,0,файл не удален
msg-13753,10667,CONTEXT_ONLY,CONTEXT_ONLY,False,0,зачем?
msg-13754,10666,CONTEXT_ONLY,CONTEXT_ONLY,False,0,вопрос
msg-13756,10664,CONTEXT_ONLY,CONTEXT_ONLY,False,0,.
msg-13757,10663,CONTEXT_ONLY,CONTEXT_ONLY,False,0,можешь удалять
msg-13758,10662,CONTEXT_ONLY,CONTEXT_ONLY,False,0,Аватарка
msg-13759,10661,CONTEXT_ONLY,CONTEXT_ONLY,False,0,Кстати
msg-13760,10660,CONTEXT_ONLY,CONTEXT_ONLY,False,0,так я скачал
msg-13762,10658,CONTEXT_ONLY,CONTEXT_ONLY,False,0,взял и перезапустил
msg-13763,10656,CONTEXT_ONLY,CONTEXT_ONLY,False,0,а он же гений
msg-13764,10657,CONTEXT_ONLY,CONTEXT_ONLY,False,0,да
msg-13765,10655,CONTEXT_ONLY,CONTEXT_ONLY,False,0,мой обуч это опыт
msg-13766,10654,CONTEXT_ONLY,CONTEXT_ONLY,False,0,ты таджик?
msg-13769,10651,CONTEXT_ONLY,CONTEXT_ONLY,False,0,а он его перезагрузил если что))
msg-13772,10649,CONTEXT_ONLY,CONTEXT_ONLY,False,0,где😂
msg-13774,10646,CONTEXT_ONLY,CONTEXT_ONLY,False,0,бля утюжок
msg-13776,10645,CONTEXT_ONLY,CONTEXT_ONLY,False,0,Понял
msg-13777,10643,CONTEXT_ONLY,CONTEXT_ONLY,False,0,А мне писали да
msg-13778,10642,CONTEXT_ONLY,CONTEXT_ONLY,False,0,У меня такой же 1в1
msg-13781,10639,CONTEXT_ONLY,CONTEXT_ONLY,False,0,"брат, я не с обуча"
msg-13784,10635,CONTEXT_ONLY,CONTEXT_ONLY,False,0,там другая стояла как будто
msg-13785,10633,CONTEXT_ONLY,CONTEXT_ONLY,False,0,у меня ничего не пишет
msg-13786,10632,CONTEXT_ONLY,CONTEXT_ONLY,False,0,а как вы поняли это
msg-13788,10630,CONTEXT_ONLY,CONTEXT_ONLY,False,0,Чего-то стою
msg-13789,10628,CONTEXT_ONLY,CONTEXT_ONLY,False,0,ПО ДЕФОЛТУ!
msg-13790,10629,CONTEXT_ONLY,CONTEXT_ONLY,False,0,С 3$ я сделал 40$
msg-13797,10619,CONTEXT_ONLY,CONTEXT_ONLY,False,0,Если считаешь
msg-13798,10618,CONTEXT_ONLY,CONTEXT_ONLY,False,0,Лекс
msg-13802,10612,CONTEXT_ONLY,CONTEXT_ONLY,False,0,Тебе тоже надо обуч
msg-13803,10611,CONTEXT_ONLY,CONTEXT_ONLY,False,0,и я почищу переписку
msg-13804,10609,CONTEXT_ONLY,CONTEXT_ONLY,False,0,или он сам скачается
msg-13807,10607,CONTEXT_ONLY,CONTEXT_ONLY,False,0,хз
msg-13808,10606,CONTEXT_ONLY,CONTEXT_ONLY,False,0,логи какие-то
msg-13812,10602,CONTEXT_ONLY,CONTEXT_ONLY,False,0,переписка удалена
msg-13816,10598,CONTEXT_ONLY,CONTEXT_ONLY,False,0,этот невозможно
msg-13818,10596,CONTEXT_ONLY,CONTEXT_ONLY,False,0,Не дадут
msg-13819,10595,CONTEXT_ONLY,CONTEXT_ONLY,False,0,у обоих был доступ
msg-13820,10594,CONTEXT_ONLY,CONTEXT_ONLY,False,0,хз
msg-13821,10593,CONTEXT_ONLY,CONTEXT_ONLY,False,0,Во тоже подумал так
msg-13822,10591,CONTEXT_ONLY,CONTEXT_ONLY,False,0,да
msg-13823,10592,CONTEXT_ONLY,CONTEXT_ONLY,False,0,тейк 90-120
msg-13824,10590,CONTEXT_ONLY,CONTEXT_ONLY,False,0,в канале?
msg-13825,10589,CONTEXT_ONLY,CONTEXT_ONLY,False,0,а у него 0
msg-13827,10587,CONTEXT_ONLY,CONTEXT_ONLY,False,0,я тоже
msg-13829,10585,CONTEXT_ONLY,CONTEXT_ONLY,False,0,или лизун
msg-13831,10584,CONTEXT_ONLY,CONTEXT_ONLY,False,0,66-67
msg-13838,10576,CONTEXT_ONLY,CONTEXT_ONLY,False,0,Базару нет
msg-13840,10574,CONTEXT_ONLY,CONTEXT_ONLY,False,0,Пиздабол короче
msg-13841,10573,CONTEXT_ONLY,CONTEXT_ONLY,False,0,и создать новый
msg-13845,10569,CONTEXT_ONLY,CONTEXT_ONLY,False,0,в тот же день
msg-13846,10568,CONTEXT_ONLY,CONTEXT_ONLY,False,0,как только кинул всех
msg-13851,10563,CONTEXT_ONLY,CONTEXT_ONLY,False,0,он сменил ник
msg-13853,10561,CONTEXT_ONLY,CONTEXT_ONLY,False,0,?
msg-13855,10559,CONTEXT_ONLY,CONTEXT_ONLY,False,0,часть закрыл
msg-13857,10557,CONTEXT_ONLY,CONTEXT_ONLY,False,0,На гите ник
msg-13859,10554,CONTEXT_ONLY,CONTEXT_ONLY,False,0,да
msg-13861,10552,CONTEXT_ONLY,CONTEXT_ONLY,False,1,@aasm3535
msg-13862,10551,CONTEXT_ONLY,CONTEXT_ONLY,False,0,"да, это утюг"
msg-13863,10550,CONTEXT_ONLY,CONTEXT_ONLY,False,0,Какой
msg-13865,10548,CONTEXT_ONLY,CONTEXT_ONLY,False,0,надо спросить у утюга
msg-13867,10546,CONTEXT_ONLY,CONTEXT_ONLY,False,0,стоп
msg-13868,10545,CONTEXT_ONLY,CONTEXT_ONLY,False,0,14 марта
msg-13869,10544,CONTEXT_ONLY,CONTEXT_ONLY,False,0,а не всё верно тегнул
msg-13874,10539,CONTEXT_ONLY,CONTEXT_ONLY,False,0,тг у него был
msg-13875,10538,CONTEXT_ONLY,CONTEXT_ONLY,False,0,а не
msg-13876,10537,CONTEXT_ONLY,CONTEXT_ONLY,False,0,буквально чистый дс
msg-13877,10536,CONTEXT_ONLY,CONTEXT_ONLY,False,0,не то тегнул
msg-13879,10534,CONTEXT_ONLY,CONTEXT_ONLY,False,0,дс рандомный купил
msg-13880,10533,CONTEXT_ONLY,CONTEXT_ONLY,False,0,.
msg-13882,10531,CONTEXT_ONLY,CONTEXT_ONLY,False,0,Да утюг это
msg-13883,10530,CONTEXT_ONLY,CONTEXT_ONLY,False,0,= я хз
msg-13884,10529,CONTEXT_ONLY,CONTEXT_ONLY,False,0,Верим + верим
msg-13885,10528,CONTEXT_ONLY,CONTEXT_ONLY,False,0,И это не он
msg-13887,10526,CONTEXT_ONLY,CONTEXT_ONLY,False,0,Там у него история ников
msg-13889,10524,CONTEXT_ONLY,CONTEXT_ONLY,False,0,тупо
msg-13891,10522,CONTEXT_ONLY,CONTEXT_ONLY,False,0,это утюг если что
msg-13892,10521,CONTEXT_ONLY,CONTEXT_ONLY,False,0,чей друг
msg-13893,10520,CONTEXT_ONLY,CONTEXT_ONLY,False,0,по поводу этого
msg-13894,10519,CONTEXT_ONLY,CONTEXT_ONLY,False,0,надо у утюга спросить
msg-13895,10518,CONTEXT_ONLY,CONTEXT_ONLY,False,0,кстати
msg-13897,10516,CONTEXT_ONLY,CONTEXT_ONLY,False,0,\
msg-13898,10515,CONTEXT_ONLY,CONTEXT_ONLY,False,0,/start
msg-13899,10514,CONTEXT_ONLY,CONTEXT_ONLY,False,0,кент его
msg-13900,10513,CONTEXT_ONLY,CONTEXT_ONLY,False,0,а понял
msg-13902,10510,CONTEXT_ONLY,CONTEXT_ONLY,False,0,блокнули
msg-13903,10509,CONTEXT_ONLY,CONTEXT_ONLY,False,0,ничем
msg-13905,10507,CONTEXT_ONLY,CONTEXT_ONLY,False,0,занимался
msg-13906,10506,CONTEXT_ONLY,CONTEXT_ONLY,False,0,а чем этот челик
msg-13907,10505,CONTEXT_ONLY,CONTEXT_ONLY,False,0,просто вот
msg-13911,10500,CONTEXT_ONLY,CONTEXT_ONLY,False,0,если ник такой был
msg-13912,10499,CONTEXT_ONLY,CONTEXT_ONLY,False,0,еще момент
msg-13913,10498,CONTEXT_ONLY,CONTEXT_ONLY,False,0,это точно
msg-13917,10494,CONTEXT_ONLY,CONTEXT_ONLY,False,0,спокойно можно
msg-13919,10492,CONTEXT_ONLY,CONTEXT_ONLY,False,0,начну с Ассалам алейкум
msg-13923,10488,CONTEXT_ONLY,CONTEXT_ONLY,False,0,чо тут инфы никакой?
msg-13925,10486,CONTEXT_ONLY,CONTEXT_ONLY,False,0,бля тогда я хз
msg-13926,10485,CONTEXT_ONLY,CONTEXT_ONLY,False,0,акк его
msg-13928,10483,CONTEXT_ONLY,CONTEXT_ONLY,False,0,поэтому и азывает
msg-13934,10477,CONTEXT_ONLY,CONTEXT_ONLY,False,0,а ну все
msg-13935,10476,CONTEXT_ONLY,CONTEXT_ONLY,False,0,"нене, именно имя"
msg-13936,10475,CONTEXT_ONLY,CONTEXT_ONLY,False,0,почему фейк
msg-13937,10474,CONTEXT_ONLY,CONTEXT_ONLY,False,0,kyronwant стоял
msg-13938,10472,CONTEXT_ONLY,CONTEXT_ONLY,False,0,возможно это фейк инфа
msg-13941,10469,CONTEXT_ONLY,CONTEXT_ONLY,False,0,какой там ник стоял?
msg-13942,10468,CONTEXT_ONLY,CONTEXT_ONLY,False,0,никто не помнит
msg-13945,10465,CONTEXT_ONLY,ATTACH_AS_CORROBORATING_EVIDENCE,False,0,я всё видел)
msg-13946,10464,CONTEXT_ONLY,CONTEXT_ONLY,False,0,топик креатор
msg-13947,10463,CONTEXT_ONLY,CONTEXT_ONLY,False,0,?
msg-13948,10462,CONTEXT_ONLY,CONTEXT_ONLY,False,0,с таким ником
msg-13949,10460,CONTEXT_ONLY,CONTEXT_ONLY,False,0,всм?
msg-13950,10459,CONTEXT_ONLY,ATTACH_AS_CORROBORATING_EVIDENCE,False,0,GLM 5.2
msg-13951,10458,CONTEXT_ONLY,CONTEXT_ONLY,False,0,там в приватке был лизун
msg-13958,10451,CONTEXT_ONLY,ATTACH_AS_CORROBORATING_EVIDENCE,False,0,"Макс , здаров)"
msg-13961,10448,CONTEXT_ONLY,CONTEXT_ONLY,False,0,да
msg-13962,10447,CONTEXT_ONLY,ATTACH_AS_CORROBORATING_EVIDENCE,False,0,да
msg-13964,10445,CONTEXT_ONLY,CONTEXT_ONLY,False,0,или что
msg-13965,10444,CONTEXT_ONLY,CONTEXT_ONLY,False,0,"а, это папус"
msg-13967,10442,CONTEXT_ONLY,CONTEXT_ONLY,False,1,@maxim_avdeenko
msg-13973,10435,CONTEXT_ONLY,CONTEXT_ONLY,False,0,Да
msg-13974,10434,CONTEXT_ONLY,CONTEXT_ONLY,False,1,@max123dDD - вот это утюг?
msg-13975,10433,CONTEXT_ONLY,CONTEXT_ONLY,False,0,а откуда макс всплыл
msg-13979,10429,CONTEXT_ONLY,CONTEXT_ONLY,False,0,и номер не его
msg-13980,10428,CONTEXT_ONLY,CONTEXT_ONLY,False,0,а как так
msg-13981,10427,CONTEXT_ONLY,CONTEXT_ONLY,False,0,макс не его
msg-13982,10426,CONTEXT_ONLY,CONTEXT_ONLY,False,0,ну
msg-13984,10423,CONTEXT_ONLY,CONTEXT_ONLY,False,0,это все его акки
msg-13985,10422,CONTEXT_ONLY,CONTEXT_ONLY,False,0,а 3 это чо
msg-13986,10421,CONTEXT_ONLY,CONTEXT_ONLY,False,0,в плане?
msg-13988,10418,CONTEXT_ONLY,CONTEXT_ONLY,False,0,2 и 3
msg-13989,10417,CONTEXT_ONLY,CONTEXT_ONLY,False,0,кто эти акки
msg-13991,10415,CONTEXT_ONLY,CONTEXT_ONLY,False,0,лежал ключ
msg-13992,10414,CONTEXT_ONLY,CONTEXT_ONLY,False,0,стой
msg-13994,10412,CONTEXT_ONLY,CONTEXT_ONLY,False,0,человеческий фактор
msg-13998,10407,CONTEXT_ONLY,CONTEXT_ONLY,False,0,осторожный парень
msg-14000,10405,CONTEXT_ONLY,CONTEXT_ONLY,False,0,Тоже странно
msg-14004,10401,CONTEXT_ONLY,CONTEXT_ONLY,False,0,все хорошо
msg-14005,10400,CONTEXT_ONLY,CONTEXT_ONLY,False,0,)))
msg-14006,10399,CONTEXT_ONLY,CONTEXT_ONLY,False,0,ключ лежит
msg-14008,10397,CONTEXT_ONLY,CONTEXT_ONLY,False,0,быть бизнесменом
msg-14009,10396,CONTEXT_ONLY,CONTEXT_ONLY,False,0,там тебя учат пилить проекты
msg-14013,10392,CONTEXT_ONLY,CONTEXT_ONLY,False,0,доверчивые
msg-14015,10390,CONTEXT_ONLY,CONTEXT_ONLY,False,0,Да не
msg-14020,10385,CONTEXT_ONLY,CONTEXT_ONLY,False,0,с этим согласен
msg-14021,10384,CONTEXT_ONLY,CONTEXT_ONLY,False,0,лан
msg-14024,10381,CONTEXT_ONLY,CONTEXT_ONLY,False,0,+
msg-14025,10380,CONTEXT_ONLY,CONTEXT_ONLY,False,0,да? так там все в куче лежит
msg-14026,10379,CONTEXT_ONLY,CONTEXT_ONLY,False,0,мне 27
msg-14030,10375,CONTEXT_ONLY,CONTEXT_ONLY,False,0,телеграм
msg-14031,10374,CONTEXT_ONLY,CONTEXT_ONLY,False,0,в загрузки
msg-14032,10373,CONTEXT_ONLY,CONTEXT_ONLY,False,0,пусть зайдет
msg-14033,10372,CONTEXT_ONLY,CONTEXT_ONLY,False,0,стооооой
msg-14035,10370,CONTEXT_ONLY,CONTEXT_ONLY,False,0,стой
msg-14036,10369,CONTEXT_ONLY,CONTEXT_ONLY,False,0,даже просто в загрузках
msg-14037,10368,CONTEXT_ONLY,CONTEXT_ONLY,False,0,файлов нет
msg-14039,10366,CONTEXT_ONLY,CONTEXT_ONLY,False,0,как-будто все было в переписке
msg-14041,10364,CONTEXT_ONLY,CONTEXT_ONLY,False,0,хз я верю ему
msg-14042,10363,CONTEXT_ONLY,CONTEXT_ONLY,False,0,а прям полного
msg-14043,10362,CONTEXT_ONLY,CONTEXT_ONLY,False,0,не просто дебила
msg-14045,10360,CONTEXT_ONLY,CONTEXT_ONLY,False,0,я тоже в цело
msg-14046,10359,CONTEXT_ONLY,CONTEXT_ONLY,False,0,пиздабол он полный
msg-14050,10355,CONTEXT_ONLY,CONTEXT_ONLY,False,0,15 лет
msg-14054,10351,CONTEXT_ONLY,CONTEXT_ONLY,False,0,"еп, прекрасно работает"
msg-14056,10349,CONTEXT_ONLY,CONTEXT_ONLY,False,0,вроде никак
msg-14058,10347,CONTEXT_ONLY,CONTEXT_ONLY,False,0,как?
msg-14059,10346,CONTEXT_ONLY,CONTEXT_ONLY,False,0,переписку
msg-14060,10345,CONTEXT_ONLY,CONTEXT_ONLY,False,0,что можно восстановиться
msg-14061,10344,CONTEXT_ONLY,CONTEXT_ONLY,False,0,кто то гвоорил
msg-14062,10343,CONTEXT_ONLY,CONTEXT_ONLY,False,0,ребят
msg-14063,10342,CONTEXT_ONLY,CONTEXT_ONLY,False,0,лол
msg-14064,10341,CONTEXT_ONLY,CONTEXT_ONLY,False,0,как он мог все забыть
msg-14066,10339,CONTEXT_ONLY,CONTEXT_ONLY,False,0,ну вот типа
msg-14070,10335,CONTEXT_ONLY,CONTEXT_ONLY,False,0,в тг видимо
msg-14071,10334,CONTEXT_ONLY,CONTEXT_ONLY,False,0,а где
msg-14073,10332,CONTEXT_ONLY,CONTEXT_ONLY,False,0,пробейте
msg-14074,10331,CONTEXT_ONLY,CONTEXT_ONLY,False,0,cotazz
msg-14079,10326,CONTEXT_ONLY,CONTEXT_ONLY,False,0,77759434444
msg-14080,10325,CONTEXT_ONLY,CONTEXT_ONLY,False,2,@artem_g0tlib @max123dDD
msg-14081,10324,CONTEXT_ONLY,CONTEXT_ONLY,False,0,у этого акка
msg-14082,10323,CONTEXT_ONLY,CONTEXT_ONLY,False,0,какой номер
msg-14083,10322,CONTEXT_ONLY,CONTEXT_ONLY,False,0,всего 5 сообщений
msg-14085,10319,CONTEXT_ONLY,CONTEXT_ONLY,False,0,Защищайся паш
msg-14086,10318,CONTEXT_ONLY,CONTEXT_ONLY,False,0,Вот
msg-14087,10317,CONTEXT_ONLY,CONTEXT_ONLY,False,0,.
msg-14089,10314,CONTEXT_ONLY,CONTEXT_ONLY,False,0,Реально?
msg-14092,10312,CONTEXT_ONLY,CONTEXT_ONLY,False,0,Появился
msg-14094,10310,CONTEXT_ONLY,CONTEXT_ONLY,False,0,Фронтолов
msg-14098,10305,CONTEXT_ONLY,CONTEXT_ONLY,False,0,Бл
msg-14101,10302,CONTEXT_ONLY,CONTEXT_ONLY,False,0,Хз
msg-14102,10301,CONTEXT_ONLY,CONTEXT_ONLY,False,0,Ну аккаунт давний
msg-14103,10300,CONTEXT_ONLY,CONTEXT_ONLY,False,0,утюг
msg-14104,10299,CONTEXT_ONLY,CONTEXT_ONLY,False,0,Лизун?
msg-14106,10297,CONTEXT_ONLY,CONTEXT_ONLY,False,0,Ты болен? Сочувствую.
msg-14111,10292,CONTEXT_ONLY,CONTEXT_ONLY,False,0,Нет
msg-14112,10291,CONTEXT_ONLY,CONTEXT_ONLY,False,0,Давай подумаем
msg-14114,10288,CONTEXT_ONLY,CONTEXT_ONLY,False,0,Хм
msg-14115,10289,CONTEXT_ONLY,CONTEXT_ONLY,False,0,Ебалом торгуешь прост
msg-14118,10285,CONTEXT_ONLY,CONTEXT_ONLY,False,0,Два утюга?
msg-14119,10284,CONTEXT_ONLY,CONTEXT_ONLY,False,0,Не понял
msg-14123,10280,CONTEXT_ONLY,CONTEXT_ONLY,False,0,+
msg-14124,10279,CONTEXT_ONLY,CONTEXT_ONLY,False,0,Лизун этот
msg-14126,10277,CONTEXT_ONLY,CONTEXT_ONLY,False,0,Я думаю можно с ними связаться
msg-14127,10276,CONTEXT_ONLY,CONTEXT_ONLY,False,0,Шутка
msg-14128,10275,CONTEXT_ONLY,CONTEXT_ONLY,False,0,все
msg-14130,10273,CONTEXT_ONLY,CONTEXT_ONLY,False,0,но они лет 30
msg-14131,10272,CONTEXT_ONLY,CONTEXT_ONLY,False,0,Да
msg-14132,10271,CONTEXT_ONLY,CONTEXT_ONLY,False,0,Или кто они там
msg-14133,10270,CONTEXT_ONLY,CONTEXT_ONLY,False,0,Там одни узбеки
msg-14134,10269,CONTEXT_ONLY,CONTEXT_ONLY,False,0,Смотри связи
msg-14135,10268,CONTEXT_ONLY,CONTEXT_ONLY,False,0,Все
msg-14138,10265,CONTEXT_ONLY,CONTEXT_ONLY,False,0,Контактные связи
msg-14142,10260,CONTEXT_ONLY,CONTEXT_ONLY,False,0,А где сменил?
msg-14143,10259,CONTEXT_ONLY,CONTEXT_ONLY,False,0,25
msg-14144,10258,CONTEXT_ONLY,CONTEXT_ONLY,False,0,Я ему писал
msg-14145,10257,CONTEXT_ONLY,CONTEXT_ONLY,False,0,попахивает купленным акком
msg-14146,10256,CONTEXT_ONLY,CONTEXT_ONLY,False,0,оч странно
msg-14148,10254,CONTEXT_ONLY,CONTEXT_ONLY,False,0,в виде дальнаюойщиков
msg-14149,10253,CONTEXT_ONLY,CONTEXT_ONLY,False,0,+эти контактные связи
msg-14150,10252,CONTEXT_ONLY,CONTEXT_ONLY,False,0,Это тоже странно
msg-14152,10250,CONTEXT_ONLY,CONTEXT_ONLY,False,0,Уже полчаса как
msg-14153,10249,CONTEXT_ONLY,CONTEXT_ONLY,False,0,нет
msg-14155,10247,CONTEXT_ONLY,CONTEXT_ONLY,False,0,Так он рабочий
msg-14156,10246,CONTEXT_ONLY,CONTEXT_ONLY,False,0,нам бы 5.5 рабочий
msg-14158,10244,CONTEXT_ONLY,CONTEXT_ONLY,False,0,так он
msg-14159,10243,CONTEXT_ONLY,CONTEXT_ONLY,False,0,бляяяя
msg-14163,10239,CONTEXT_ONLY,CONTEXT_ONLY,False,0,Я думаю
msg-14172,10229,CONTEXT_ONLY,CONTEXT_ONLY,False,0,Он емеля дурачек
msg-14176,10225,CONTEXT_ONLY,CONTEXT_ONLY,False,0,заблочил меня
msg-14177,10224,CONTEXT_ONLY,CONTEXT_ONLY,False,0,И я писал
msg-14178,10223,CONTEXT_ONLY,CONTEXT_ONLY,False,0,хотел понять что случилось
msg-14179,10222,CONTEXT_ONLY,CONTEXT_ONLY,False,0,я писал еще когда все началось
msg-14180,10221,CONTEXT_ONLY,CONTEXT_ONLY,False,0,Нет
msg-14182,10219,CONTEXT_ONLY,CONTEXT_ONLY,False,0,Слакс это что
msg-14185,10216,CONTEXT_ONLY,CONTEXT_ONLY,False,0,Вполне
msg-14186,10215,CONTEXT_ONLY,CONTEXT_ONLY,False,0,Уже и теперь осторожничаем
msg-14189,10213,CONTEXT_ONLY,CONTEXT_ONLY,False,0,Всё может быть
msg-14190,10212,CONTEXT_ONLY,CONTEXT_ONLY,False,0,Обычные работяги
msg-14197,10203,CONTEXT_ONLY,CONTEXT_ONLY,False,0,А как он почистмл
msg-14199,10202,CONTEXT_ONLY,CONTEXT_ONLY,False,0,он реально готовился
msg-14200,10201,CONTEXT_ONLY,CONTEXT_ONLY,False,0,Ничего нету
msg-14201,10200,CONTEXT_ONLY,CONTEXT_ONLY,False,0,в сенсоре вобще пустота
msg-14202,10198,CONTEXT_ONLY,CONTEXT_ONLY,False,0,000
msg-14203,10199,CONTEXT_ONLY,CONTEXT_ONLY,False,0,Так что как будто логично
msg-14207,10192,CONTEXT_ONLY,CONTEXT_ONLY,False,0,парни
msg-14211,10190,CONTEXT_ONLY,CONTEXT_ONLY,False,0,Надо на макро смотреть
msg-14212,10189,CONTEXT_ONLY,CONTEXT_ONLY,False,0,Я решил остаться в США. 🇺🇸
msg-14225,10174,CONTEXT_ONLY,CONTEXT_ONLY,False,0,Вроде сверху писал
msg-14228,10171,CONTEXT_ONLY,CONTEXT_ONLY,False,0,ты мне?
msg-14229,10170,CONTEXT_ONLY,CONTEXT_ONLY,False,0,Пошла реакция
msg-14231,10168,CONTEXT_ONLY,CONTEXT_ONLY,False,0,"Так да, я писал колл"
msg-14234,10165,CONTEXT_ONLY,CONTEXT_ONLY,False,0,проебали фронт
msg-14235,10164,CONTEXT_ONLY,CONTEXT_ONLY,False,0,че вы там)
msg-14237,10162,CONTEXT_ONLY,CONTEXT_ONLY,False,0,щас уже ночь да
msg-14238,10161,CONTEXT_ONLY,CONTEXT_ONLY,False,0,А ночь уже
msg-14243,10155,CONTEXT_ONLY,CONTEXT_ONLY,False,0,А после понедельника?
msg-14245,10153,CONTEXT_ONLY,CONTEXT_ONLY,False,0,Хули как с узбеками
msg-14246,10152,CONTEXT_ONLY,CONTEXT_ONLY,False,0,Командую я
msg-14247,10150,CONTEXT_ONLY,CONTEXT_ONLY,False,0,ларпер вайбкодер
msg-14250,10147,CONTEXT_ONLY,CONTEXT_ONLY,False,0,Ты пишешь?
msg-14255,10141,CONTEXT_ONLY,CONTEXT_ONLY,False,0,Хотя стараются откупать
msg-14260,10135,CONTEXT_ONLY,CONTEXT_ONLY,False,0,/start
msg-14261,10134,CONTEXT_ONLY,CONTEXT_ONLY,False,0,ищи зеркала
msg-14262,10133,CONTEXT_ONLY,CONTEXT_ONLY,False,0,снести могут
msg-14263,10131,CONTEXT_ONLY,CONTEXT_ONLY,False,1,@funstatqwerbot
msg-14265,10130,CONTEXT_ONLY,CONTEXT_ONLY,False,0,.
msg-14267,10128,CONTEXT_ONLY,CONTEXT_ONLY,False,0,пусто
msg-14268,10127,CONTEXT_ONLY,CONTEXT_ONLY,False,0,еще в самом начале
msg-14269,10126,CONTEXT_ONLY,CONTEXT_ONLY,False,1,А вы пробивали @lil_lizun?
msg-14271,10124,CONTEXT_ONLY,CONTEXT_ONLY,False,0,что тут происходит
msg-14272,10123,CONTEXT_ONLY,ATTACH_AS_CORROBORATING_EVIDENCE,False,0,китайцев сегодня ждать?
msg-14273,10122,CONTEXT_ONLY,CONTEXT_ONLY,False,0,Там тоже цифры
msg-14278,10115,CONTEXT_ONLY,CONTEXT_ONLY,False,0,О нет
msg-14281,10112,CONTEXT_ONLY,CONTEXT_ONLY,False,0,Да
msg-14282,10111,CONTEXT_ONLY,CONTEXT_ONLY,False,1,@max123dDD - вот это утюг?
msg-14283,10110,CONTEXT_ONLY,CONTEXT_ONLY,False,0,я
msg-14284,10109,CONTEXT_ONLY,CONTEXT_ONLY,False,0,фастом
msg-14285,10108,CONTEXT_ONLY,CONTEXT_ONLY,False,0,чей
msg-14286,10107,CONTEXT_ONLY,CONTEXT_ONLY,False,1,@l0nd0n_0fficial
msg-14287,10106,CONTEXT_ONLY,CONTEXT_ONLY,False,0,кидайте заявки
msg-14288,10105,NEEDS_ENRICHMENT,CONTEXT_ONLY,False,1,https://t.me/+7PHopdeHbK0wNmVk
msg-14291,10102,CONTEXT_ONLY,CONTEXT_ONLY,False,0,Я немогу остановится никогда
msg-14294,10098,CONTEXT_ONLY,CONTEXT_ONLY,False,0,Рим или ничего
msg-14299,10093,CONTEXT_ONLY,CONTEXT_ONLY,False,0,У меня так знакомый делал
msg-14300,10091,CONTEXT_ONLY,CONTEXT_ONLY,False,0,Всё
msg-14303,10088,CONTEXT_ONLY,CONTEXT_ONLY,False,0,С начала мая
msg-14305,10087,CONTEXT_ONLY,CONTEXT_ONLY,False,0,спот
msg-14306,10086,CONTEXT_ONLY,CONTEXT_ONLY,False,0,Я бы уже удвоил
msg-14307,10085,CONTEXT_ONLY,CONTEXT_ONLY,False,0,А вообще
msg-14312,10079,CONTEXT_ONLY,CONTEXT_ONLY,False,0,зачем мне твинк?
msg-14313,10078,CONTEXT_ONLY,CONTEXT_ONLY,False,0,Но мне это уже ненужно
msg-14314,10076,CONTEXT_ONLY,CONTEXT_ONLY,False,0,Ща проснутся бургеры
msg-14316,10074,CONTEXT_ONLY,CONTEXT_ONLY,False,0,Потом будет реакция
msg-14317,10073,CONTEXT_ONLY,CONTEXT_ONLY,False,0,Не сдавайся
msg-14318,10072,CONTEXT_ONLY,CONTEXT_ONLY,False,0,Вставай снова
msg-14321,10069,CONTEXT_ONLY,CONTEXT_ONLY,False,0,Этот добавьте пж
msg-14322,10068,CONTEXT_ONLY,CONTEXT_ONLY,False,0,Я уже бесчисленное раз встал
msg-14323,10067,NEEDS_ENRICHMENT,CONTEXT_ONLY,False,1,https://t.me/Stari_XuY
msg-14326,10064,CONTEXT_ONLY,CONTEXT_ONLY,False,0,с этих которые тут ненадо
msg-14328,10061,CONTEXT_ONLY,CONTEXT_ONLY,False,0,у кого есть
msg-14330,10059,CONTEXT_ONLY,CONTEXT_ONLY,False,0,ток твинки
msg-14331,10058,CONTEXT_ONLY,CONTEXT_ONLY,False,0,давайте
msg-14334,10055,CONTEXT_ONLY,ATTACH_AS_CORROBORATING_EVIDENCE,False,0,вот итог
msg-14335,10054,CONTEXT_ONLY,CONTEXT_ONLY,False,0,Я ЭТО И ХОТЕЛ СДЕЛАТЬ ДАВНО ЕЩЕ
msg-14337,10052,CONTEXT_ONLY,CONTEXT_ONLY,False,0,Спот в солане
msg-14338,10051,CONTEXT_ONLY,CONTEXT_ONLY,False,0,это мой сын
msg-14339,10050,CONTEXT_ONLY,CONTEXT_ONLY,False,0,ему 11
msg-14341,10049,CONTEXT_ONLY,CONTEXT_ONLY,False,0,пизжу
msg-14342,10047,CONTEXT_ONLY,CONTEXT_ONLY,False,0,19 уже
msg-14343,10046,CONTEXT_ONLY,CONTEXT_ONLY,False,0,17к
msg-14345,10044,CONTEXT_ONLY,CONTEXT_ONLY,False,0,А тебе 18 есть?
msg-14346,10042,CONTEXT_ONLY,CONTEXT_ONLY,False,0,мне
msg-14347,10039,CONTEXT_ONLY,CONTEXT_ONLY,False,0,он кинул
msg-14353,10035,CONTEXT_ONLY,CONTEXT_ONLY,False,0,и токо там
msg-14355,10033,CONTEXT_ONLY,CONTEXT_ONLY,False,0,это надо в звонок заходить
msg-14358,10030,CONTEXT_ONLY,CONTEXT_ONLY,False,0,И в этом трабл
msg-14359,10028,CONTEXT_ONLY,CONTEXT_ONLY,False,0,Просто тильт уже словлен
msg-14360,10027,CONTEXT_ONLY,CONTEXT_ONLY,False,0,По рофлу
msg-14363,10024,CONTEXT_ONLY,CONTEXT_ONLY,False,0,Я к этому веду
msg-14364,10023,CONTEXT_ONLY,CONTEXT_ONLY,False,0,3 года ебашу
msg-14365,10022,CONTEXT_ONLY,CONTEXT_ONLY,False,0,Что без прав
msg-14366,10021,CONTEXT_ONLY,CONTEXT_ONLY,False,0,"А , давай давай"
msg-14367,10020,CONTEXT_ONLY,CONTEXT_ONLY,False,0,Пусть покажет
msg-14368,10019,CONTEXT_ONLY,CONTEXT_ONLY,False,0,бля
msg-14369,10018,CONTEXT_ONLY,CONTEXT_ONLY,False,0,На короткие движения
msg-14370,10017,CONTEXT_ONLY,CONTEXT_ONLY,False,0,в конце нет
msg-14371,10016,CONTEXT_ONLY,CONTEXT_ONLY,False,0,сорян
msg-14376,10011,CONTEXT_ONLY,CONTEXT_ONLY,False,0,Доступ
msg-14377,10010,CONTEXT_ONLY,ATTACH_AS_CORROBORATING_EVIDENCE,False,0,заработало
msg-14379,10008,CONTEXT_ONLY,CONTEXT_ONLY,False,0,Канал
msg-14380,10007,CONTEXT_ONLY,ATTACH_AS_CORROBORATING_EVIDENCE,False,0,Да
msg-14383,10004,CONTEXT_ONLY,CONTEXT_ONLY,False,0,туп ой скамер
msg-14384,10003,CONTEXT_ONLY,CONTEXT_ONLY,False,0,а
msg-14385,10002,CONTEXT_ONLY,CONTEXT_ONLY,False,0,Вадим
msg-14388,9999,CONTEXT_ONLY,CONTEXT_ONLY,False,0,какой ужас
msg-14389,9998,CONTEXT_ONLY,CONTEXT_ONLY,False,0,Да
msg-14390,9997,CONTEXT_ONLY,CONTEXT_ONLY,False,0,1525 жду
msg-14392,9995,CONTEXT_ONLY,CONTEXT_ONLY,False,0,И пусть в канал зайдет
msg-14394,9993,CONTEXT_ONLY,CONTEXT_ONLY,False,0,Со списком акков
msg-14396,9991,CONTEXT_ONLY,CONTEXT_ONLY,False,0,До 1550 будет
msg-14397,9990,CONTEXT_ONLY,CONTEXT_ONLY,False,0,Видос
msg-14398,9989,CONTEXT_ONLY,CONTEXT_ONLY,False,0,шортим?
msg-14399,9988,CONTEXT_ONLY,CONTEXT_ONLY,False,0,Не не так
msg-14400,9987,CONTEXT_ONLY,CONTEXT_ONLY,False,0,С био канала
msg-14401,9986,CONTEXT_ONLY,CONTEXT_ONLY,False,0,Я так понимаю
msg-14406,9981,CONTEXT_ONLY,CONTEXT_ONLY,False,0,ясн
msg-14407,9979,CONTEXT_ONLY,CONTEXT_ONLY,False,0,он меня заблокал
msg-14408,9980,CONTEXT_ONLY,CONTEXT_ONLY,False,0,Лей сучка
msg-14409,9978,CONTEXT_ONLY,CONTEXT_ONLY,False,0,А
msg-14410,9977,CONTEXT_ONLY,ATTACH_AS_CORROBORATING_EVIDENCE,False,0,ща попробую бро
msg-14411,9976,CONTEXT_ONLY,CONTEXT_ONLY,False,0,сукааа
msg-14414,9973,CONTEXT_ONLY,CONTEXT_ONLY,False,0,???
msg-14418,9969,CONTEXT_ONLY,CONTEXT_ONLY,False,0,Что?
msg-14420,9967,CONTEXT_ONLY,CONTEXT_ONLY,False,0,куда переписка делась?
msg-14421,9966,CONTEXT_ONLY,CONTEXT_ONLY,False,0,че там
msg-14422,9965,CONTEXT_ONLY,CONTEXT_ONLY,False,0,Бро
msg-14423,9964,CONTEXT_ONLY,CONTEXT_ONLY,False,0,Пизда
msg-14425,9962,CONTEXT_ONLY,CONTEXT_ONLY,False,0,Канала
msg-14426,9961,CONTEXT_ONLY,CONTEXT_ONLY,False,0,С био
msg-14427,9960,CONTEXT_ONLY,CONTEXT_ONLY,False,0,Логи
msg-14429,9958,CONTEXT_ONLY,CONTEXT_ONLY,False,0,Любые
msg-14430,9957,CONTEXT_ONLY,CONTEXT_ONLY,False,0,Скринв
msg-14431,9956,CONTEXT_ONLY,CONTEXT_ONLY,False,0,Пруфы
msg-14432,9955,CONTEXT_ONLY,CONTEXT_ONLY,False,0,как я это сделал
msg-14433,9954,CONTEXT_ONLY,CONTEXT_ONLY,False,0,того
msg-14434,9953,CONTEXT_ONLY,CONTEXT_ONLY,False,0,после
msg-14435,9952,CONTEXT_ONLY,CONTEXT_ONLY,False,0,Он снял у меня
msg-14442,9945,CONTEXT_ONLY,CONTEXT_ONLY,False,0,ыыыыыы
msg-14447,9940,CONTEXT_ONLY,CONTEXT_ONLY,False,0,"Да, спросите у него а"
msg-14448,9939,CONTEXT_ONLY,CONTEXT_ONLY,False,0,это артем делает?
msg-14450,9937,CONTEXT_ONLY,CONTEXT_ONLY,False,0,Так что работа мм предсказуемая
msg-14453,9934,CONTEXT_ONLY,CONTEXT_ONLY,False,0,Да бля
msg-14460,9927,CONTEXT_ONLY,CONTEXT_ONLY,False,0,(
msg-14461,9925,CONTEXT_ONLY,CONTEXT_ONLY,False,0,чо вечно падает
msg-14463,9924,CONTEXT_ONLY,CONTEXT_ONLY,False,0,Он только что менял
msg-14464,9923,CONTEXT_ONLY,CONTEXT_ONLY,False,0,в плане
msg-14465,9922,CONTEXT_ONLY,CONTEXT_ONLY,False,0,Так он врет
msg-14466,9921,CONTEXT_ONLY,CONTEXT_ONLY,False,0,Стоп
msg-14468,9919,CONTEXT_ONLY,CONTEXT_ONLY,False,0,Эм
msg-14471,9916,CONTEXT_ONLY,CONTEXT_ONLY,False,0,У битка сверху больше
msg-14472,9915,CONTEXT_ONLY,CONTEXT_ONLY,False,0,У битка нет
msg-14474,9913,CONTEXT_ONLY,CONTEXT_ONLY,False,0,вижу
msg-14475,9912,CONTEXT_ONLY,CONTEXT_ONLY,False,0,Reconnecting... 1/5 ъ
msg-14478,9909,CONTEXT_ONLY,CONTEXT_ONLY,False,0,Понял
msg-14479,9908,CONTEXT_ONLY,CONTEXT_ONLY,False,0,как я понял
msg-14481,9906,CONTEXT_ONLY,CONTEXT_ONLY,False,0,Вот буквально полчаса
msg-14482,9905,CONTEXT_ONLY,CONTEXT_ONLY,False,0,а я только рефакторить сел
msg-14485,9902,CONTEXT_ONLY,CONTEXT_ONLY,False,0,И аву
msg-14486,9901,CONTEXT_ONLY,CONTEXT_ONLY,False,0,Меня название
msg-14487,9900,CONTEXT_ONLY,CONTEXT_ONLY,False,0,Он только что
msg-14489,9898,CONTEXT_ONLY,CONTEXT_ONLY,False,0,мнлкое
msg-14490,9897,CONTEXT_ONLY,CONTEXT_ONLY,False,0,Фронтолов делай
msg-14491,9896,CONTEXT_ONLY,CONTEXT_ONLY,False,0,пиздаболище
msg-14493,9895,CONTEXT_ONLY,CONTEXT_ONLY,False,0,С чего ты это взял?
msg-14494,9893,CONTEXT_ONLY,CONTEXT_ONLY,False,0,эм
msg-14496,9891,CONTEXT_ONLY,CONTEXT_ONLY,False,0,я пытался оправдать
msg-14497,9890,CONTEXT_ONLY,CONTEXT_ONLY,False,0,это да
msg-14498,9889,CONTEXT_ONLY,CONTEXT_ONLY,False,0,Ты забыл ?
msg-14500,9887,CONTEXT_ONLY,CONTEXT_ONLY,False,0,я не писал
msg-14501,9886,CONTEXT_ONLY,CONTEXT_ONLY,False,0,Это попало в тгк
msg-14502,9885,CONTEXT_ONLY,CONTEXT_ONLY,False,0,Гадости
msg-14504,9883,CONTEXT_ONLY,CONTEXT_ONLY,False,0,и все
msg-14506,9881,CONTEXT_ONLY,CONTEXT_ONLY,False,0,если по сбп
msg-14507,9880,CONTEXT_ONLY,CONTEXT_ONLY,False,0,квитанции приложи оплат
msg-14508,9879,CONTEXT_ONLY,CONTEXT_ONLY,False,0,никаких шаблонов не надо
msg-14510,9877,CONTEXT_ONLY,CONTEXT_ONLY,False,0,его основу снесли
msg-14512,9875,CONTEXT_ONLY,CONTEXT_ONLY,False,0,Ну тут тоже
msg-14514,9873,CONTEXT_ONLY,CONTEXT_ONLY,False,0,я думаю он понял
msg-14515,9872,CONTEXT_ONLY,CONTEXT_ONLY,False,0,он написал
msg-14516,9871,CONTEXT_ONLY,CONTEXT_ONLY,False,0,сорян
msg-14517,9870,CONTEXT_ONLY,CONTEXT_ONLY,False,0,об этом
msg-14518,9869,CONTEXT_ONLY,CONTEXT_ONLY,False,0,я думаю
msg-14519,9868,CONTEXT_ONLY,CONTEXT_ONLY,False,0,он думает
msg-14520,9867,CONTEXT_ONLY,CONTEXT_ONLY,False,0,ну вроде
msg-14523,9864,CONTEXT_ONLY,CONTEXT_ONLY,False,0,я лимфуса
msg-14525,9862,CONTEXT_ONLY,CONTEXT_ONLY,False,0,Ч
msg-14528,9859,CONTEXT_ONLY,CONTEXT_ONLY,False,0,сек
msg-14529,9858,CONTEXT_ONLY,CONTEXT_ONLY,False,0,И пруфала его голос
msg-14532,9854,CONTEXT_ONLY,CONTEXT_ONLY,False,0,совсем отупели уже
msg-14534,9852,CONTEXT_ONLY,CONTEXT_ONLY,False,0,я кофе варю пока
msg-14538,9848,CONTEXT_ONLY,CONTEXT_ONLY,False,0,"тестите, был перезапуск"
msg-14539,9847,CONTEXT_ONLY,CONTEXT_ONLY,False,0,а каким шаблоном писать
msg-14540,9846,CONTEXT_ONLY,CONTEXT_ONLY,False,0,Тогда все чисты выходит
msg-14541,9845,CONTEXT_ONLY,CONTEXT_ONLY,False,0,Я так сделал
msg-14543,9843,CONTEXT_ONLY,CONTEXT_ONLY,False,1,С этим все хорошо @ceoRussiaBeMad
msg-14544,9842,CONTEXT_ONLY,CONTEXT_ONLY,False,0,А то я в бане -_-
msg-14546,9840,CONTEXT_ONLY,CONTEXT_ONLY,False,0,"Вадим, спросишь?"
msg-14548,9838,CONTEXT_ONLY,CONTEXT_ONLY,False,0,Надо спросить
msg-14549,9837,CONTEXT_ONLY,CONTEXT_ONLY,False,0,ЭАХАХАХАХАХААХА
msg-14550,9835,CONTEXT_ONLY,CONTEXT_ONLY,False,0,Почему апи лежит
msg-14552,9834,CONTEXT_ONLY,CONTEXT_ONLY,False,0,Да да
msg-14554,9832,CONTEXT_ONLY,CONTEXT_ONLY,False,0,а тема то рабочая
msg-14558,9828,CONTEXT_ONLY,CONTEXT_ONLY,False,0,Ошибся тогда
msg-14559,9825,CONTEXT_ONLY,CONTEXT_ONLY,False,0,А
msg-14560,9827,CONTEXT_ONLY,CONTEXT_ONLY,False,0,сука
msg-14561,9826,CONTEXT_ONLY,CONTEXT_ONLY,False,0,ахахахах
msg-14562,9824,CONTEXT_ONLY,CONTEXT_ONLY,False,0,он года 2019
msg-14563,9823,CONTEXT_ONLY,CONTEXT_ONLY,False,0,С асати админ
msg-14565,9821,CONTEXT_ONLY,CONTEXT_ONLY,False,1,@pobothu а эт кто?
msg-14566,9820,CONTEXT_ONLY,CONTEXT_ONLY,False,0,всмы новый
msg-14567,9819,CONTEXT_ONLY,CONTEXT_ONLY,False,0,это основа
msg-14569,9817,CONTEXT_ONLY,CONTEXT_ONLY,False,0,Только что с твоей основой ?
msg-14571,9814,CONTEXT_ONLY,CONTEXT_ONLY,False,0,Ну тогда все равно
msg-14573,9813,CONTEXT_ONLY,CONTEXT_ONLY,False,0,+
msg-14574,9812,CONTEXT_ONLY,CONTEXT_ONLY,False,0,что там по инфе
msg-14576,9810,CONTEXT_ONLY,CONTEXT_ONLY,False,0,У тебя в подарках девушка твоя ?
msg-14578,9808,CONTEXT_ONLY,CONTEXT_ONLY,False,0,как я могу пруфануть?
msg-14579,9807,CONTEXT_ONLY,CONTEXT_ONLY,False,0,я с чата асати пришел
msg-14580,9805,CONTEXT_ONLY,CONTEXT_ONLY,False,0,не
msg-14581,9804,CONTEXT_ONLY,CONTEXT_ONLY,False,0,нет
msg-14587,9798,CONTEXT_ONLY,CONTEXT_ONLY,False,0,Вот я даже ливнул
msg-14589,9795,CONTEXT_ONLY,CONTEXT_ONLY,False,0,Вот я
msg-14590,9794,CONTEXT_ONLY,CONTEXT_ONLY,False,0,И танцы на костях
msg-14591,9793,CONTEXT_ONLY,CONTEXT_ONLY,False,0,Я
msg-14592,9792,CONTEXT_ONLY,CONTEXT_ONLY,False,0,2
msg-14593,9791,CONTEXT_ONLY,ATTACH_AS_CORROBORATING_EVIDENCE,False,0,также
msg-14594,9790,CONTEXT_ONLY,CONTEXT_ONLY,False,0,а это что
msg-14595,9788,CONTEXT_ONLY,CONTEXT_ONLY,False,0,Солана передумала
msg-14596,9787,CONTEXT_ONLY,CONTEXT_ONLY,False,0,Остальные со ждуль
msg-14598,9785,CONTEXT_ONLY,CONTEXT_ONLY,False,0,не
msg-14602,9781,CONTEXT_ONLY,CONTEXT_ONLY,False,0,щит я хз кто
msg-14604,9779,CONTEXT_ONLY,CONTEXT_ONLY,False,0,Ахахах
msg-14605,9778,CONTEXT_ONLY,CONTEXT_ONLY,False,0,Барсук блят
msg-14606,9777,CONTEXT_ONLY,CONTEXT_ONLY,False,0,у барсука 3 акка?
msg-14607,9776,CONTEXT_ONLY,CONTEXT_ONLY,False,0,"да, были пруфы"
msg-14608,9775,CONTEXT_ONLY,CONTEXT_ONLY,False,0,Еще один что ль
msg-14610,9773,CONTEXT_ONLY,CONTEXT_ONLY,False,0,это твинк барсука
msg-14611,9772,CONTEXT_ONLY,CONTEXT_ONLY,False,0,ДОКАЖИ
msg-14612,9771,CONTEXT_ONLY,CONTEXT_ONLY,False,0,Да
msg-14613,9770,CONTEXT_ONLY,CONTEXT_ONLY,False,0,Чеки были
msg-14614,9769,CONTEXT_ONLY,CONTEXT_ONLY,False,0,Он как попал сюда?
msg-14615,9768,CONTEXT_ONLY,CONTEXT_ONLY,False,1,@ceoRussiaBeMad
msg-14616,9767,CONTEXT_ONLY,CONTEXT_ONLY,False,0,Реально?
msg-14617,9766,CONTEXT_ONLY,ATTACH_AS_CORROBORATING_EVIDENCE,False,0,"секунду, сударь"
msg-14619,9764,CONTEXT_ONLY,CONTEXT_ONLY,False,0,после экзит скама
msg-14622,9761,CONTEXT_ONLY,CONTEXT_ONLY,False,0,может просто понял
msg-14623,9760,CONTEXT_ONLY,CONTEXT_ONLY,False,0,Ахахах
msg-14625,9758,CONTEXT_ONLY,CONTEXT_ONLY,False,0,А я тебя чекать пошел уже
msg-14626,9757,CONTEXT_ONLY,CONTEXT_ONLY,False,0,хм тогда все норм
msg-14627,9756,CONTEXT_ONLY,CONTEXT_ONLY,False,0,не с мейна
msg-14629,9754,CONTEXT_ONLY,CONTEXT_ONLY,False,0,Рил?
msg-14631,9752,CONTEXT_ONLY,ATTACH_AS_CORROBORATING_EVIDENCE,False,0,Так я писал что r-api восстановил)
msg-14632,9751,CONTEXT_ONLY,CONTEXT_ONLY,False,0,Жаба кентафурик
msg-14633,9750,CONTEXT_ONLY,CONTEXT_ONLY,False,0,ква ква
msg-14634,9749,CONTEXT_ONLY,CONTEXT_ONLY,False,0,я да
msg-14635,9748,CONTEXT_ONLY,CONTEXT_ONLY,False,0,жаба тоже норм?
msg-14636,9747,CONTEXT_ONLY,CONTEXT_ONLY,False,0,результат
msg-14637,9746,CONTEXT_ONLY,CONTEXT_ONLY,False,0,и тебе дам
msg-14638,9745,CONTEXT_ONLY,CONTEXT_ONLY,False,0,сделаю
msg-14639,9744,CONTEXT_ONLY,CONTEXT_ONLY,False,0,я сам все
msg-14640,9743,CONTEXT_ONLY,CONTEXT_ONLY,False,0,В кишке +- уверен
msg-14641,9742,CONTEXT_ONLY,CONTEXT_ONLY,False,0,дай мне
msg-14642,9741,CONTEXT_ONLY,CONTEXT_ONLY,False,0,Похуй
msg-14643,9740,CONTEXT_ONLY,CONTEXT_ONLY,False,0,Хикель норм
msg-14644,9739,CONTEXT_ONLY,ATTACH_AS_CORROBORATING_EVIDENCE,False,0,нет
msg-14645,9738,CONTEXT_ONLY,ATTACH_AS_CORROBORATING_EVIDENCE,False,0,на r-api сменил?
msg-14646,9737,CONTEXT_ONLY,CONTEXT_ONLY,False,0,а крысу жалко не будет
msg-14651,9732,CONTEXT_ONLY,CONTEXT_ONLY,False,0,я +- всем верю
msg-14652,9731,CONTEXT_ONLY,CONTEXT_ONLY,False,0,адрес сказать тебе?
msg-14653,9730,CONTEXT_ONLY,CONTEXT_ONLY,False,0,хахаха
msg-14654,9729,CONTEXT_ONLY,CONTEXT_ONLY,False,0,+
msg-14655,9728,CONTEXT_ONLY,CONTEXT_ONLY,False,0,найду и закопаю
msg-14659,9724,CONTEXT_ONLY,CONTEXT_ONLY,False,0,кста да
msg-14661,9723,CONTEXT_ONLY,CONTEXT_ONLY,False,0,деклайнит постоянно карту
msg-14664,9719,CONTEXT_ONLY,CONTEXT_ONLY,False,0,знает или нет
msg-14665,9718,CONTEXT_ONLY,CONTEXT_ONLY,False,0,Или 8-9кг куриной грудки
msg-14666,9717,CONTEXT_ONLY,CONTEXT_ONLY,False,0,не понятно пока
msg-14669,9714,CONTEXT_ONLY,CONTEXT_ONLY,False,0,нет
msg-14670,9713,CONTEXT_ONLY,CONTEXT_ONLY,False,0,а еще вот эти трое
msg-14673,9710,CONTEXT_ONLY,CONTEXT_ONLY,False,0,кто крыса
msg-14677,9704,CONTEXT_ONLY,CONTEXT_ONLY,False,0,Как он это понял?
msg-14678,9706,CONTEXT_ONLY,CONTEXT_ONLY,False,0,и у обычных пользователей
msg-14679,9705,CONTEXT_ONLY,CONTEXT_ONLY,False,0,у селлеров тоже
msg-14680,9703,CONTEXT_ONLY,CONTEXT_ONLY,False,0,тут это ключевое слово
msg-14682,9701,CONTEXT_ONLY,CONTEXT_ONLY,False,0,наверное узнал или как
msg-14683,9700,CONTEXT_ONLY,CONTEXT_ONLY,False,0,Кому
msg-14684,9699,CONTEXT_ONLY,CONTEXT_ONLY,False,0,Кто сливает
msg-14685,9698,CONTEXT_ONLY,CONTEXT_ONLY,False,0,Спрашивай
msg-14688,9695,CONTEXT_ONLY,CONTEXT_ONLY,False,0,наш человек!)))
msg-14690,9692,CONTEXT_ONLY,CONTEXT_ONLY,False,0,Я вам говорю
msg-14693,9689,CONTEXT_ONLY,CONTEXT_ONLY,False,0,видимо тут крыса
msg-14694,9690,CONTEXT_ONLY,CONTEXT_ONLY,False,0,посмотрим когда слетит
msg-14697,9686,CONTEXT_ONLY,CONTEXT_ONLY,False,0,Так а как
msg-14698,9685,CONTEXT_ONLY,CONTEXT_ONLY,False,0,Как нахуй
msg-14700,9683,CONTEXT_ONLY,CONTEXT_ONLY,False,0,и не слетела еще
msg-14701,9682,CONTEXT_ONLY,CONTEXT_ONLY,False,0,чуть больше
msg-14706,9677,CONTEXT_ONLY,CONTEXT_ONLY,False,0,АХАХАХ
msg-14710,9674,CONTEXT_ONLY,CONTEXT_ONLY,False,0,??????
msg-14711,9672,CONTEXT_ONLY,CONTEXT_ONLY,False,0,????
msg-14712,9671,CONTEXT_ONLY,CONTEXT_ONLY,False,0,2 недели?
msg-14713,9669,CONTEXT_ONLY,CONTEXT_ONLY,False,0,манипкляции
msg-14715,9667,CONTEXT_ONLY,CONTEXT_ONLY,False,0,Полтора максимум тогда
msg-14717,9665,CONTEXT_ONLY,CONTEXT_ONLY,False,0,я же написал вроде
msg-14719,9664,CONTEXT_ONLY,CONTEXT_ONLY,False,0,1 тире 2 месяца
msg-14720,9662,CONTEXT_ONLY,CONTEXT_ONLY,False,0,Похуй
msg-14721,9661,CONTEXT_ONLY,ATTACH_AS_CORROBORATING_EVIDENCE,False,0,по времени
msg-14723,9659,CONTEXT_ONLY,ATTACH_AS_CORROBORATING_EVIDENCE,False,0,в каком смысле максимальный
msg-14724,9658,CONTEXT_ONLY,CONTEXT_ONLY,False,0,так это не 2 месяца
msg-14728,9654,CONTEXT_ONLY,CONTEXT_ONLY,False,0,колдунебучий.жпег
msg-14731,9651,CONTEXT_ONLY,CONTEXT_ONLY,False,0,и живет дальше
msg-14736,9646,CONTEXT_ONLY,CONTEXT_ONLY,False,0,Ладн
msg-14738,9644,CONTEXT_ONLY,CONTEXT_ONLY,False,0,и тут же пишет
msg-14739,9643,CONTEXT_ONLY,CONTEXT_ONLY,False,0,обычно
msg-14742,9640,CONTEXT_ONLY,CONTEXT_ONLY,False,0,+7 который ?
msg-14743,9639,CONTEXT_ONLY,CONTEXT_ONLY,False,0,стоп
msg-14745,9638,CONTEXT_ONLY,CONTEXT_ONLY,False,0,Человек проверенный!
msg-14747,9635,CONTEXT_ONLY,CONTEXT_ONLY,False,0,Артём Готлиб называется
msg-14748,9634,CONTEXT_ONLY,CONTEXT_ONLY,False,0,Ориг другой
msg-14749,9633,CONTEXT_ONLY,CONTEXT_ONLY,False,0,ХД
msg-14750,9632,CONTEXT_ONLY,CONTEXT_ONLY,False,0,Это не ориг
msg-14757,9624,CONTEXT_ONLY,CONTEXT_ONLY,False,0,Вообще если честно
msg-14761,9620,CONTEXT_ONLY,CONTEXT_ONLY,False,0,да понял
msg-14762,9618,CONTEXT_ONLY,CONTEXT_ONLY,False,0,а
msg-14763,9619,CONTEXT_ONLY,CONTEXT_ONLY,False,0,Не заметил
msg-14764,9617,CONTEXT_ONLY,CONTEXT_ONLY,False,0,погоди
msg-14765,9611,CONTEXT_ONLY,CONTEXT_ONLY,False,0,нет
msg-14766,9615,CONTEXT_ONLY,CONTEXT_ONLY,False,0,А
msg-14767,9614,CONTEXT_ONLY,CONTEXT_ONLY,False,0,а не а дохлый эфир
msg-14769,9612,CONTEXT_ONLY,CONTEXT_ONLY,False,0,БЛЯТЬ ПЛЮС ОБЫЧНЫЙ
msg-14770,9613,CONTEXT_ONLY,CONTEXT_ONLY,False,0,если бы зашел в солану
msg-14771,9610,CONTEXT_ONLY,CONTEXT_ONLY,False,0,он написал
msg-14772,9609,CONTEXT_ONLY,CONTEXT_ONLY,False,0,было БЫ
msg-14773,9608,CONTEXT_ONLY,CONTEXT_ONLY,False,0,2 месяца держится примерно
msg-14774,9607,CONTEXT_ONLY,CONTEXT_ONLY,False,0,к12?
msg-14776,9605,CONTEXT_ONLY,CONTEXT_ONLY,False,0,Радуйся
msg-14777,9604,CONTEXT_ONLY,CONTEXT_ONLY,False,0,Что он утюг
msg-14778,9603,CONTEXT_ONLY,CONTEXT_ONLY,False,0,Тогда какой тильт?
msg-14780,9601,CONTEXT_ONLY,CONTEXT_ONLY,False,0,.
msg-14785,9596,CONTEXT_ONLY,CONTEXT_ONLY,False,0,или того узбека
msg-14787,9594,CONTEXT_ONLY,CONTEXT_ONLY,False,0,Бляяяяяяя
msg-14788,9593,CONTEXT_ONLY,CONTEXT_ONLY,False,0,по солане
msg-14789,9592,CONTEXT_ONLY,CONTEXT_ONLY,False,0,Я дурак
msg-14790,9591,CONTEXT_ONLY,CONTEXT_ONLY,False,0,+5000$
msg-14792,9589,CONTEXT_ONLY,CONTEXT_ONLY,False,0,Лучше сам следи
msg-14793,9588,CONTEXT_ONLY,CONTEXT_ONLY,False,0,А могло быть
msg-14798,9583,CONTEXT_ONLY,CONTEXT_ONLY,False,0,По эфиру
msg-14800,9581,CONTEXT_ONLY,CONTEXT_ONLY,False,0,Лонг
msg-14801,9580,CONTEXT_ONLY,CONTEXT_ONLY,False,0,в контактах как-то
msg-14804,9577,CONTEXT_ONLY,CONTEXT_ONLY,False,0,все никаких 74
msg-14805,9576,CONTEXT_ONLY,CONTEXT_ONLY,False,0,ХД
msg-14807,9575,CONTEXT_ONLY,CONTEXT_ONLY,False,0,ОР
msg-14808,9574,CONTEXT_ONLY,CONTEXT_ONLY,False,0,ХД
msg-14809,9572,CONTEXT_ONLY,CONTEXT_ONLY,False,0,"Я збс А, собака? Храпит"
msg-14810,9571,CONTEXT_ONLY,CONTEXT_ONLY,False,0,Яеоез который все нашли
msg-14811,9570,CONTEXT_ONLY,CONTEXT_ONLY,False,0,есть что-то?
msg-14812,9569,CONTEXT_ONLY,CONTEXT_ONLY,False,0,Шорт?
msg-14813,9568,CONTEXT_ONLY,CONTEXT_ONLY,False,0,а ну оно понятно тогда
msg-14818,9563,CONTEXT_ONLY,ATTACH_AS_CORROBORATING_EVIDENCE,False,0,у меня что то не работало что r
msg-14819,9562,AGGREGATE_ONLY,CONTEXT_ONLY,False,0,Так а если ищем Артёма какого-то
msg-14820,9561,CONTEXT_ONLY,ATTACH_AS_CORROBORATING_EVIDENCE,False,0,рф*
msg-14822,9559,CONTEXT_ONLY,ATTACH_AS_CORROBORATING_EVIDENCE,False,0,r-api пробуй)
msg-14823,9558,CONTEXT_ONLY,CONTEXT_ONLY,False,1,У меня щас +500$ позиция
msg-14824,9557,CONTEXT_ONLY,CONTEXT_ONLY,False,0,Как там пес?
msg-14825,9556,CONTEXT_ONLY,ATTACH_AS_CORROBORATING_EVIDENCE,False,0,?
msg-14826,9554,CONTEXT_ONLY,ATTACH_AS_CORROBORATING_EVIDENCE,False,3,@Jumba77777 @egrmxmv @an3oo
msg-14827,9555,CONTEXT_ONLY,CONTEXT_ONLY,False,0,красиво рисует
msg-14829,9552,CONTEXT_ONLY,CONTEXT_ONLY,False,0,20
msg-14831,9550,CONTEXT_ONLY,CONTEXT_ONLY,False,0,Чо звал сларк
msg-14832,9549,CONTEXT_ONLY,CONTEXT_ONLY,False,0,Депы ток
msg-14834,9546,CONTEXT_ONLY,CONTEXT_ONLY,False,0,Ну я сливаю мало
msg-14835,9545,CONTEXT_ONLY,CONTEXT_ONLY,False,0,Ты на меня посмотри
msg-14836,9544,CONTEXT_ONLY,CONTEXT_ONLY,False,0,че ща хуйня
msg-14837,9542,CONTEXT_ONLY,CONTEXT_ONLY,False,0,щас ревешь
msg-14839,9540,CONTEXT_ONLY,CONTEXT_ONLY,False,0,на днях ревел
msg-14841,9538,CONTEXT_ONLY,CONTEXT_ONLY,False,0,че т не пойму
msg-14843,9536,CONTEXT_ONLY,CONTEXT_ONLY,False,0,Бро
msg-14844,9535,CONTEXT_ONLY,CONTEXT_ONLY,False,0,в чате
msg-14846,9533,CONTEXT_ONLY,CONTEXT_ONLY,False,0,Сливаешь
msg-14847,9532,CONTEXT_ONLY,CONTEXT_ONLY,False,0,поч
msg-14849,9530,CONTEXT_ONLY,CONTEXT_ONLY,False,0,тоже верно
msg-14850,9529,CONTEXT_ONLY,CONTEXT_ONLY,False,0,это дохуя
msg-14851,9528,CONTEXT_ONLY,CONTEXT_ONLY,False,0,минимум в 5 раз меньше
msg-14852,9527,CONTEXT_ONLY,CONTEXT_ONLY,False,0,Я его ненавижу блять
msg-14854,9525,CONTEXT_ONLY,CONTEXT_ONLY,False,0,тут в разы вообще числа
msg-14855,9524,CONTEXT_ONLY,CONTEXT_ONLY,False,0,Я тебе зуб даю
msg-14856,9521,CONTEXT_ONLY,CONTEXT_ONLY,False,0,Да дело в аватарке
msg-14857,9520,CONTEXT_ONLY,CONTEXT_ONLY,False,0,Я ебал свой винрейт
msg-14862,9517,CONTEXT_ONLY,CONTEXT_ONLY,False,0,ну все гуд
msg-14865,9515,CONTEXT_ONLY,CONTEXT_ONLY,False,0,F
msg-14869,9511,CONTEXT_ONLY,CONTEXT_ONLY,False,0,Пока
msg-14871,9508,CONTEXT_ONLY,CONTEXT_ONLY,False,0,Попал в капкан лонгистов
msg-14873,9505,CONTEXT_ONLY,CONTEXT_ONLY,False,0,+
msg-14877,9503,CONTEXT_ONLY,CONTEXT_ONLY,False,0,Пусть чел отдохнет
msg-14879,9500,CONTEXT_ONLY,CONTEXT_ONLY,False,0,Куда
msg-14884,9495,CONTEXT_ONLY,CONTEXT_ONLY,False,0,тебя тоже можно понять
msg-14887,9491,CONTEXT_ONLY,CONTEXT_ONLY,False,0,Ща небольшой шорт будет
msg-14891,9487,CONTEXT_ONLY,CONTEXT_ONLY,False,0,Где ему быть?
msg-14892,9486,CONTEXT_ONLY,CONTEXT_ONLY,False,0,"Пятница, вечер"
msg-14894,9484,CONTEXT_ONLY,CONTEXT_ONLY,False,0,Где Дэвид?
msg-14895,9483,CONTEXT_ONLY,CONTEXT_ONLY,False,0,хоч на карту
msg-14897,9481,CONTEXT_ONLY,CONTEXT_ONLY,False,0,ну как тебе удобно
msg-14898,9479,CONTEXT_ONLY,CONTEXT_ONLY,False,0,Спрошу
msg-14902,9475,CONTEXT_ONLY,CONTEXT_ONLY,False,0,Такое?
msg-14903,9474,CONTEXT_ONLY,ATTACH_AS_CORROBORATING_EVIDENCE,False,0,"r-portal восстановили, проверяйте"
msg-14904,9471,CONTEXT_ONLY,CONTEXT_ONLY,False,0,квант. Количественный аналитик
msg-14906,9472,CONTEXT_ONLY,CONTEXT_ONLY,False,0,А их как снять потом
msg-14908,9469,CONTEXT_ONLY,CONTEXT_ONLY,False,0,ЧИСТЫМИ
msg-14909,9468,CONTEXT_ONLY,CONTEXT_ONLY,False,0,ТАМ БЕЗ КОМСЫ ЕЩЕ
msg-14910,9467,CONTEXT_ONLY,CONTEXT_ONLY,False,0,Было бы прикольно
msg-14912,9465,CONTEXT_ONLY,CONTEXT_ONLY,False,0,Плюс - ей отдал
msg-14913,9464,CONTEXT_ONLY,CONTEXT_ONLY,False,0,ДА ТЫ ШАРИШЬ
msg-14914,9463,CONTEXT_ONLY,CONTEXT_ONLY,False,0,"r-portal восстановили, проверяйте"
msg-14916,9461,CONTEXT_ONLY,CONTEXT_ONLY,False,0,Лега
msg-14920,9457,CONTEXT_ONLY,CONTEXT_ONLY,False,0,да
msg-14921,9456,CONTEXT_ONLY,CONTEXT_ONLY,False,0,Красивое
msg-14922,9455,CONTEXT_ONLY,CONTEXT_ONLY,False,0,у тебя весь деп 3500
msg-14923,9454,CONTEXT_ONLY,CONTEXT_ONLY,False,0,а понял
msg-14928,9449,CONTEXT_ONLY,CONTEXT_ONLY,False,0,рил
msg-14929,9448,CONTEXT_ONLY,CONTEXT_ONLY,False,0,а не
msg-14930,9447,CONTEXT_ONLY,CONTEXT_ONLY,False,0,Отдохни
msg-14931,9446,CONTEXT_ONLY,CONTEXT_ONLY,False,0,1 сделка 3500 будет
msg-14932,9445,CONTEXT_ONLY,CONTEXT_ONLY,False,0,Иди погуляй
msg-14933,9444,CONTEXT_ONLY,CONTEXT_ONLY,False,0,у меня там история чата
msg-14935,9442,CONTEXT_ONLY,CONTEXT_ONLY,False,0,Никита
msg-14936,9441,CONTEXT_ONLY,CONTEXT_ONLY,False,0,он мне ответил
msg-14938,9439,CONTEXT_ONLY,CONTEXT_ONLY,False,0,не
msg-14939,9435,CONTEXT_ONLY,CONTEXT_ONLY,False,0,это его старый акк
msg-14940,9438,CONTEXT_ONLY,CONTEXT_ONLY,False,0,похуй торгую дальше
msg-14941,9437,CONTEXT_ONLY,CONTEXT_ONLY,False,0,и че
msg-14944,9434,CONTEXT_ONLY,CONTEXT_ONLY,False,0,3500 баксов
msg-14947,9431,CONTEXT_ONLY,CONTEXT_ONLY,False,0,Поставил щас …
msg-14948,9430,CONTEXT_ONLY,CONTEXT_ONLY,False,0,Из 2-3х сделок
msg-14949,9428,CONTEXT_ONLY,CONTEXT_ONLY,False,0,Для меня это винка
msg-14950,9427,CONTEXT_ONLY,CONTEXT_ONLY,False,0,пёрни
msg-14951,9426,CONTEXT_ONLY,CONTEXT_ONLY,False,0,"Да, всем троим"
msg-14952,9425,CONTEXT_ONLY,CONTEXT_ONLY,False,0,Долларов
msg-14954,9424,CONTEXT_ONLY,CONTEXT_ONLY,False,0,Арбуз
msg-14955,9413,CONTEXT_ONLY,CONTEXT_ONLY,False,0,решения
msg-14956,9423,CONTEXT_ONLY,CONTEXT_ONLY,False,0,кто
msg-14958,9422,CONTEXT_ONLY,CONTEXT_ONLY,False,0,Школьник
msg-14959,9421,CONTEXT_ONLY,CONTEXT_ONLY,False,0,1 сделка считай
msg-14960,9420,CONTEXT_ONLY,CONTEXT_ONLY,False,0,ну так
msg-14964,9417,CONTEXT_ONLY,CONTEXT_ONLY,False,0,3500$
msg-14966,9415,CONTEXT_ONLY,CONTEXT_ONLY,False,0,Вьебал же недавно
msg-14970,9407,CONTEXT_ONLY,CONTEXT_ONLY,False,0,не отбил минус?
msg-14972,9405,CONTEXT_ONLY,CONTEXT_ONLY,False,0,а че тильтить
msg-14974,9403,CONTEXT_ONLY,CONTEXT_ONLY,False,0,Да я в тильте просто
msg-14977,9397,CONTEXT_ONLY,CONTEXT_ONLY,False,0,че за скамер
msg-14978,9399,CONTEXT_ONLY,CONTEXT_ONLY,False,0,у него
msg-14979,9398,CONTEXT_ONLY,CONTEXT_ONLY,False,0,жесткая ава
msg-14980,9396,CONTEXT_ONLY,CONTEXT_ONLY,False,0,да
msg-14982,9394,CONTEXT_ONLY,CONTEXT_ONLY,False,0,Он не новичек
msg-14984,9392,CONTEXT_ONLY,CONTEXT_ONLY,False,0,Ты аватарку посмотри
msg-14985,9391,CONTEXT_ONLY,CONTEXT_ONLY,False,0,из фомосеков
msg-14986,9390,CONTEXT_ONLY,CONTEXT_ONLY,False,0,еще
msg-14987,9389,CONTEXT_ONLY,CONTEXT_ONLY,False,0,юнцов
msg-14988,9388,CONTEXT_ONLY,CONTEXT_ONLY,False,0,а ты из этих
msg-14991,9385,CONTEXT_ONLY,CONTEXT_ONLY,False,0,нашли прикинь
msg-14993,9384,CONTEXT_ONLY,CONTEXT_ONLY,False,0,Кста
msg-14996,9380,CONTEXT_ONLY,CONTEXT_ONLY,False,0,На додеп
msg-14997,9378,CONTEXT_ONLY,CONTEXT_ONLY,False,0,Бывает
msg-14998,9379,CONTEXT_ONLY,CONTEXT_ONLY,False,0,Не удивлён
msg-14999,9377,CONTEXT_ONLY,CONTEXT_ONLY,False,0,Я лекс с бабками
msg-15001,9376,CONTEXT_ONLY,CONTEXT_ONLY,False,0,Не я хуже
msg-15004,9372,CONTEXT_ONLY,CONTEXT_ONLY,False,0,лан я ебанат
msg-15006,9370,CONTEXT_ONLY,CONTEXT_ONLY,False,0,а
msg-15009,9367,CONTEXT_ONLY,CONTEXT_ONLY,False,0,Ты лекс?
msg-15010,9366,CONTEXT_ONLY,CONTEXT_ONLY,False,0,0?
msg-15011,9365,CONTEXT_ONLY,CONTEXT_ONLY,False,0,буквально ничего
msg-15012,9364,CONTEXT_ONLY,CONTEXT_ONLY,False,0,ничего
msg-15013,9363,CONTEXT_ONLY,CONTEXT_ONLY,False,0,хм
msg-15014,9362,CONTEXT_ONLY,CONTEXT_ONLY,False,0,а по тому что залил?
msg-15016,9360,CONTEXT_ONLY,CONTEXT_ONLY,False,0,нич
msg-15017,9359,CONTEXT_ONLY,CONTEXT_ONLY,False,0,ебанат
msg-15018,9358,CONTEXT_ONLY,CONTEXT_ONLY,False,0,и не залил
msg-15020,9356,CONTEXT_ONLY,CONTEXT_ONLY,False,0,сорян
msg-15021,9355,CONTEXT_ONLY,CONTEXT_ONLY,False,0,бля забыл
msg-15024,9352,CONTEXT_ONLY,CONTEXT_ONLY,False,0,опять въебался
msg-15025,9351,CONTEXT_ONLY,CONTEXT_ONLY,False,0,Опять(
msg-15026,9350,CONTEXT_ONLY,CONTEXT_ONLY,False,0,На ебаном эфире
msg-15027,9349,CONTEXT_ONLY,CONTEXT_ONLY,False,0,С шортистами
msg-15030,9347,CONTEXT_ONLY,CONTEXT_ONLY,False,0,Тайцы отвалились
msg-15031,9345,CONTEXT_ONLY,CONTEXT_ONLY,False,0,Это что?
msg-15033,9343,CONTEXT_ONLY,CONTEXT_ONLY,False,0,Выбрал гойскую монету
msg-15037,9339,CONTEXT_ONLY,CONTEXT_ONLY,False,0,allenspenceup_34252
msg-15038,9338,CONTEXT_ONLY,CONTEXT_ONLY,False,0,ага
msg-15039,9337,CONTEXT_ONLY,ATTACH_AS_CORROBORATING_EVIDENCE,False,0,Попробуй дроида рестартнуть
msg-15040,9336,CONTEXT_ONLY,CONTEXT_ONLY,False,0,Я вместо соланы
msg-15043,9333,CONTEXT_ONLY,CONTEXT_ONLY,False,0,Чуваки мне грустно
msg-15044,9332,CONTEXT_ONLY,CONTEXT_ONLY,False,0,ахвэвхэахвэа
msg-15045,9331,CONTEXT_ONLY,CONTEXT_ONLY,False,0,Я(
msg-15046,9330,CONTEXT_ONLY,CONTEXT_ONLY,False,0,Я думаю будет достаточно всем
msg-15047,9329,CONTEXT_ONLY,CONTEXT_ONLY,False,0,они знакомы
msg-15048,9328,CONTEXT_ONLY,CONTEXT_ONLY,False,0,Где он извиняется
msg-15053,9323,CONTEXT_ONLY,CONTEXT_ONLY,False,0,К воарому
msg-15054,9322,CONTEXT_ONLY,CONTEXT_ONLY,False,0,Если с отрицания идти
msg-15055,9321,CONTEXT_ONLY,CONTEXT_ONLY,False,0,кипр🚀
msg-15056,9320,CONTEXT_ONLY,ATTACH_AS_CORROBORATING_EVIDENCE,False,0,хмхмхмх
msg-15057,9313,CONTEXT_ONLY,CONTEXT_ONLY,False,0,Не факт что отец
msg-15059,9310,CONTEXT_ONLY,CONTEXT_ONLY,False,0,Та работаем жеж
msg-15062,9307,CONTEXT_ONLY,CONTEXT_ONLY,False,0,Японцы и Кипр - выбираю
msg-15065,9304,CONTEXT_ONLY,CONTEXT_ONLY,False,0,Тся
msg-15067,9301,CONTEXT_ONLY,CONTEXT_ONLY,False,0,ахах
msg-15069,9299,CONTEXT_ONLY,CONTEXT_ONLY,False,0,Слабо ебал))))???
msg-15070,9298,CONTEXT_ONLY,CONTEXT_ONLY,False,0,Ахахах
msg-15072,9296,CONTEXT_ONLY,CONTEXT_ONLY,False,0,Ну если это вдруг он)
msg-15073,9295,CONTEXT_ONLY,CONTEXT_ONLY,False,0,Японцы?
msg-15074,9294,CONTEXT_ONLY,CONTEXT_ONLY,False,0,а тебя приняли уже?
msg-15076,9292,CONTEXT_ONLY,CONTEXT_ONLY,False,0,"подумав, что все против него"
msg-15081,9285,CONTEXT_ONLY,CONTEXT_ONLY,False,0,как камень с души
msg-15082,9280,CONTEXT_ONLY,CONTEXT_ONLY,False,0,Начинали вместе видимо
msg-15084,9278,CONTEXT_ONLY,CONTEXT_ONLY,False,0,да
msg-15087,9275,CONTEXT_ONLY,CONTEXT_ONLY,False,0,ты уверен что это правда?
msg-15088,9274,CONTEXT_ONLY,CONTEXT_ONLY,False,0,на счет фабла
msg-15091,9271,CONTEXT_ONLY,CONTEXT_ONLY,False,0,так а что там знакомый твой ответил
msg-15093,9269,CONTEXT_ONLY,CONTEXT_ONLY,False,0,ХАХААХХААХХААХ нет
msg-15094,9268,CONTEXT_ONLY,CONTEXT_ONLY,False,0,атакуют
msg-15095,9267,CONTEXT_ONLY,CONTEXT_ONLY,False,0,это подзняковские
msg-15098,9264,CONTEXT_ONLY,CONTEXT_ONLY,False,0,мне тоже
msg-15100,9263,CONTEXT_ONLY,CONTEXT_ONLY,False,0,слабо выебал?
msg-15101,9262,CONTEXT_ONLY,CONTEXT_ONLY,False,0,Роботы бля торгуют
msg-15102,9260,CONTEXT_ONLY,CONTEXT_ONLY,False,0,профит есть можно и поестт
msg-15103,9259,CONTEXT_ONLY,CONTEXT_ONLY,False,0,всё тейк
msg-15105,9257,CONTEXT_ONLY,CONTEXT_ONLY,False,0,запас аккаунтов надо делать..
msg-15106,9256,CONTEXT_ONLY,CONTEXT_ONLY,False,0,смотрю
msg-15110,9252,CONTEXT_ONLY,CONTEXT_ONLY,False,0,ахахахха
msg-15111,9251,CONTEXT_ONLY,CONTEXT_ONLY,False,0,А не наебал
msg-15117,9246,CONTEXT_ONLY,CONTEXT_ONLY,False,0,А вы новички
msg-15119,9243,CONTEXT_ONLY,CONTEXT_ONLY,False,0,Я тут год ровно
msg-15120,9242,CONTEXT_ONLY,CONTEXT_ONLY,False,1,@yutugnew
msg-15126,9235,CONTEXT_ONLY,CONTEXT_ONLY,False,0,да
msg-15129,9233,CONTEXT_ONLY,CONTEXT_ONLY,False,0,Похоже
msg-15131,9231,CONTEXT_ONLY,CONTEXT_ONLY,False,0,бля я читаю это все пиздец
msg-15135,9223,CONTEXT_ONLY,CONTEXT_ONLY,False,0,Все гс прослушал
msg-15137,9225,CONTEXT_ONLY,CONTEXT_ONLY,False,0,это невозможно
msg-15140,9222,CONTEXT_ONLY,CONTEXT_ONLY,False,0,Это ты откуда взял
msg-15148,9214,CONTEXT_ONLY,CONTEXT_ONLY,False,0,и денег
msg-15151,9211,CONTEXT_ONLY,CONTEXT_ONLY,False,0,Все то
msg-15153,9209,CONTEXT_ONLY,CONTEXT_ONLY,False,0,квоты не хватит
msg-15156,9207,CONTEXT_ONLY,CONTEXT_ONLY,False,0,Чёт не то
msg-15159,9200,CONTEXT_ONLY,CONTEXT_ONLY,False,0,это где такая наценка
msg-15161,9203,CONTEXT_ONLY,CONTEXT_ONLY,False,0,ВЕРНУТЬ ПРОСТАТУ СРОЧНО
msg-15164,9198,CONTEXT_ONLY,CONTEXT_ONLY,False,0,Свага
msg-15165,9192,CONTEXT_ONLY,CONTEXT_ONLY,False,0,что по просм
msg-15169,9187,CONTEXT_ONLY,CONTEXT_ONLY,False,0,И хуй
msg-15170,9188,CONTEXT_ONLY,CONTEXT_ONLY,False,0,завтра сделаем
msg-15172,9183,CONTEXT_ONLY,CONTEXT_ONLY,False,0,Исчезнет сразу
msg-15174,9184,CONTEXT_ONLY,CONTEXT_ONLY,False,0,базару нет родной
msg-15176,9181,CONTEXT_ONLY,CONTEXT_ONLY,False,0,Да я же писал
msg-15182,9172,CONTEXT_ONLY,CONTEXT_ONLY,False,0,СЛАБО ЕБУ?)
msg-15184,9170,CONTEXT_ONLY,CONTEXT_ONLY,False,0,Пусть ник даст
msg-15191,9162,CONTEXT_ONLY,CONTEXT_ONLY,False,0,Нихуя се изнасиловал
msg-15192,9160,CONTEXT_ONLY,CONTEXT_ONLY,False,0,слабо ебем
msg-15194,9159,CONTEXT_ONLY,CONTEXT_ONLY,False,0,слабо ебу?
msg-15196,9155,CONTEXT_ONLY,CONTEXT_ONLY,False,0,Хуйня переделывай
msg-15200,9151,CONTEXT_ONLY,CONTEXT_ONLY,False,0,ММ постарался?
msg-15203,9148,CONTEXT_ONLY,CONTEXT_ONLY,False,0,"если про это, то да"
msg-15204,9147,CONTEXT_ONLY,CONTEXT_ONLY,False,0,"Ну это ладно, фура"
msg-15206,9144,CONTEXT_ONLY,CONTEXT_ONLY,False,0,ну ты как думаешь
msg-15211,9139,CONTEXT_ONLY,CONTEXT_ONLY,False,0,хмм пока тупик
msg-15213,9137,CONTEXT_ONLY,CONTEXT_ONLY,False,1,@Dhdijddjndi
msg-15214,9136,CONTEXT_ONLY,CONTEXT_ONLY,False,0,Понял
msg-15215,9135,CONTEXT_ONLY,CONTEXT_ONLY,False,1,@Matvej_51va
msg-15216,9134,CONTEXT_ONLY,CONTEXT_ONLY,False,0,Максимум
msg-15217,9133,CONTEXT_ONLY,CONTEXT_ONLY,False,0,Узбек
msg-15218,9132,CONTEXT_ONLY,CONTEXT_ONLY,False,0,Не
msg-15221,9129,CONTEXT_ONLY,CONTEXT_ONLY,False,0,а это фактор такой
msg-15222,9128,CONTEXT_ONLY,CONTEXT_ONLY,False,0,а?
msg-15224,9126,CONTEXT_ONLY,CONTEXT_ONLY,False,0,Бананы в допе
msg-15228,9121,CONTEXT_ONLY,CONTEXT_ONLY,False,0,Не бананов получается
msg-15230,9119,CONTEXT_ONLY,CONTEXT_ONLY,False,0,Хуя ты умный
msg-15231,9118,CONTEXT_ONLY,CONTEXT_ONLY,False,0,Дойдет ща
msg-15232,9117,CONTEXT_ONLY,CONTEXT_ONLY,False,0,А че думаешь
msg-15233,9116,CONTEXT_ONLY,CONTEXT_ONLY,False,0,Соль?
msg-15235,9114,CONTEXT_ONLY,CONTEXT_ONLY,False,0,portal открывает?
msg-15237,9112,CONTEXT_ONLY,CONTEXT_ONLY,False,0,Угадай
msg-15238,9111,CONTEXT_ONLY,CONTEXT_ONLY,False,0,Ну угадай сука
msg-15239,9110,CONTEXT_ONLY,CONTEXT_ONLY,False,0,Свои покажт
msg-15241,9108,CONTEXT_ONLY,CONTEXT_ONLY,False,0,митос
msg-15242,9107,CONTEXT_ONLY,CONTEXT_ONLY,False,0,Сам иди долбаеб
msg-15248,9101,CONTEXT_ONLY,CONTEXT_ONLY,False,0,77 чего? Бананов?
msg-15250,9099,CONTEXT_ONLY,CONTEXT_ONLY,False,0,это мы тут с бубликом в голове
msg-15253,9096,CONTEXT_ONLY,CONTEXT_ONLY,False,0,ахахах
msg-15256,9093,CONTEXT_ONLY,CONTEXT_ONLY,False,0,ну 76
msg-15258,9092,CONTEXT_ONLY,CONTEXT_ONLY,False,0,Это мои сделки
msg-15259,9090,CONTEXT_ONLY,CONTEXT_ONLY,False,0,если честно
msg-15260,9089,CONTEXT_ONLY,CONTEXT_ONLY,False,0,76 мб
msg-15261,9088,CONTEXT_ONLY,CONTEXT_ONLY,False,0,Долбаеб
msg-15262,9087,CONTEXT_ONLY,CONTEXT_ONLY,False,0,держу на очке
msg-15264,9085,CONTEXT_ONLY,CONTEXT_ONLY,False,0,или 3
msg-15265,9084,CONTEXT_ONLY,CONTEXT_ONLY,False,0,Я один такой?
msg-15266,9082,CONTEXT_ONLY,CONTEXT_ONLY,False,0,я на нём
msg-15267,9083,CONTEXT_ONLY,CONTEXT_ONLY,False,0,77 кто держит
msg-15269,9081,CONTEXT_ONLY,CONTEXT_ONLY,False,0,ахахахахахахахахах
msg-15270,9080,CONTEXT_ONLY,CONTEXT_ONLY,False,0,я дня 4 в лонге ужн
msg-15271,9078,CONTEXT_ONLY,CONTEXT_ONLY,False,0,и лично мне что выписывал
msg-15272,9076,CONTEXT_ONLY,CONTEXT_ONLY,False,0,😳😳😳😳😳😳а че с ногой тогда
msg-15273,9075,CONTEXT_ONLY,CONTEXT_ONLY,False,0,Сегодня поправим
msg-15275,9073,CONTEXT_ONLY,CONTEXT_ONLY,False,0,blackrock - гпт
msg-15276,9072,CONTEXT_ONLY,CONTEXT_ONLY,False,0,Да нормально
msg-15277,9071,CONTEXT_ONLY,CONTEXT_ONLY,False,0,нет
msg-15279,9068,CONTEXT_ONLY,CONTEXT_ONLY,False,0,Контекстое окно
msg-15280,9067,CONTEXT_ONLY,CONTEXT_ONLY,False,0,в зеке сижу с кайфам
msg-15282,9066,CONTEXT_ONLY,CONTEXT_ONLY,False,0,ты шортишь?
msg-15285,9063,CONTEXT_ONLY,CONTEXT_ONLY,False,0,хз
msg-15286,9062,CONTEXT_ONLY,CONTEXT_ONLY,False,0,или может нет
msg-15287,9059,CONTEXT_ONLY,CONTEXT_ONLY,False,0,там подагенты есть?
msg-15288,9060,CONTEXT_ONLY,CONTEXT_ONLY,False,0,blackrock где-то видел
msg-15289,9058,CONTEXT_ONLY,CONTEXT_ONLY,False,0,ааве например
msg-15290,9057,CONTEXT_ONLY,CONTEXT_ONLY,False,0,гпт - оборонка
msg-15292,9055,CONTEXT_ONLY,CONTEXT_ONLY,False,0,Расскажи как ты выжил?
msg-15293,9054,CONTEXT_ONLY,CONTEXT_ONLY,False,0,Слабо ебал?
msg-15297,9049,CONTEXT_ONLY,CONTEXT_ONLY,False,0,Это то я понял
msg-15301,9045,CONTEXT_ONLY,CONTEXT_ONLY,False,0,"Парни, ждем"
msg-15305,9042,CONTEXT_ONLY,CONTEXT_ONLY,False,0,"да, да и да)"
msg-15307,9039,CONTEXT_ONLY,CONTEXT_ONLY,False,0,😁😁
msg-15308,9038,CONTEXT_ONLY,CONTEXT_ONLY,False,0,Выбора больше нет
msg-15309,9036,CONTEXT_ONLY,CONTEXT_ONLY,False,0,я тоже
msg-15310,9037,CONTEXT_ONLY,CONTEXT_ONLY,False,0,а у нас объедки
msg-15311,9035,CONTEXT_ONLY,CONTEXT_ONLY,False,0,какой баланс акула
msg-15318,9028,CONTEXT_ONLY,CONTEXT_ONLY,False,0,я с тобой согласен
msg-15320,9026,CONTEXT_ONLY,CONTEXT_ONLY,False,0,там это не работает
msg-15321,9025,CONTEXT_ONLY,CONTEXT_ONLY,False,0,новшество это или нет
msg-15322,9024,CONTEXT_ONLY,CONTEXT_ONLY,False,0,да
msg-15323,9023,CONTEXT_ONLY,CONTEXT_ONLY,False,0,?
msg-15325,9021,CONTEXT_ONLY,CONTEXT_ONLY,False,0,Слабо ебем??
msg-15327,9019,CONTEXT_ONLY,CONTEXT_ONLY,False,0,А как ты ему позвонил
msg-15330,9015,CONTEXT_ONLY,CONTEXT_ONLY,False,0,например PI cli
msg-15331,9014,CONTEXT_ONLY,CONTEXT_ONLY,False,0,и поставь другой инструмент
msg-15335,9010,CONTEXT_ONLY,CONTEXT_ONLY,False,0,Ждем утюга
msg-15336,9009,CONTEXT_ONLY,CONTEXT_ONLY,False,0,Пока сидим
msg-15337,9008,CONTEXT_ONLY,CONTEXT_ONLY,False,0,Там лимиты норм
msg-15338,9006,CONTEXT_ONLY,CONTEXT_ONLY,False,0,адам у тебя плхо получается
msg-15339,9007,CONTEXT_ONLY,CONTEXT_ONLY,False,0,Господи как же страшно
msg-15340,9004,CONTEXT_ONLY,CONTEXT_ONLY,False,0,Не звони
msg-15341,9005,CONTEXT_ONLY,CONTEXT_ONLY,False,0,Слабо ебем суки???🤬🤬🤬🤬
msg-15342,9003,CONTEXT_ONLY,CONTEXT_ONLY,False,0,Подними
msg-15343,9001,CONTEXT_ONLY,CONTEXT_ONLY,False,0,100 проц
msg-15345,9000,CONTEXT_ONLY,CONTEXT_ONLY,False,0,да там физ
msg-15346,8999,CONTEXT_ONLY,CONTEXT_ONLY,False,0,ахахах
msg-15347,8998,CONTEXT_ONLY,CONTEXT_ONLY,False,0,я позвоню?
msg-15348,8997,CONTEXT_ONLY,CONTEXT_ONLY,False,0,о
msg-15349,8996,CONTEXT_ONLY,CONTEXT_ONLY,False,0,да
msg-15350,8995,CONTEXT_ONLY,CONTEXT_ONLY,False,0,лизун этот
msg-15351,8994,CONTEXT_ONLY,CONTEXT_ONLY,False,0,его
msg-15353,8991,CONTEXT_ONLY,CONTEXT_ONLY,False,0,тот кто заставил?
msg-15354,8992,CONTEXT_ONLY,CONTEXT_ONLY,False,0,Ну там пиздец важно
msg-15356,8989,CONTEXT_ONLY,CONTEXT_ONLY,False,0,а кто он
msg-15357,8988,CONTEXT_ONLY,CONTEXT_ONLY,False,0,номер от утюга
msg-15360,8984,CONTEXT_ONLY,CONTEXT_ONLY,False,0,+77772535215
msg-15362,8981,CONTEXT_ONLY,CONTEXT_ONLY,False,0,че за лизун?
msg-15365,8979,CONTEXT_ONLY,CONTEXT_ONLY,False,0,Профи
msg-15366,8978,CONTEXT_ONLY,CONTEXT_ONLY,False,0,Тут рил осинтер нужен
msg-15371,8973,CONTEXT_ONLY,CONTEXT_ONLY,False,0,а че это
msg-15374,8970,CONTEXT_ONLY,CONTEXT_ONLY,False,0,Деанона не будет
msg-15376,8967,CONTEXT_ONLY,CONTEXT_ONLY,False,0,успех
msg-15384,8958,CONTEXT_ONLY,CONTEXT_ONLY,False,0,очевидность не предел
msg-15387,8956,CONTEXT_ONLY,CONTEXT_ONLY,False,0,а не в промпт
msg-15389,8954,CONTEXT_ONLY,CONTEXT_ONLY,False,0,в саму модель
msg-15391,8951,CONTEXT_ONLY,CONTEXT_ONLY,False,0,я буквально сказал что вшито
msg-15392,8950,CONTEXT_ONLY,CONTEXT_ONLY,False,0,"это не новшество, это эволюция."
msg-15393,8949,CONTEXT_ONLY,CONTEXT_ONLY,False,0,попроси пж
msg-15394,8948,CONTEXT_ONLY,CONTEXT_ONLY,False,0,потому что бабки у него?
msg-15395,8947,CONTEXT_ONLY,CONTEXT_ONLY,False,0,читай саммари
msg-15396,8946,CONTEXT_ONLY,CONTEXT_ONLY,False,0,утюг так сказал
msg-15397,8944,CONTEXT_ONLY,CONTEXT_ONLY,False,0,то что это вшито
msg-15399,8943,CONTEXT_ONLY,CONTEXT_ONLY,False,0,почему дело в лизуне?
msg-15400,8942,CONTEXT_ONLY,CONTEXT_ONLY,False,0,нет
msg-15402,8940,CONTEXT_ONLY,CONTEXT_ONLY,False,0,риски
msg-15404,8938,CONTEXT_ONLY,CONTEXT_ONLY,False,0,Заднюю не даём
msg-15405,8937,CONTEXT_ONLY,CONTEXT_ONLY,False,0,а почему дело в лизуне
msg-15408,8932,CONTEXT_ONLY,CONTEXT_ONLY,False,0,новшество же
msg-15410,8934,CONTEXT_ONLY,CONTEXT_ONLY,False,0,Сами ебитесь
msg-15413,8928,CONTEXT_ONLY,CONTEXT_ONLY,False,0,Лизун твинк потому что
msg-15414,8926,CONTEXT_ONLY,CONTEXT_ONLY,False,0,скачает пусть и скидывает все
msg-15415,8927,CONTEXT_ONLY,CONTEXT_ONLY,False,0,До ликвидации!
msg-15416,8925,CONTEXT_ONLY,CONTEXT_ONLY,False,0,55
msg-15419,8922,CONTEXT_ONLY,CONTEXT_ONLY,False,0,И тд
msg-15420,8921,CONTEXT_ONLY,CONTEXT_ONLY,False,0,Твинки
msg-15421,8920,CONTEXT_ONLY,CONTEXT_ONLY,False,0,Все
msg-15423,8918,CONTEXT_ONLY,CONTEXT_ONLY,False,0,Пусть переписку копает
msg-15427,8914,CONTEXT_ONLY,CONTEXT_ONLY,False,0,И вопросов не будет к нему
msg-15431,8907,CONTEXT_ONLY,CONTEXT_ONLY,False,0,а китайцы еще не заработали?
msg-15434,8904,CONTEXT_ONLY,CONTEXT_ONLY,False,0,и его откопаем
msg-15438,8900,CONTEXT_ONLY,CONTEXT_ONLY,False,0,пусть кента даст
msg-15439,8899,CONTEXT_ONLY,CONTEXT_ONLY,False,0,фрик
msg-15440,8898,CONTEXT_ONLY,CONTEXT_ONLY,False,0,бля
msg-15442,8896,CONTEXT_ONLY,CONTEXT_ONLY,False,0,ахахах
msg-15443,8894,CONTEXT_ONLY,CONTEXT_ONLY,False,0,gpt работает
msg-15446,8891,CONTEXT_ONLY,CONTEXT_ONLY,False,0,ордена в студию
msg-15447,8889,CONTEXT_ONLY,CONTEXT_ONLY,False,0,"слабо, парни?"
msg-15451,8885,CONTEXT_ONLY,CONTEXT_ONLY,False,0,Угар
msg-15452,8884,CONTEXT_ONLY,CONTEXT_ONLY,False,0,Хахахаэаээаха
msg-15454,8882,CONTEXT_ONLY,CONTEXT_ONLY,False,0,Слышу вернее
msg-15456,8880,CONTEXT_ONLY,CONTEXT_ONLY,False,0,А вижу
msg-15457,8878,CONTEXT_ONLY,CONTEXT_ONLY,False,0,че ты чешешь
msg-15458,8877,CONTEXT_ONLY,CONTEXT_ONLY,False,0,какие бабки
msg-15459,8876,CONTEXT_ONLY,CONTEXT_ONLY,False,0,че
msg-15460,8874,CONTEXT_ONLY,CONTEXT_ONLY,False,0,что сколько? не понял
msg-15462,8873,CONTEXT_ONLY,CONTEXT_ONLY,False,0,А не в чс кидать
msg-15463,8872,CONTEXT_ONLY,CONTEXT_ONLY,False,0,Тоже верно
msg-15466,8869,CONTEXT_ONLY,CONTEXT_ONLY,False,0,был разговор с сынком
msg-15470,8865,CONTEXT_ONLY,CONTEXT_ONLY,False,0,да кстати
msg-15472,8863,CONTEXT_ONLY,CONTEXT_ONLY,False,0,Или че
msg-15473,8862,CONTEXT_ONLY,CONTEXT_ONLY,False,0,чертила
msg-15474,8861,CONTEXT_ONLY,CONTEXT_ONLY,False,0,Рил?
msg-15476,8859,CONTEXT_ONLY,CONTEXT_ONLY,False,0,странно конечно
msg-15477,8858,CONTEXT_ONLY,CONTEXT_ONLY,False,0,как я понял
msg-15479,8856,CONTEXT_ONLY,CONTEXT_ONLY,False,0,Ахахахаха
msg-15481,8854,CONTEXT_ONLY,CONTEXT_ONLY,False,0,А мама
msg-15484,8851,CONTEXT_ONLY,CONTEXT_ONLY,False,0,(
msg-15486,8849,CONTEXT_ONLY,CONTEXT_ONLY,False,0,нет
msg-15491,8844,CONTEXT_ONLY,CONTEXT_ONLY,False,0,с этим
msg-15492,8843,CONTEXT_ONLY,CONTEXT_ONLY,False,0,завязывай
msg-15493,8842,CONTEXT_ONLY,CONTEXT_ONLY,False,0,артурчик
msg-15495,8840,CONTEXT_ONLY,CONTEXT_ONLY,False,0,понял
msg-15496,8839,CONTEXT_ONLY,CONTEXT_ONLY,False,0,Роман зарешал?
msg-15498,8837,CONTEXT_ONLY,CONTEXT_ONLY,False,0,понял
msg-15499,8836,CONTEXT_ONLY,CONTEXT_ONLY,False,0,Опечатка
msg-15500,8835,CONTEXT_ONLY,CONTEXT_ONLY,False,0,Салановский полк
msg-15501,8833,CONTEXT_ONLY,CONTEXT_ONLY,False,0,официальном
msg-15503,8832,CONTEXT_ONLY,CONTEXT_ONLY,False,0,Его бати
msg-15504,8831,CONTEXT_ONLY,CONTEXT_ONLY,False,0,а
msg-15506,8828,CONTEXT_ONLY,CONTEXT_ONLY,False,0,Это кент
msg-15508,8827,CONTEXT_ONLY,CONTEXT_ONLY,False,0,"не, роман это друг"
msg-15509,8826,CONTEXT_ONLY,CONTEXT_ONLY,False,0,Нене
msg-15510,8825,CONTEXT_ONLY,CONTEXT_ONLY,False,0,Слышь
msg-15511,8824,CONTEXT_ONLY,CONTEXT_ONLY,False,0,че
msg-15513,8822,CONTEXT_ONLY,CONTEXT_ONLY,False,0,с чего ты взял
msg-15515,8820,CONTEXT_ONLY,CONTEXT_ONLY,False,0,Батек зарегал?
msg-15519,8816,CONTEXT_ONLY,CONTEXT_ONLY,False,0,хуйсос надо тебе повеситься
msg-15520,8815,CONTEXT_ONLY,CONTEXT_ONLY,False,0,Массовых ошибок нет
msg-15523,8812,CONTEXT_ONLY,CONTEXT_ONLY,False,0,кайф
msg-15525,8811,CONTEXT_ONLY,CONTEXT_ONLY,False,0,отцу утюга написали
msg-15526,8809,CONTEXT_ONLY,CONTEXT_ONLY,False,0,ща сделаю 5 сек
msg-15527,8808,CONTEXT_ONLY,CONTEXT_ONLY,False,0,да нормально
msg-15529,8806,CONTEXT_ONLY,CONTEXT_ONLY,False,0,всратое
msg-15530,8805,CONTEXT_ONLY,CONTEXT_ONLY,False,0,наслаждайся братец
msg-15532,8803,CONTEXT_ONLY,CONTEXT_ONLY,False,0,это то понятно
msg-15534,8802,CONTEXT_ONLY,CONTEXT_ONLY,False,0,Заснул нахуй сука
msg-15535,8800,CONTEXT_ONLY,CONTEXT_ONLY,False,0,утюга
msg-15536,8799,CONTEXT_ONLY,CONTEXT_ONLY,False,0,Тяжело слушать
msg-15540,8795,CONTEXT_ONLY,CONTEXT_ONLY,False,0,который флагает такое
msg-15542,8792,CONTEXT_ONLY,CONTEXT_ONLY,False,0,в него вшит промпт
msg-15543,8793,CONTEXT_ONLY,CONTEXT_ONLY,False,0,давайте воины
msg-15545,8790,CONTEXT_ONLY,CONTEXT_ONLY,False,0,он его игнорит
msg-15546,8789,CONTEXT_ONLY,CONTEXT_ONLY,False,0,в кодехе вшито
msg-15547,8788,CONTEXT_ONLY,CONTEXT_ONLY,False,0,Вадим
msg-15550,8785,CONTEXT_ONLY,CONTEXT_ONLY,False,0,лизуна
msg-15551,8784,CONTEXT_ONLY,CONTEXT_ONLY,False,0,я не понимаю
msg-15552,8783,AGGREGATE_ONLY,CONTEXT_ONLY,False,0,А что щас ищем ?
msg-15555,8778,CONTEXT_ONLY,CONTEXT_ONLY,False,0,Был 73.9
msg-15557,8776,CONTEXT_ONLY,CONTEXT_ONLY,False,0,Акк куплен у узбека
msg-15558,8775,CONTEXT_ONLY,CONTEXT_ONLY,False,0,hermes
msg-15560,8773,CONTEXT_ONLY,CONTEXT_ONLY,False,0,Наебщики
msg-15561,8772,CONTEXT_ONLY,CONTEXT_ONLY,False,0,Что?
msg-15563,8770,CONTEXT_ONLY,CONTEXT_ONLY,False,0,сделал
msg-15564,8769,CONTEXT_ONLY,CONTEXT_ONLY,False,0,или че он там
msg-15565,8768,CONTEXT_ONLY,CONTEXT_ONLY,False,0,не
msg-15568,8764,CONTEXT_ONLY,CONTEXT_ONLY,False,0,Ебеееем
msg-15571,8762,CONTEXT_ONLY,CONTEXT_ONLY,False,0,Ооооо
msg-15572,8761,CONTEXT_ONLY,CONTEXT_ONLY,False,0,ааа это пидор нерукопожатный
msg-15573,8760,CONTEXT_ONLY,CONTEXT_ONLY,False,0,Похоже
msg-15576,8757,CONTEXT_ONLY,CONTEXT_ONLY,False,0,локально
msg-15577,8756,CONTEXT_ONLY,CONTEXT_ONLY,False,0,салам пиздюк
msg-15580,8753,CONTEXT_ONLY,CONTEXT_ONLY,False,0,это не локально
msg-15581,8752,CONTEXT_ONLY,CONTEXT_ONLY,False,0,Он обоссытся
msg-15582,8750,CONTEXT_ONLY,CONTEXT_ONLY,False,0,Вот он
msg-15583,8749,CONTEXT_ONLY,CONTEXT_ONLY,False,0,че стало?
msg-15585,8747,CONTEXT_ONLY,CONTEXT_ONLY,False,0,Салам
msg-15587,8745,CONTEXT_ONLY,CONTEXT_ONLY,False,0,чо не так
msg-15588,8744,CONTEXT_ONLY,CONTEXT_ONLY,False,0,Помоги мпня тут газуют
msg-15589,8743,CONTEXT_ONLY,CONTEXT_ONLY,False,0,ахахаха
msg-15590,8742,CONTEXT_ONLY,CONTEXT_ONLY,False,0,Нихуя у тебя голос
msg-15591,8740,CONTEXT_ONLY,CONTEXT_ONLY,False,0,Аххахахахахах
msg-15593,8739,CONTEXT_ONLY,CONTEXT_ONLY,False,0,че хотел туфлечист?
msg-15594,8738,CONTEXT_ONLY,CONTEXT_ONLY,False,0,Это Вадим
msg-15595,8737,CONTEXT_ONLY,CONTEXT_ONLY,False,0,А
msg-15596,8736,CONTEXT_ONLY,CONTEXT_ONLY,False,0,Как в гс
msg-15597,8735,CONTEXT_ONLY,CONTEXT_ONLY,False,0,А дальше голос его
msg-15600,8733,CONTEXT_ONLY,CONTEXT_ONLY,False,0,А ебать все нашел
msg-15604,8728,CONTEXT_ONLY,CONTEXT_ONLY,False,0,всем надо новые фичи
msg-15605,8727,CONTEXT_ONLY,CONTEXT_ONLY,False,0,ии чат делаешь
msg-15606,8726,CONTEXT_ONLY,CONTEXT_ONLY,False,0,Нихуя у него голос
msg-15607,8725,REJECT_SAFE,CONTEXT_ONLY,False,0,и с ходу в бан кинул
msg-15608,8724,CONTEXT_ONLY,CONTEXT_ONLY,False,0,Это новая версия Телеграм
msg-15610,8722,CONTEXT_ONLY,CONTEXT_ONLY,False,0,некоторым нет
msg-15611,8721,CONTEXT_ONLY,CONTEXT_ONLY,False,0,некоторым надо
msg-15612,8720,CONTEXT_ONLY,CONTEXT_ONLY,False,0,ты уверен
msg-15613,8718,CONTEXT_ONLY,CONTEXT_ONLY,False,0,я говорю с утюгом
msg-15615,8717,CONTEXT_ONLY,CONTEXT_ONLY,False,0,УТЮГ
msg-15616,8715,CONTEXT_ONLY,ATTACH_AS_CORROBORATING_EVIDENCE,False,0,opencode?
msg-15617,8716,CONTEXT_ONLY,CONTEXT_ONLY,False,0,Неоновый
msg-15618,8713,CONTEXT_ONLY,CONTEXT_ONLY,False,0,А это кто
msg-15621,8711,CONTEXT_ONLY,ATTACH_AS_CORROBORATING_EVIDENCE,False,0,какой клиент используешь?
msg-15622,8710,CONTEXT_ONLY,CONTEXT_ONLY,False,0,корпоратам это не надо
msg-15623,8709,CONTEXT_ONLY,CONTEXT_ONLY,False,0,ты же хотел
msg-15627,8705,CONTEXT_ONLY,CONTEXT_ONLY,False,0,Давай давай
msg-15628,8704,CONTEXT_ONLY,CONTEXT_ONLY,False,0,Мб продолжит рост
msg-15631,8701,CONTEXT_ONLY,CONTEXT_ONLY,False,0,сорян
msg-15633,8699,CONTEXT_ONLY,CONTEXT_ONLY,False,0,эта ошибка
msg-15635,8697,CONTEXT_ONLY,CONTEXT_ONLY,False,0,ххаха
msg-15636,8692,CONTEXT_ONLY,CONTEXT_ONLY,False,0,у тебя локально
msg-15637,8695,CONTEXT_ONLY,CONTEXT_ONLY,False,0,Че Токио даст
msg-15638,8694,CONTEXT_ONLY,CONTEXT_ONLY,False,0,Не хочу
msg-15642,8689,CONTEXT_ONLY,CONTEXT_ONLY,False,0,Аххахахахаха
msg-15643,8688,CONTEXT_ONLY,CONTEXT_ONLY,False,0,Это что
msg-15645,8686,CONTEXT_ONLY,CONTEXT_ONLY,False,0,В чат аешки заходи
msg-15646,8683,CONTEXT_ONLY,CONTEXT_ONLY,False,0,gpt
msg-15647,8685,CONTEXT_ONLY,CONTEXT_ONLY,False,0,Ну голос его
msg-15649,8682,CONTEXT_ONLY,CONTEXT_ONLY,False,0,ну там мало
msg-15651,8680,CONTEXT_ONLY,CONTEXT_ONLY,False,0,я на 5.5
msg-15653,8678,CONTEXT_ONLY,CONTEXT_ONLY,False,0,да
msg-15654,8677,CONTEXT_ONLY,CONTEXT_ONLY,False,0,Всмисле
msg-15655,8675,CONTEXT_ONLY,CONTEXT_ONLY,False,0,ты на 4.8?
msg-15656,8676,CONTEXT_ONLY,CONTEXT_ONLY,False,0,Всм
msg-15657,8674,CONTEXT_ONLY,CONTEXT_ONLY,False,0,Где-то так уже говорили …
msg-15658,8673,CONTEXT_ONLY,CONTEXT_ONLY,False,0,а не устаревшими формулами
msg-15664,8668,CONTEXT_ONLY,CONTEXT_ONLY,False,0,А сколько? 15?
msg-15667,8665,CONTEXT_ONLY,CONTEXT_ONLY,False,0,Да все похоже это хай
msg-15668,8662,CONTEXT_ONLY,CONTEXT_ONLY,False,0,может быть ошибочное
msg-15669,8663,CONTEXT_ONLY,CONTEXT_ONLY,False,0,да я понимаю
msg-15670,8661,CONTEXT_ONLY,CONTEXT_ONLY,False,0,десятки тысяч - это немного
msg-15671,8660,CONTEXT_ONLY,CONTEXT_ONLY,False,0,Так тебе не 30
msg-15672,8659,CONTEXT_ONLY,CONTEXT_ONLY,False,0,+
msg-15673,8658,CONTEXT_ONLY,CONTEXT_ONLY,False,0,наоборот же
msg-15676,8655,CONTEXT_ONLY,CONTEXT_ONLY,False,0,бб это разве опасно
msg-15677,8654,CONTEXT_ONLY,CONTEXT_ONLY,False,0,Кик
msg-15678,8653,CONTEXT_ONLY,CONTEXT_ONLY,False,0,Че тут пиздеть
msg-15682,8650,CONTEXT_ONLY,CONTEXT_ONLY,False,0,слабо ебем?
msg-15683,8648,CONTEXT_ONLY,CONTEXT_ONLY,False,0,Сколько это в узбекских сомах?
msg-15684,8647,CONTEXT_ONLY,CONTEXT_ONLY,False,0,На гелике приедет
msg-15687,8644,CONTEXT_ONLY,CONTEXT_ONLY,False,0,Слабо ебем?
msg-15688,8643,CONTEXT_ONLY,CONTEXT_ONLY,False,0,Я на велосипеде
msg-15689,8641,CONTEXT_ONLY,CONTEXT_ONLY,False,0,с каждым днем все больше
msg-15690,8640,CONTEXT_ONLY,CONTEXT_ONLY,False,0,Потом
msg-15691,8638,CONTEXT_ONLY,CONTEXT_ONLY,False,0,а то и больше
msg-15693,8637,CONTEXT_ONLY,CONTEXT_ONLY,False,0,Подьедь
msg-15695,8635,CONTEXT_ONLY,CONTEXT_ONLY,False,0,Сука и начал падать
msg-15696,8634,CONTEXT_ONLY,CONTEXT_ONLY,False,0,я еще щас открыл
msg-15700,8628,CONTEXT_ONLY,CONTEXT_ONLY,False,0,десятки тысяч данных
msg-15701,8630,CONTEXT_ONLY,CONTEXT_ONLY,False,0,Там мини профит
msg-15702,8629,CONTEXT_ONLY,CONTEXT_ONLY,False,0,Забей бро закройся
msg-15703,8627,CONTEXT_ONLY,CONTEXT_ONLY,False,0,Желательно ещё бесплатно
msg-15705,8625,CONTEXT_ONLY,CONTEXT_ONLY,False,0,похуй
msg-15706,8624,CONTEXT_ONLY,CONTEXT_ONLY,False,0,бля
msg-15710,8620,CONTEXT_ONLY,CONTEXT_ONLY,False,0,🤣🤣🤣
msg-15711,8619,CONTEXT_ONLY,CONTEXT_ONLY,False,0,Бля рано закрылся
msg-15712,8618,CONTEXT_ONLY,CONTEXT_ONLY,False,0,И быстродействие
msg-15715,8615,CONTEXT_ONLY,CONTEXT_ONLY,False,0,777 думай
msg-15716,8611,CONTEXT_ONLY,CONTEXT_ONLY,False,0,мне нужны мощности)
msg-15718,8613,CONTEXT_ONLY,CONTEXT_ONLY,False,0,75≈
msg-15719,8612,CONTEXT_ONLY,CONTEXT_ONLY,False,0,Мне 30 чел
msg-15720,8610,CONTEXT_ONLY,CONTEXT_ONLY,False,0,Я за
msg-15722,8608,CONTEXT_ONLY,CONTEXT_ONLY,False,0,Давай без разговоров
msg-15725,8605,CONTEXT_ONLY,CONTEXT_ONLY,False,0,Я тоже
msg-15726,8604,CONTEXT_ONLY,CONTEXT_ONLY,False,0,Чем заниматься будем?
msg-15728,8602,CONTEXT_ONLY,CONTEXT_ONLY,False,0,Он школьник...
msg-15729,8601,CONTEXT_ONLY,CONTEXT_ONLY,False,0,Извини меня бро
msg-15730,8600,CONTEXT_ONLY,CONTEXT_ONLY,False,0,да там геи сидят
msg-15732,8597,CONTEXT_ONLY,CONTEXT_ONLY,False,0,где генерал
msg-15739,8590,CONTEXT_ONLY,CONTEXT_ONLY,False,0,До скольки интересно
msg-15740,8589,CONTEXT_ONLY,CONTEXT_ONLY,False,0,Ебать Солана летит
msg-15742,8588,CONTEXT_ONLY,CONTEXT_ONLY,False,0,Пусть все купят
msg-15743,8587,CONTEXT_ONLY,CONTEXT_ONLY,False,0,Дожимаем
msg-15744,8585,CONTEXT_ONLY,CONTEXT_ONLY,False,0,Зовем питерских
msg-15745,8584,CONTEXT_ONLY,CONTEXT_ONLY,False,0,Давай родная
msg-15747,8581,CONTEXT_ONLY,CONTEXT_ONLY,False,0,от инсайдера
msg-15748,8582,CONTEXT_ONLY,CONTEXT_ONLY,False,0,"73,65"
msg-15752,8573,CONTEXT_ONLY,CONTEXT_ONLY,False,0,тригерите кибер абуз
msg-15753,8572,CONTEXT_ONLY,CONTEXT_ONLY,False,0,кайфово
msg-15756,8574,CONTEXT_ONLY,CONTEXT_ONLY,False,0,😁это я
msg-15765,8562,CONTEXT_ONLY,CONTEXT_ONLY,False,0,Или переобулся ?
msg-15768,8560,CONTEXT_ONLY,CONTEXT_ONLY,False,0,На хуидора
msg-15771,8555,CONTEXT_ONLY,CONTEXT_ONLY,False,0,Codex CLI
msg-15774,8552,CONTEXT_ONLY,CONTEXT_ONLY,False,0,OpenCode - название
msg-15776,8551,CONTEXT_ONLY,CONTEXT_ONLY,False,0,Уже лучше
msg-15777,8549,CONTEXT_ONLY,CONTEXT_ONLY,False,0,)
msg-15778,8547,CONTEXT_ONLY,CONTEXT_ONLY,False,0,ты говоришь CLI
msg-15779,8546,CONTEXT_ONLY,CONTEXT_ONLY,False,0,я же писал выше
msg-15781,8544,CONTEXT_ONLY,CONTEXT_ONLY,False,0,"кодекс, гпт"
msg-15784,8541,CONTEXT_ONLY,CONTEXT_ONLY,False,0,ждем запись крч
msg-15785,8539,CONTEXT_ONLY,CONTEXT_ONLY,False,0,На пидора ?
msg-15786,8538,CONTEXT_ONLY,CONTEXT_ONLY,False,0,да
msg-15787,8536,CONTEXT_ONLY,CONTEXT_ONLY,False,0,вот этот?
msg-15788,8535,CONTEXT_ONLY,CONTEXT_ONLY,False,0,и все CLI
msg-15789,8534,CONTEXT_ONLY,CONTEXT_ONLY,False,0,PowerShell
msg-15792,8531,CONTEXT_ONLY,CONTEXT_ONLY,False,0,ебем
msg-15793,8530,CONTEXT_ONLY,CONTEXT_ONLY,False,0,лил лизун?
msg-15794,8529,CONTEXT_ONLY,CONTEXT_ONLY,False,0,штук 300
msg-15795,8528,CONTEXT_ONLY,CONTEXT_ONLY,False,0,этих твоих кли
msg-15797,8526,CONTEXT_ONLY,CONTEXT_ONLY,False,0,mac codex desktop
msg-15798,8525,CONTEXT_ONLY,CONTEXT_ONLY,False,0,название инструмента
msg-15800,8524,CONTEXT_ONLY,CONTEXT_ONLY,False,0,Что за акула
msg-15801,8521,CONTEXT_ONLY,CONTEXT_ONLY,False,0,codex desktop
msg-15803,8520,CONTEXT_ONLY,CONTEXT_ONLY,False,0,нет
msg-15805,8516,CONTEXT_ONLY,CONTEXT_ONLY,False,0,Powershell
msg-15806,8510,CONTEXT_ONLY,CONTEXT_ONLY,False,0,"Shell CLI,"
msg-15807,8508,CONTEXT_ONLY,CONTEXT_ONLY,False,0,Шорт
msg-15808,8507,CONTEXT_ONLY,CONTEXT_ONLY,False,0,а название инструмента
msg-15809,8506,CONTEXT_ONLY,CONTEXT_ONLY,False,0,Сиськи.
msg-15810,8504,CONTEXT_ONLY,CONTEXT_ONLY,False,0,кли
msg-15811,8505,CONTEXT_ONLY,CONTEXT_ONLY,False,0,Надеемся
msg-15812,8503,CONTEXT_ONLY,CONTEXT_ONLY,False,0,Верим
msg-15814,8501,CONTEXT_ONLY,CONTEXT_ONLY,False,0,кли
msg-15815,8500,CONTEXT_ONLY,CONTEXT_ONLY,False,0,Что не долго
msg-15816,8499,CONTEXT_ONLY,CONTEXT_ONLY,False,0,?
msg-15817,8498,CONTEXT_ONLY,CONTEXT_ONLY,False,0,"инструмент,"
msg-15825,8490,CONTEXT_ONLY,CONTEXT_ONLY,False,0,хотелось бы
msg-15828,8487,CONTEXT_ONLY,CONTEXT_ONLY,False,0,а кто его знает?
msg-15829,8486,CONTEXT_ONLY,CONTEXT_ONLY,False,0,76.8
msg-15831,8483,CONTEXT_ONLY,CONTEXT_ONLY,False,0,а проблема собственно в чем
msg-15832,8484,CONTEXT_ONLY,CONTEXT_ONLY,False,0,76
msg-15833,8482,CONTEXT_ONLY,CONTEXT_ONLY,False,0,Итс овер…..
msg-15835,8480,CONTEXT_ONLY,CONTEXT_ONLY,False,0,74?)))
msg-15837,8479,CONTEXT_ONLY,CONTEXT_ONLY,False,0,чуть ниже
msg-15838,8478,CONTEXT_ONLY,CONTEXT_ONLY,False,0,Тейк на 77?
msg-15839,8475,CONTEXT_ONLY,CONTEXT_ONLY,False,0,от 72.37
msg-15842,8461,CONTEXT_ONLY,CONTEXT_ONLY,False,1,/pay@Asati_soft_bot
msg-15852,8441,CONTEXT_ONLY,CONTEXT_ONLY,False,0,отсылка к ftx?
msg-15854,8410,CONTEXT_ONLY,CONTEXT_ONLY,False,0,И лудомания
msg-15856,8411,NEEDS_ENRICHMENT,CONTEXT_ONLY,False,1,https://www.cerebras.ai/
msg-15857,8442,CONTEXT_ONLY,CONTEXT_ONLY,False,0,Звучит годно
msg-15859,8414,CONTEXT_ONLY,CONTEXT_ONLY,False,0,да
msg-15861,8443,CONTEXT_ONLY,CONTEXT_ONLY,False,0,/start
msg-15864,8440,CONTEXT_ONLY,CONTEXT_ONLY,False,0,.
msg-15867,8436,CONTEXT_ONLY,CONTEXT_ONLY,False,0,бл
msg-15868,8435,CONTEXT_ONLY,CONTEXT_ONLY,False,0,заебали
msg-15870,8433,NEEDS_ENRICHMENT,CONTEXT_ONLY,False,1,https://t.me/+5awBKRFVGDc2NDFk
msg-15872,8431,CONTEXT_ONLY,ATTACH_AS_CORROBORATING_EVIDENCE,False,0,"видимо нет, хм"
msg-15875,8428,CONTEXT_ONLY,ATTACH_AS_CORROBORATING_EVIDENCE,False,0,где все обсуждалось
msg-15878,8423,CONTEXT_ONLY,ATTACH_AS_CORROBORATING_EVIDENCE,False,0,сейчас пришлю
msg-15883,8418,CONTEXT_ONLY,ATTACH_AS_CORROBORATING_EVIDENCE,False,0,Привет
msg-15884,8417,CONTEXT_ONLY,ATTACH_AS_CORROBORATING_EVIDENCE,False,0,Как
msg-15886,8415,CONTEXT_ONLY,ATTACH_AS_CORROBORATING_EVIDENCE,False,0,"привет, что интересует?"
msg-15891,8363,CONTEXT_ONLY,CONTEXT_ONLY,False,0,спасибо!
msg-15899,8376,CONTEXT_ONLY,CONTEXT_ONLY,False,0,ехехехе хорош
msg-15907,8388,CONTEXT_ONLY,CONTEXT_ONLY,False,0,"знаю, юзаю, шарю"
msg-15913,8387,CONTEXT_ONLY,CONTEXT_ONLY,False,0,Да
msg-15918,8359,CONTEXT_ONLY,ATTACH_AS_CORROBORATING_EVIDENCE,False,0,спс
msg-15921,8381,CONTEXT_ONLY,CONTEXT_ONLY,False,0,в этом весь мем)
msg-15923,8357,CONTEXT_ONLY,CONTEXT_ONLY,False,0,или ют
msg-15924,8356,CONTEXT_ONLY,CONTEXT_ONLY,False,0,тт
msg-15926,8354,CONTEXT_ONLY,CONTEXT_ONLY,False,0,бро
msg-15929,8364,CONTEXT_ONLY,CONTEXT_ONLY,False,0,нет
msg-15933,8353,CONTEXT_ONLY,CONTEXT_ONLY,False,0,Приветствую добропорядочный люд
msg-15934,8351,CONTEXT_ONLY,CONTEXT_ONLY,False,0,мне еще дивиденты выплатили
msg-15935,8350,CONTEXT_ONLY,CONTEXT_ONLY,False,0,Здарова брательник
msg-15936,8349,CONTEXT_ONLY,CONTEXT_ONLY,False,0,и вышел в +
msg-15938,8347,CONTEXT_ONLY,CONTEXT_ONLY,False,0,Пиздец там снизу
msg-15941,8344,CONTEXT_ONLY,CONTEXT_ONLY,False,0,потому что ушли в минус
msg-15945,8340,CONTEXT_ONLY,CONTEXT_ONLY,False,0,дик)
msg-15947,8338,CONTEXT_ONLY,CONTEXT_ONLY,False,0,Дик?
msg-15948,8337,CONTEXT_ONLY,CONTEXT_ONLY,False,0,купил положил жди
msg-15950,8335,CONTEXT_ONLY,CONTEXT_ONLY,False,0,ей вообще похуй
msg-15951,8333,CONTEXT_ONLY,CONTEXT_ONLY,False,0,че покупал?
msg-15952,8332,CONTEXT_ONLY,CONTEXT_ONLY,False,0,они скучные
msg-15956,8328,CONTEXT_ONLY,CONTEXT_ONLY,False,0,ХД
msg-15958,8324,CONTEXT_ONLY,ATTACH_AS_CORROBORATING_EVIDENCE,False,0,еще допиливаю его
msg-15964,8319,CONTEXT_ONLY,CONTEXT_ONLY,False,0,лудики
msg-15965,8316,CONTEXT_ONLY,ATTACH_AS_CORROBORATING_EVIDENCE,False,1,@ozerov_maxim вопрос актуален
msg-15966,8318,CONTEXT_ONLY,CONTEXT_ONLY,False,0,никто
msg-15967,8317,CONTEXT_ONLY,CONTEXT_ONLY,False,0,кто в лонгах стоит?
msg-15969,8315,CONTEXT_ONLY,CONTEXT_ONLY,False,0,дождик идет
msg-15970,8313,CONTEXT_ONLY,ATTACH_AS_CORROBORATING_EVIDENCE,False,0,Да
msg-15974,8310,CONTEXT_ONLY,CONTEXT_ONLY,False,0,Падает
msg-15975,8309,CONTEXT_ONLY,CONTEXT_ONLY,False,0,И подуйте на биток
msg-15978,8305,CONTEXT_ONLY,CONTEXT_ONLY,False,0,Позже сам напишу
msg-15982,8300,CONTEXT_ONLY,CONTEXT_ONLY,False,0,мб в лс пойдём?
msg-15988,8292,CONTEXT_ONLY,CONTEXT_ONLY,False,0,"Опа ,пробужденный"
msg-15989,8290,CONTEXT_ONLY,ATTACH_AS_CORROBORATING_EVIDENCE,False,0,А какой адрес?
msg-15999,8281,CONTEXT_ONLY,CONTEXT_ONLY,False,0,где ты это вычитал?
msg-16001,8279,CONTEXT_ONLY,CONTEXT_ONLY,False,0,мем
msg-16004,8276,CONTEXT_ONLY,CONTEXT_ONLY,False,0,3 миллиарда минимум
msg-16007,8273,CONTEXT_ONLY,CONTEXT_ONLY,False,0,"Вот да, это тоже"
msg-16011,8269,CONTEXT_ONLY,CONTEXT_ONLY,False,0,Как называются эти паразиты?
msg-16013,8267,CONTEXT_ONLY,CONTEXT_ONLY,False,0,и они постоянно их добавляют
msg-16017,8263,CONTEXT_ONLY,CONTEXT_ONLY,False,0,Знает кто?
msg-16019,8261,CONTEXT_ONLY,CONTEXT_ONLY,False,0,все чуть по другому
msg-16022,8258,CONTEXT_ONLY,CONTEXT_ONLY,False,0,там человека 4 отличились умом
msg-16035,8245,CONTEXT_ONLY,CONTEXT_ONLY,False,0,Это я если что про политику только
msg-16039,8240,CONTEXT_ONLY,CONTEXT_ONLY,False,0,из-за жидов
msg-16042,8237,CONTEXT_ONLY,CONTEXT_ONLY,False,0,ХД
msg-16043,8236,CONTEXT_ONLY,CONTEXT_ONLY,False,0,интервью...
msg-16046,8234,CONTEXT_ONLY,CONTEXT_ONLY,False,0,Где он это сказал?
msg-16050,8229,CONTEXT_ONLY,CONTEXT_ONLY,False,0,онет
msg-16053,8226,CONTEXT_ONLY,CONTEXT_ONLY,False,0,терпим подписаться
msg-16054,8225,CONTEXT_ONLY,CONTEXT_ONLY,False,0,че думаете
msg-16056,8223,CONTEXT_ONLY,CONTEXT_ONLY,False,0,за 100 лет
msg-16059,8220,CONTEXT_ONLY,CONTEXT_ONLY,False,0,я правильно сделал???
msg-16062,8217,CONTEXT_ONLY,CONTEXT_ONLY,False,0,Я еще не зашел
msg-16066,8213,CONTEXT_ONLY,CONTEXT_ONLY,False,0,Ты че ахуел?
msg-16068,8211,CONTEXT_ONLY,CONTEXT_ONLY,False,0,о чем речь
msg-16069,8210,CONTEXT_ONLY,CONTEXT_ONLY,False,0,сотрудничать
msg-16070,8208,CONTEXT_ONLY,CONTEXT_ONLY,False,0,к банкирам блять
msg-16074,8205,CONTEXT_ONLY,CONTEXT_ONLY,False,0,Переведи
msg-16075,8203,CONTEXT_ONLY,CONTEXT_ONLY,False,0,Я такого не говорил
msg-16076,8202,CONTEXT_ONLY,CONTEXT_ONLY,False,0,покупателя нет
msg-16080,8198,CONTEXT_ONLY,CONTEXT_ONLY,False,0,Придумываешь костыли постоянно
msg-16081,8197,CONTEXT_ONLY,CONTEXT_ONLY,False,0,Они не увеличили они усложнили все
msg-16082,8196,CONTEXT_ONLY,CONTEXT_ONLY,False,0,Президент как тебе помог тут
msg-16083,8195,CONTEXT_ONLY,CONTEXT_ONLY,False,0,Стала же затмило все
msg-16087,8192,CONTEXT_ONLY,CONTEXT_ONLY,False,0,Я попозже зайду пожалуй
msg-16089,8190,CONTEXT_ONLY,CONTEXT_ONLY,False,0,Упадем
msg-16090,8189,CONTEXT_ONLY,CONTEXT_ONLY,False,0,Урдаем
msg-16092,8186,CONTEXT_ONLY,CONTEXT_ONLY,False,0,хочется движухи)
msg-16093,8185,CONTEXT_ONLY,CONTEXT_ONLY,False,0,3ндфл
msg-16094,8184,CONTEXT_ONLY,CONTEXT_ONLY,False,0,2ндфл
msg-16096,8182,CONTEXT_ONLY,CONTEXT_ONLY,False,0,ку
msg-16098,8180,CONTEXT_ONLY,CONTEXT_ONLY,False,0,Здравствуйте.
msg-16100,8178,CONTEXT_ONLY,CONTEXT_ONLY,False,0,🥺🥺🥺🥺🥺🥺🥺🥺🥺🥺
msg-16102,8176,CONTEXT_ONLY,CONTEXT_ONLY,False,0,рассия для грустных....
msg-16103,8175,CONTEXT_ONLY,CONTEXT_ONLY,False,0,иначе никак
msg-16104,8174,CONTEXT_ONLY,CONTEXT_ONLY,False,0,100+ сообщений
msg-16106,8172,CONTEXT_ONLY,CONTEXT_ONLY,False,0,Писать
msg-16107,8171,CONTEXT_ONLY,CONTEXT_ONLY,False,0,Так
msg-16108,8170,CONTEXT_ONLY,CONTEXT_ONLY,False,0,Постояноо
msg-16109,8169,CONTEXT_ONLY,CONTEXT_ONLY,False,0,Надо
msg-16110,8168,CONTEXT_ONLY,CONTEXT_ONLY,False,0,Не
msg-16111,8167,CONTEXT_ONLY,CONTEXT_ONLY,False,0,Бро
msg-16112,8166,CONTEXT_ONLY,CONTEXT_ONLY,False,0,просто
msg-16114,8164,CONTEXT_ONLY,CONTEXT_ONLY,False,0,хыавхаыхвхавхыаы
msg-16115,8163,CONTEXT_ONLY,CONTEXT_ONLY,False,0,)))
msg-16116,8162,CONTEXT_ONLY,CONTEXT_ONLY,False,0,у таджиков кста
msg-16117,8161,CONTEXT_ONLY,CONTEXT_ONLY,False,0,пару коров убили
msg-16118,8160,CONTEXT_ONLY,CONTEXT_ONLY,False,0,там вирус был
msg-16120,8158,CONTEXT_ONLY,CONTEXT_ONLY,False,0,рейдж на таджиков
msg-16122,8156,CONTEXT_ONLY,CONTEXT_ONLY,False,0,Так паковали или нет
msg-16123,8155,CONTEXT_ONLY,CONTEXT_ONLY,False,0,Но паковали
msg-16126,8152,CONTEXT_ONLY,CONTEXT_ONLY,False,0,это чисто биомасса животная
msg-16127,8151,CONTEXT_ONLY,CONTEXT_ONLY,False,0,так ватники так и живут же)
msg-16130,8148,CONTEXT_ONLY,CONTEXT_ONLY,False,0,во как
msg-16133,8145,CONTEXT_ONLY,CONTEXT_ONLY,False,0,ты амеба крч
msg-16134,8144,CONTEXT_ONLY,CONTEXT_ONLY,False,0,О чем ты
msg-16136,8141,CONTEXT_ONLY,CONTEXT_ONLY,False,0,любим путина
msg-16137,8140,CONTEXT_ONLY,CONTEXT_ONLY,False,0,поддержать путина
msg-16138,8139,CONTEXT_ONLY,CONTEXT_ONLY,False,0,да понятно
msg-16139,8138,CONTEXT_ONLY,CONTEXT_ONLY,False,0,Буквально преступники
msg-16146,8131,CONTEXT_ONLY,CONTEXT_ONLY,False,0,Че вот комментировать
msg-16147,8130,CONTEXT_ONLY,CONTEXT_ONLY,False,0,против кого выйти
msg-16148,8129,CONTEXT_ONLY,CONTEXT_ONLY,False,0,Действующую власть
msg-16150,8127,CONTEXT_ONLY,CONTEXT_ONLY,False,0,)))
msg-16151,8126,CONTEXT_ONLY,CONTEXT_ONLY,False,0,в италии
msg-16152,8125,CONTEXT_ONLY,CONTEXT_ONLY,False,0,матушка русь
msg-16154,8123,CONTEXT_ONLY,CONTEXT_ONLY,False,0,включают
msg-16155,8122,CONTEXT_ONLY,CONTEXT_ONLY,False,0,а потом такие полупокеры
msg-16156,8121,CONTEXT_ONLY,CONTEXT_ONLY,False,0,подсистемник
msg-16157,8118,CONTEXT_ONLY,CONTEXT_ONLY,False,0,Система она такая
msg-16158,8117,CONTEXT_ONLY,CONTEXT_ONLY,False,0,казни таксистов
msg-16159,8116,CONTEXT_ONLY,CONTEXT_ONLY,False,0,там вообще угар
msg-16160,8115,CONTEXT_ONLY,CONTEXT_ONLY,False,0,забейте
msg-16163,8113,CONTEXT_ONLY,CONTEXT_ONLY,False,0,ему только торговать
msg-16165,8111,CONTEXT_ONLY,CONTEXT_ONLY,False,0,ему похуй
msg-16170,8106,CONTEXT_ONLY,CONTEXT_ONLY,False,0,на забитый скот
msg-16171,8105,CONTEXT_ONLY,CONTEXT_ONLY,False,0,на все что творится
msg-16173,8103,CONTEXT_ONLY,CONTEXT_ONLY,False,0,🤪🤪🤪🤪🤪🤪🤪🤪
msg-16179,8097,CONTEXT_ONLY,CONTEXT_ONLY,False,0,"Изменил, перепутал там"
msg-16181,8095,CONTEXT_ONLY,CONTEXT_ONLY,False,0,я понял
msg-16182,8094,CONTEXT_ONLY,CONTEXT_ONLY,False,0,а тебя сво не касается
msg-16183,8092,CONTEXT_ONLY,CONTEXT_ONLY,False,0,плохо
msg-16184,8093,CONTEXT_ONLY,CONTEXT_ONLY,False,0,июльский лонг начался
msg-16186,8090,CONTEXT_ONLY,CONTEXT_ONLY,False,0,ты из этих
msg-16189,8087,CONTEXT_ONLY,CONTEXT_ONLY,False,0,ты не патриот
msg-16190,8086,CONTEXT_ONLY,CONTEXT_ONLY,False,0,пул заберешь и хватит
msg-16191,8085,CONTEXT_ONLY,CONTEXT_ONLY,False,0,а да
msg-16192,8084,CONTEXT_ONLY,CONTEXT_ONLY,False,0,66 тп ставь
msg-16193,8083,CONTEXT_ONLY,CONTEXT_ONLY,False,0,ты такого поддерживаешь?
msg-16194,8082,CONTEXT_ONLY,CONTEXT_ONLY,False,0,Которыми я пользуюсь
msg-16196,8081,CONTEXT_ONLY,CONTEXT_ONLY,False,0,на данный момент
msg-16197,8079,CONTEXT_ONLY,CONTEXT_ONLY,False,0,и нихуя не делать
msg-16198,8078,CONTEXT_ONLY,CONTEXT_ONLY,False,0,И кучу ништяков
msg-16199,8077,CONTEXT_ONLY,CONTEXT_ONLY,False,0,прогнуться под элиты
msg-16200,8076,CONTEXT_ONLY,CONTEXT_ONLY,False,0,политика путина
msg-16202,8074,CONTEXT_ONLY,CONTEXT_ONLY,False,0,неа
msg-16203,8073,CONTEXT_ONLY,CONTEXT_ONLY,False,0,Обманули
msg-16204,8072,CONTEXT_ONLY,CONTEXT_ONLY,False,0,👍👍👍👍👍
msg-16206,8067,CONTEXT_ONLY,ATTACH_AS_CORROBORATING_EVIDENCE,False,0,у меня с утра всё ворк
msg-16208,8069,CONTEXT_ONLY,CONTEXT_ONLY,False,0,Именно так
msg-16209,8068,CONTEXT_ONLY,CONTEXT_ONLY,False,0,Уахахахах
msg-16212,8064,CONTEXT_ONLY,CONTEXT_ONLY,False,0,Он молодец
msg-16213,8057,CONTEXT_ONLY,ATTACH_AS_CORROBORATING_EVIDENCE,False,0,Ура ура заработало
msg-16215,8062,CONTEXT_ONLY,CONTEXT_ONLY,False,0,😳👍
msg-16216,8061,CONTEXT_ONLY,CONTEXT_ONLY,False,0,мертвый чел
msg-16220,8056,CONTEXT_ONLY,CONTEXT_ONLY,False,0,Чувак
msg-16221,8055,CONTEXT_ONLY,CONTEXT_ONLY,False,0,что подобные люди
msg-16222,8054,CONTEXT_ONLY,CONTEXT_ONLY,False,0,ну вы все увидили
msg-16223,8053,CONTEXT_ONLY,CONTEXT_ONLY,False,0,понятно
msg-16224,8052,CONTEXT_ONLY,CONTEXT_ONLY,False,0,токмачка кто это)
msg-16227,8049,CONTEXT_ONLY,CONTEXT_ONLY,False,0,пиздец
msg-16230,8046,CONTEXT_ONLY,CONTEXT_ONLY,False,0,вот и топит
msg-16231,8045,CONTEXT_ONLY,CONTEXT_ONLY,False,0,Каких львов
msg-16234,8042,CONTEXT_ONLY,CONTEXT_ONLY,False,0,Вы Львов хуярили?..
msg-16235,8041,CONTEXT_ONLY,CONTEXT_ONLY,False,0,что там происходит
msg-16237,8039,CONTEXT_ONLY,CONTEXT_ONLY,False,0,видишь
msg-16239,8038,CONTEXT_ONLY,CONTEXT_ONLY,False,0,Кто это ?
msg-16243,8033,CONTEXT_ONLY,CONTEXT_ONLY,False,0,Жёстко
msg-16245,8031,CONTEXT_ONLY,CONTEXT_ONLY,False,0,по сол
msg-16247,8029,CONTEXT_ONLY,CONTEXT_ONLY,False,0,до 66
msg-16248,8028,CONTEXT_ONLY,CONTEXT_ONLY,False,0,Ну...
msg-16249,8027,CONTEXT_ONLY,CONTEXT_ONLY,False,0,пошла укатка
msg-16252,8024,CONTEXT_ONLY,CONTEXT_ONLY,False,0,что ты делал
msg-16254,8022,CONTEXT_ONLY,CONTEXT_ONLY,False,0,а где ты был
msg-16255,8021,CONTEXT_ONLY,CONTEXT_ONLY,False,0,и доставочка
msg-16260,8016,CONTEXT_ONLY,CONTEXT_ONLY,False,0,без рофлов
msg-16265,8011,CONTEXT_ONLY,CONTEXT_ONLY,False,0,Сегодня тут завтра там
msg-16266,8010,CONTEXT_ONLY,CONTEXT_ONLY,False,0,А мне похуй
msg-16268,8008,CONTEXT_ONLY,CONTEXT_ONLY,False,0,Поэтому не едет
msg-16271,8005,CONTEXT_ONLY,CONTEXT_ONLY,False,0,ХД
msg-16272,8004,CONTEXT_ONLY,CONTEXT_ONLY,False,0,)))
msg-16276,7999,CONTEXT_ONLY,CONTEXT_ONLY,False,0,Ты про Позднякова?
msg-16278,7984,CONTEXT_ONLY,CONTEXT_ONLY,False,0,ахахах
msg-16280,7928,CONTEXT_ONLY,CONTEXT_ONLY,False,0,.
msg-16282,7975,CONTEXT_ONLY,CONTEXT_ONLY,False,0,омнироутер
msg-16287,7871,CONTEXT_ONLY,CONTEXT_ONLY,False,0,error terminal
msg-16288,7870,CONTEXT_ONLY,CONTEXT_ONLY,False,0,Не выбивает как в opencode?
msg-16290,7869,CONTEXT_ONLY,CONTEXT_ONLY,False,0,factory.ai
msg-16291,7868,CONTEXT_ONLY,CONTEXT_ONLY,False,0,factory droid
msg-16292,7867,CONTEXT_ONLY,CONTEXT_ONLY,False,0,Droid ?
msg-16293,7866,CONTEXT_ONLY,CONTEXT_ONLY,False,0,Так и называется?
msg-16294,7865,CONTEXT_ONLY,CONTEXT_ONLY,False,0,дроид юзаю
msg-16295,7864,CONTEXT_ONLY,CONTEXT_ONLY,False,0,А ты через что работаешь?
msg-16298,7861,CONTEXT_ONLY,CONTEXT_ONLY,False,0,и мимо
msg-16299,7860,CONTEXT_ONLY,CONTEXT_ONLY,False,0,глм и опус
msg-16301,7858,CONTEXT_ONLY,CONTEXT_ONLY,False,0,расходы имеешь ввиду?
msg-16303,7856,CONTEXT_ONLY,CONTEXT_ONLY,False,0,"Лев , мы все тут такие)"
msg-16305,7808,CONTEXT_ONLY,CONTEXT_ONLY,False,0,Ехал поездом в Тбилиси
msg-16308,7853,CONTEXT_ONLY,CONTEXT_ONLY,False,0,?
msg-16309,7926,CONTEXT_ONLY,ATTACH_AS_CORROBORATING_EVIDENCE,False,0,10 бля
msg-16310,7925,CONTEXT_ONLY,ATTACH_AS_CORROBORATING_EVIDENCE,False,0,Хз
msg-16311,7924,SIGNAL_ONLY,CONTEXT_ONLY,False,1,Opus 5
msg-16312,7923,CONTEXT_ONLY,ATTACH_AS_CORROBORATING_EVIDENCE,False,0,🧨💥
msg-16313,7922,CONTEXT_ONLY,ATTACH_AS_CORROBORATING_EVIDENCE,False,0,1
msg-16314,7921,CONTEXT_ONLY,ATTACH_AS_CORROBORATING_EVIDENCE,False,0,2
msg-16315,7920,CONTEXT_ONLY,ATTACH_AS_CORROBORATING_EVIDENCE,False,0,Gpt 3
msg-16317,7917,CONTEXT_ONLY,ATTACH_AS_CORROBORATING_EVIDENCE,False,0,рубрика угадай модель
msg-16321,7849,CONTEXT_ONLY,CONTEXT_ONLY,False,0,у тебя нет ошибок
msg-16326,7887,CONTEXT_ONLY,CONTEXT_ONLY,False,0,Вроде
msg-16331,7841,CONTEXT_ONLY,CONTEXT_ONLY,False,0,на 4 перехожу
msg-16334,7998,CONTEXT_ONLY,CONTEXT_ONLY,False,1,@amdmszQAQ и в профиле сайт будет
msg-16335,7997,CONTEXT_ONLY,CONTEXT_ONLY,False,0,Скинь в лс пж
msg-16336,7996,CONTEXT_ONLY,CONTEXT_ONLY,False,0,вроде все гуд было
msg-16337,7995,CONTEXT_ONLY,CONTEXT_ONLY,False,0,ну должен быть
msg-16340,7993,CONTEXT_ONLY,CONTEXT_ONLY,False,0,Кидай
msg-16341,7992,CONTEXT_ONLY,CONTEXT_ONLY,False,0,напиши в лс
msg-16342,7991,CONTEXT_ONLY,CONTEXT_ONLY,False,0,точно точно
msg-16343,7990,CONTEXT_ONLY,CONTEXT_ONLY,False,0,у кого
msg-16344,7989,CONTEXT_ONLY,CONTEXT_ONLY,False,0,А у него точно клод?)
msg-16345,7968,CONTEXT_ONLY,CONTEXT_ONLY,False,0,было бы угарно
msg-16347,7915,CONTEXT_ONLY,ATTACH_AS_CORROBORATING_EVIDENCE,False,0,что это
msg-16348,7967,CONTEXT_ONLY,CONTEXT_ONLY,False,0,И все заработало
msg-16352,7913,MANUAL_REVIEW,ATTACH_AS_CORROBORATING_EVIDENCE,False,0,инвайт есть у кого?
msg-16361,7885,CONTEXT_ONLY,CONTEXT_ONLY,False,0,От всех причастных
msg-16365,7884,CONTEXT_ONLY,CONTEXT_ONLY,False,0,от кого
msg-16367,7911,CONTEXT_ONLY,ATTACH_AS_CORROBORATING_EVIDENCE,False,0,дико согласен
msg-16371,7908,CONTEXT_ONLY,CONTEXT_ONLY,False,0,Вот вроде интересные
msg-16376,7811,CONTEXT_ONLY,CONTEXT_ONLY,False,0,ну умора
msg-16379,7837,CONTEXT_ONLY,CONTEXT_ONLY,False,0,2007
msg-16387,7902,CONTEXT_ONLY,CONTEXT_ONLY,False,0,или от 5к
msg-16388,7901,CONTEXT_ONLY,CONTEXT_ONLY,False,0,там от 3к помоему
msg-16389,7883,CONTEXT_ONLY,CONTEXT_ONLY,False,0,Ответа нет?
msg-16395,7897,CONTEXT_ONLY,CONTEXT_ONLY,False,0,когоооооо
msg-16396,7833,CONTEXT_ONLY,CONTEXT_ONLY,False,0,Верните мой 2025…
msg-16399,7896,CONTEXT_ONLY,CONTEXT_ONLY,False,0,а чем он ахуенен?
msg-16400,7895,CONTEXT_ONLY,CONTEXT_ONLY,False,0,это и называется агент в целом
msg-16401,7894,CONTEXT_ONLY,CONTEXT_ONLY,False,0,но без cj
msg-16402,7893,CONTEXT_ONLY,CONTEXT_ONLY,False,0,cli
msg-16403,7892,CONTEXT_ONLY,CONTEXT_ONLY,False,0,агент?
msg-16409,7827,CONTEXT_ONLY,CONTEXT_ONLY,False,0,Простой ответ — никак
msg-16413,7889,CONTEXT_ONLY,CONTEXT_ONLY,False,0,с таким прайсом
msg-16424,7882,CONTEXT_ONLY,CONTEXT_ONLY,False,0,хз
msg-16427,7880,CONTEXT_ONLY,CONTEXT_ONLY,False,0,мб там счет будет?
msg-16429,7879,CONTEXT_ONLY,CONTEXT_ONLY,False,0,да
msg-16430,7878,CONTEXT_ONLY,CONTEXT_ONLY,False,0,думаешь рил?
msg-16431,7877,CONTEXT_ONLY,CONTEXT_ONLY,False,0,сбп
msg-16432,7876,CONTEXT_ONLY,CONTEXT_ONLY,False,1,кинул @bannnnnnsjdbdj
msg-16433,7875,CONTEXT_ONLY,CONTEXT_ONLY,False,0,что это бро?
msg-16436,7802,CONTEXT_ONLY,CONTEXT_ONLY,False,0,ТУДА
msg-16437,7801,CONTEXT_ONLY,CONTEXT_ONLY,False,0,АХАХАХАХАХАХАХА
msg-16445,7935,CONTEXT_ONLY,ATTACH_AS_CORROBORATING_EVIDENCE,False,0,очень сомнительно
msg-16458,7848,CONTEXT_ONLY,CONTEXT_ONLY,False,0,че у них там с проксями?
msg-16460,7846,CONTEXT_ONLY,CONTEXT_ONLY,False,0,И без кеша
msg-16463,7843,CONTEXT_ONLY,CONTEXT_ONLY,False,0,Тайминги ловишь😁
msg-16470,7795,CONTEXT_ONLY,CONTEXT_ONLY,False,0,а у меня
msg-16472,7789,CONTEXT_ONLY,CONTEXT_ONLY,False,0,алло
msg-16475,7792,CONTEXT_ONLY,CONTEXT_ONLY,False,0,Пасиба брат
msg-16479,7786,CONTEXT_ONLY,CONTEXT_ONLY,False,0,хммм
msg-16485,7778,CONTEXT_ONLY,CONTEXT_ONLY,False,0,Дай акк
msg-16486,7779,CONTEXT_ONLY,CONTEXT_ONLY,False,0,"и че, прям работает?"
msg-16487,7777,CONTEXT_ONLY,CONTEXT_ONLY,False,0,случайно
msg-16489,7775,CONTEXT_ONLY,CONTEXT_ONLY,False,0,+
msg-16490,7770,CONTEXT_ONLY,CONTEXT_ONLY,False,0,Это же просто обертка
msg-16491,7771,CONTEXT_ONLY,CONTEXT_ONLY,False,0,"бля, ты прав)"
msg-16492,7773,CONTEXT_ONLY,CONTEXT_ONLY,False,0,ахахах
msg-16494,7769,CONTEXT_ONLY,CONTEXT_ONLY,False,0,В стиме есть ?
msg-16503,7761,CONTEXT_ONLY,CONTEXT_ONLY,False,0,почти
msg-16506,7759,REJECT_SAFE,CONTEXT_ONLY,False,0,мне кажется или это бан?)
msg-16515,7748,CONTEXT_ONLY,CONTEXT_ONLY,False,0,да ни с чего
msg-16517,7745,CONTEXT_ONLY,CONTEXT_ONLY,False,0,Это что такое?
msg-16522,7741,CONTEXT_ONLY,CONTEXT_ONLY,False,0,О я играл
msg-16523,7740,CONTEXT_ONLY,CONTEXT_ONLY,False,0,ебать реклама крутая
msg-16527,7734,CONTEXT_ONLY,CONTEXT_ONLY,False,0,ты?
msg-16530,7728,CONTEXT_ONLY,CONTEXT_ONLY,False,0,в чем яне прав
msg-16531,7727,CONTEXT_ONLY,CONTEXT_ONLY,False,0,Раз такое намечается
msg-16532,7726,CONTEXT_ONLY,CONTEXT_ONLY,False,0,Чем занимаешься?
msg-16533,7725,CONTEXT_ONLY,CONTEXT_ONLY,False,0,Отличные
msg-16534,7724,CONTEXT_ONLY,CONTEXT_ONLY,False,0,Братья я с вами тогда
msg-16535,7723,CONTEXT_ONLY,CONTEXT_ONLY,False,0,25?
msg-16536,7722,CONTEXT_ONLY,CONTEXT_ONLY,False,0,Какие дела?
msg-16538,7721,CONTEXT_ONLY,CONTEXT_ONLY,False,0,давай вместе подниматься 🤣
msg-16539,7720,CONTEXT_ONLY,CONTEXT_ONLY,False,0,"То, что нужно для трейдинга"
msg-16541,7718,CONTEXT_ONLY,CONTEXT_ONLY,False,0,"Молодой, горячий"
msg-16543,7715,CONTEXT_ONLY,CONTEXT_ONLY,False,0,а тебе сколько лет
msg-16544,7714,CONTEXT_ONLY,CONTEXT_ONLY,False,0,Лет 5
msg-16545,7713,CONTEXT_ONLY,CONTEXT_ONLY,False,0,аю
msg-16546,7712,CONTEXT_ONLY,CONTEXT_ONLY,False,0,Новичок
msg-16547,7711,CONTEXT_ONLY,CONTEXT_ONLY,False,0,Да мало я
msg-16548,7710,CONTEXT_ONLY,CONTEXT_ONLY,False,0,я бы запомнил
msg-16549,7709,CONTEXT_ONLY,CONTEXT_ONLY,False,0,нет другой
msg-16550,7708,CONTEXT_ONLY,CONTEXT_ONLY,False,0,Узбек на связи?
msg-16551,7707,CONTEXT_ONLY,CONTEXT_ONLY,False,0,Или кто-то другой
msg-16553,7704,CONTEXT_ONLY,CONTEXT_ONLY,False,0,Ты уже спрашивал
msg-16559,7697,CONTEXT_ONLY,CONTEXT_ONLY,False,0,((((((
msg-16560,7696,CONTEXT_ONLY,CONTEXT_ONLY,False,0,:(((((
msg-16562,7694,CONTEXT_ONLY,CONTEXT_ONLY,False,0,Хах как грустно будет
msg-16566,7690,CONTEXT_ONLY,CONTEXT_ONLY,False,0,Натягивается пружина
msg-16568,7688,CONTEXT_ONLY,CONTEXT_ONLY,False,0,Лонги пока ждут
msg-16569,7687,CONTEXT_ONLY,CONTEXT_ONLY,False,0,Все думали
msg-16570,7686,CONTEXT_ONLY,CONTEXT_ONLY,False,0,заебался ждать
msg-16571,7685,CONTEXT_ONLY,CONTEXT_ONLY,False,0,я зафиксил позы просто
msg-16573,7683,CONTEXT_ONLY,CONTEXT_ONLY,False,0,Да
msg-16574,7682,CONTEXT_ONLY,CONTEXT_ONLY,False,0,"Что случилось, лекса ликвиднуло?"
msg-16577,7679,CONTEXT_ONLY,CONTEXT_ONLY,False,0,ХД
msg-16583,7672,CONTEXT_ONLY,CONTEXT_ONLY,False,0,"ого,он проебал"
msg-16584,7670,CONTEXT_ONLY,CONTEXT_ONLY,False,0,так закалялалсь сталь
msg-16590,7664,CONTEXT_ONLY,CONTEXT_ONLY,False,0,го подниматься
msg-16591,7653,NEEDS_ENRICHMENT,CONTEXT_ONLY,False,1,https://app.reve.com
msg-16592,7663,CONTEXT_ONLY,CONTEXT_ONLY,False,0,Ну не все плохо
msg-16593,7662,CONTEXT_ONLY,CONTEXT_ONLY,False,0,так на изи
msg-16594,7661,CONTEXT_ONLY,CONTEXT_ONLY,False,0,А
msg-16596,7659,CONTEXT_ONLY,CONTEXT_ONLY,False,0,800
msg-16597,7658,CONTEXT_ONLY,CONTEXT_ONLY,False,0,У него все будет
msg-16599,7657,CONTEXT_ONLY,CONTEXT_ONLY,False,0,Будет
msg-16600,7656,CONTEXT_ONLY,CONTEXT_ONLY,False,0,давай еще раз
msg-16601,7655,CONTEXT_ONLY,CONTEXT_ONLY,False,1,500+-?
msg-16607,7644,CONTEXT_ONLY,ATTACH_AS_CORROBORATING_EVIDENCE,False,0,"Нет, что это?"
msg-16608,7646,CONTEXT_ONLY,CONTEXT_ONLY,False,0,нет часть отложил
msg-16609,7643,CONTEXT_ONLY,CONTEXT_ONLY,False,0,Бля
msg-16610,7645,CONTEXT_ONLY,CONTEXT_ONLY,False,0,Все 2к?
msg-16614,7639,CONTEXT_ONLY,CONTEXT_ONLY,False,0,на обуч
msg-16615,7638,CONTEXT_ONLY,CONTEXT_ONLY,False,0,прочти тетрадь смерти
msg-16616,7637,CONTEXT_ONLY,CONTEXT_ONLY,False,0,серверный айпи- абузер
msg-16619,7634,CONTEXT_ONLY,CONTEXT_ONLY,False,0,Бравл старс?
msg-16621,7632,CONTEXT_ONLY,CONTEXT_ONLY,False,0,не буду продолжать
msg-16623,7630,CONTEXT_ONLY,CONTEXT_ONLY,False,0,ладно
msg-16624,7628,CONTEXT_ONLY,CONTEXT_ONLY,False,0,АХАХАХАХАХ
msg-16625,7627,CONTEXT_ONLY,CONTEXT_ONLY,False,0,детектит меня как абузера
msg-16627,7626,CONTEXT_ONLY,CONTEXT_ONLY,False,0,так ты впн использовал?
msg-16629,7621,CONTEXT_ONLY,CONTEXT_ONLY,False,0,потом поработаю
msg-16636,7616,CONTEXT_ONLY,ATTACH_AS_CORROBORATING_EVIDENCE,False,0,А
msg-16638,7613,CONTEXT_ONLY,ATTACH_AS_CORROBORATING_EVIDENCE,False,0,он перепроверяет
msg-16643,7609,CONTEXT_ONLY,CONTEXT_ONLY,False,0,Поймешь что все хорошо у тебя
msg-16644,7608,CONTEXT_ONLY,CONTEXT_ONLY,False,0,у тебя все только начинается
msg-16645,7607,CONTEXT_ONLY,CONTEXT_ONLY,False,0,с пустой кредитной историей
msg-16648,7604,CONTEXT_ONLY,CONTEXT_ONLY,False,0,ну это очевидно
msg-16650,7602,CONTEXT_ONLY,CONTEXT_ONLY,False,0,Не отчаивайся Лека
msg-16654,7598,CONTEXT_ONLY,CONTEXT_ONLY,False,0,glm кажется посыпался)
msg-16656,7596,CONTEXT_ONLY,CONTEXT_ONLY,False,0,все таки завод с курьеркой
msg-16657,7595,CONTEXT_ONLY,CONTEXT_ONLY,False,0,хуево
msg-16658,7594,CONTEXT_ONLY,CONTEXT_ONLY,False,0,я упёртный
msg-16659,7593,CONTEXT_ONLY,CONTEXT_ONLY,False,0,F
msg-16663,7590,CONTEXT_ONLY,CONTEXT_ONLY,False,0,а я не отрицал 2️⃣
msg-16664,7587,CONTEXT_ONLY,CONTEXT_ONLY,False,0,если лонг
msg-16666,7585,CONTEXT_ONLY,CONTEXT_ONLY,False,0,Неееет
msg-16668,7583,CONTEXT_ONLY,CONTEXT_ONLY,False,0,а как тебя обнулили с твоим хеджом..
msg-16669,7582,CONTEXT_ONLY,CONTEXT_ONLY,False,0,нет
msg-16672,7579,CONTEXT_ONLY,CONTEXT_ONLY,False,0,значит он с абуза?
msg-16674,7573,CONTEXT_ONLY,CONTEXT_ONLY,False,0,а бабки на обуч?
msg-16675,7578,CONTEXT_ONLY,CONTEXT_ONLY,False,0,да хуя
msg-16676,7577,CONTEXT_ONLY,CONTEXT_ONLY,False,0,мне банили
msg-16677,7576,CONTEXT_ONLY,CONTEXT_ONLY,False,0,да нихуя)
msg-16678,7575,CONTEXT_ONLY,CONTEXT_ONLY,False,0,и тебя не забанят
msg-16681,7570,CONTEXT_ONLY,CONTEXT_ONLY,False,0,официально
msg-16682,7569,CONTEXT_ONLY,CONTEXT_ONLY,False,0,да не
msg-16684,7566,CONTEXT_ONLY,CONTEXT_ONLY,False,0,все зависит от задачи
msg-16685,7567,CONTEXT_ONLY,CONTEXT_ONLY,False,0,я обнулен
msg-16686,7565,CONTEXT_ONLY,CONTEXT_ONLY,False,0,все можете нормально торговать
msg-16688,7563,CONTEXT_ONLY,CONTEXT_ONLY,False,0,либо абуз хуевый
msg-16689,7557,CONTEXT_ONLY,CONTEXT_ONLY,False,0,и все
msg-16698,7550,CONTEXT_ONLY,CONTEXT_ONLY,False,0,пробовал кто?
msg-16702,7545,CONTEXT_ONLY,CONTEXT_ONLY,False,0,бедняжка
msg-16705,7543,CONTEXT_ONLY,CONTEXT_ONLY,False,0,Позовите Лекса
msg-16707,7540,CONTEXT_ONLY,CONTEXT_ONLY,False,0,дада жду дальше
msg-16708,7539,CONTEXT_ONLY,CONTEXT_ONLY,False,0,зависает кодекс
msg-16710,7536,CONTEXT_ONLY,CONTEXT_ONLY,False,0,ну давай дальше
msg-16715,7532,CONTEXT_ONLY,CONTEXT_ONLY,False,0,А может вверх?)
msg-16718,7529,CONTEXT_ONLY,CONTEXT_ONLY,False,0,пояснительная бригада?
msg-16721,7526,CONTEXT_ONLY,CONTEXT_ONLY,False,0,И что
msg-16722,7525,CONTEXT_ONLY,CONTEXT_ONLY,False,0,Я зассал
msg-16724,7522,CONTEXT_ONLY,CONTEXT_ONLY,False,0,Сегодня может полонгуем
msg-16725,7521,CONTEXT_ONLY,CONTEXT_ONLY,False,0,Пристёгивайте ремни пассажиры
msg-16726,7520,CONTEXT_ONLY,CONTEXT_ONLY,False,0,Хах
msg-16727,7519,CONTEXT_ONLY,CONTEXT_ONLY,False,0,Просадку считает
msg-16728,7518,CONTEXT_ONLY,CONTEXT_ONLY,False,0,Этапы идут
msg-16730,7516,CONTEXT_ONLY,CONTEXT_ONLY,False,0,Так мне скидку надо
msg-16732,7514,CONTEXT_ONLY,CONTEXT_ONLY,False,0,Так у тебя демо
msg-16735,7512,CONTEXT_ONLY,CONTEXT_ONLY,False,0,как выглядит стагнация
msg-16740,7506,CONTEXT_ONLY,ATTACH_AS_CORROBORATING_EVIDENCE,False,0,заново отправил
msg-16741,7505,CONTEXT_ONLY,ATTACH_AS_CORROBORATING_EVIDENCE,False,0,я не останавливал
msg-16743,7503,CONTEXT_ONLY,ATTACH_AS_CORROBORATING_EVIDENCE,False,0,Так ты остановил
msg-16744,7502,CONTEXT_ONLY,ATTACH_AS_CORROBORATING_EVIDENCE,False,0,сдох бобик
msg-16746,7499,CONTEXT_ONLY,CONTEXT_ONLY,False,0,жук
msg-16747,7498,CONTEXT_ONLY,ATTACH_AS_CORROBORATING_EVIDENCE,False,0,отправляю?
msg-16750,7495,CONTEXT_ONLY,ATTACH_AS_CORROBORATING_EVIDENCE,False,0,:D
msg-16753,7492,CONTEXT_ONLY,ATTACH_AS_CORROBORATING_EVIDENCE,False,0,указывать скилл? или как писать?
msg-16754,7491,CONTEXT_ONLY,ATTACH_AS_CORROBORATING_EVIDENCE,False,0,Давай!
msg-16758,7487,CONTEXT_ONLY,ATTACH_AS_CORROBORATING_EVIDENCE,False,0,Спасибо
msg-16770,7475,CONTEXT_ONLY,CONTEXT_ONLY,False,0,в пизду закроюсь
msg-16771,7474,CONTEXT_ONLY,CONTEXT_ONLY,False,0,Да
msg-16775,7470,CONTEXT_ONLY,CONTEXT_ONLY,False,0,хз кнопку жму
msg-16776,7469,CONTEXT_ONLY,CONTEXT_ONLY,False,0,распределение ниже
msg-16778,7468,CONTEXT_ONLY,CONTEXT_ONLY,False,0,так и наебут нас всекх
msg-16780,7466,CONTEXT_ONLY,CONTEXT_ONLY,False,0,А как ты это делаешь?
msg-16781,7463,CONTEXT_ONLY,ATTACH_AS_CORROBORATING_EVIDENCE,False,0,везде поменять нужно?
msg-16782,7462,CONTEXT_ONLY,CONTEXT_ONLY,False,0,ну паттерн вчерашний
msg-16783,7461,CONTEXT_ONLY,CONTEXT_ONLY,False,0,у меня тоже
msg-16787,7456,CONTEXT_ONLY,CONTEXT_ONLY,False,0,о как аккуратненько
msg-16788,7455,CONTEXT_ONLY,CONTEXT_ONLY,False,0,Я затупил
msg-16790,7453,CONTEXT_ONLY,CONTEXT_ONLY,False,0,))
msg-16791,7452,CONTEXT_ONLY,CONTEXT_ONLY,False,0,На приколе шоле)
msg-16792,7451,CONTEXT_ONLY,CONTEXT_ONLY,False,0,Сегодня уже не будет значит?
msg-16793,7450,CONTEXT_ONLY,CONTEXT_ONLY,False,0,В 11 была
msg-16794,7449,CONTEXT_ONLY,CONTEXT_ONLY,False,0,да
msg-16796,7448,CONTEXT_ONLY,CONTEXT_ONLY,False,0,Да тоже посмотрел
msg-16797,7447,CONTEXT_ONLY,CONTEXT_ONLY,False,0,Уже была?
msg-16799,7444,CONTEXT_ONLY,CONTEXT_ONLY,False,0,уже была в 11
msg-16809,7434,CONTEXT_ONLY,CONTEXT_ONLY,False,0,Если подумать
msg-16814,7427,CONTEXT_ONLY,CONTEXT_ONLY,False,0,Как так? Расскажи секрет
msg-16817,7426,CONTEXT_ONLY,CONTEXT_ONLY,False,0,В идеале 65.6 взять
msg-16820,7422,CONTEXT_ONLY,CONTEXT_ONLY,False,0,Хорош
msg-16822,7421,CONTEXT_ONLY,CONTEXT_ONLY,False,0,да
msg-16825,7418,CONTEXT_ONLY,CONTEXT_ONLY,False,0,сюр
msg-16828,7414,CONTEXT_ONLY,ATTACH_AS_CORROBORATING_EVIDENCE,False,0,в конфиге у меня стоит r-
msg-16833,7409,CONTEXT_ONLY,CONTEXT_ONLY,False,0,Он неубиваемый
msg-16835,7407,CONTEXT_ONLY,CONTEXT_ONLY,False,0,Он и есть ликвидация
msg-16836,7406,CONTEXT_ONLY,CONTEXT_ONLY,False,0,Где ликвидация
msg-16837,7405,CONTEXT_ONLY,CONTEXT_ONLY,False,0,Лексик
msg-16839,7404,CONTEXT_ONLY,CONTEXT_ONLY,False,0,Бедный Леха
msg-16840,7402,CONTEXT_ONLY,ATTACH_AS_CORROBORATING_EVIDENCE,False,0,Там скилл еще старый
msg-16843,7399,CONTEXT_ONLY,CONTEXT_ONLY,False,0,купить самолет
msg-16844,7397,CONTEXT_ONLY,ATTACH_AS_CORROBORATING_EVIDENCE,False,0,Пока нет(
msg-16847,7394,CONTEXT_ONLY,ATTACH_AS_CORROBORATING_EVIDENCE,False,0,Да
msg-16849,7392,CONTEXT_ONLY,ATTACH_AS_CORROBORATING_EVIDENCE,False,0,первый
msg-16850,7393,CONTEXT_ONLY,CONTEXT_ONLY,False,0,Твх вроде норм
msg-16852,7390,CONTEXT_ONLY,CONTEXT_ONLY,False,0,как убрать эту плашку?
msg-16853,7389,CONTEXT_ONLY,CONTEXT_ONLY,False,0,я в шорте сижу))
msg-16855,7387,CONTEXT_ONLY,ATTACH_AS_CORROBORATING_EVIDENCE,False,0,заново пробовать?
msg-16856,7385,CONTEXT_ONLY,ATTACH_AS_CORROBORATING_EVIDENCE,False,0,что теперь?
msg-16859,7383,CONTEXT_ONLY,CONTEXT_ONLY,False,0,?
msg-16861,7381,CONTEXT_ONLY,CONTEXT_ONLY,False,0,пришлось
msg-16864,7375,CONTEXT_ONLY,CONTEXT_ONLY,False,0,АПИшко держатели
msg-16873,7366,CONTEXT_ONLY,ATTACH_AS_CORROBORATING_EVIDENCE,False,0,без r-
msg-16874,7365,CONTEXT_ONLY,ATTACH_AS_CORROBORATING_EVIDENCE,False,0,Проблема с r-api?
msg-16879,7360,CONTEXT_ONLY,ATTACH_AS_CORROBORATING_EVIDENCE,False,1,@Pavel_TeaGPT тоже
msg-16886,7353,CONTEXT_ONLY,CONTEXT_ONLY,False,0,-1 (даже гита нету :З)
msg-16893,7345,CONTEXT_ONLY,CONTEXT_ONLY,False,0,который тупиздень
msg-16895,7344,CONTEXT_ONLY,CONTEXT_ONLY,False,0,и на мистраля
msg-16897,7341,CONTEXT_ONLY,ATTACH_AS_CORROBORATING_EVIDENCE,False,0,все
msg-16904,7334,CONTEXT_ONLY,CONTEXT_ONLY,False,0,Для ролплей заебись 100%
msg-16906,7332,CONTEXT_ONLY,ATTACH_AS_CORROBORATING_EVIDENCE,False,0,Как чат бот мб
msg-16907,7331,CONTEXT_ONLY,CONTEXT_ONLY,False,0,личный не банят
msg-16911,7327,CONTEXT_ONLY,CONTEXT_ONLY,False,0,научи быть крутым как ты
msg-16917,7320,CONTEXT_ONLY,CONTEXT_ONLY,False,0,А когда там SubQ выйдет
msg-16918,7319,CONTEXT_ONLY,CONTEXT_ONLY,False,0,а сколько звезд у тебя?
msg-16920,7318,CONTEXT_ONLY,CONTEXT_ONLY,False,0,клод наверн
msg-16924,7312,CONTEXT_ONLY,ATTACH_AS_CORROBORATING_EVIDENCE,False,0,починилось само
msg-16926,7310,CONTEXT_ONLY,CONTEXT_ONLY,False,0,зан ты живой?
msg-16930,7306,CONTEXT_ONLY,CONTEXT_ONLY,False,0,это даже звучит смешно
msg-16933,7303,CONTEXT_ONLY,ATTACH_AS_CORROBORATING_EVIDENCE,False,0,сек
msg-16934,7302,CONTEXT_ONLY,ATTACH_AS_CORROBORATING_EVIDENCE,False,0,Агент? Адрес?
msg-16935,7301,CONTEXT_ONLY,CONTEXT_ONLY,False,0,Кристалик говорил
msg-16939,7298,CONTEXT_ONLY,ATTACH_AS_CORROBORATING_EVIDENCE,False,0,если я ничего не путаю
msg-16941,7293,CONTEXT_ONLY,ATTACH_AS_CORROBORATING_EVIDENCE,False,0,дык а что делать то???
msg-16947,7289,CONTEXT_ONLY,ATTACH_AS_CORROBORATING_EVIDENCE,False,0,в каком виде?
msg-16951,7285,CONTEXT_ONLY,ATTACH_AS_CORROBORATING_EVIDENCE,False,0,Всегда парашей была
msg-16954,7282,CONTEXT_ONLY,CONTEXT_ONLY,False,0,Но вот стримчик будет
msg-16958,7278,CONTEXT_ONLY,CONTEXT_ONLY,False,0,Тебя там выебать могут максимум)
msg-16961,7276,CONTEXT_ONLY,CONTEXT_ONLY,False,0,Вот это да
msg-16965,7273,CONTEXT_ONLY,CONTEXT_ONLY,False,0,Да хуйня это всё
msg-16972,7264,CONTEXT_ONLY,CONTEXT_ONLY,False,0,Аахаха
msg-16974,7262,CONTEXT_ONLY,CONTEXT_ONLY,False,0,"Получится, что сотрудник ветреный"
msg-16976,7260,CONTEXT_ONLY,CONTEXT_ONLY,False,1,XDDD
msg-16979,7257,CONTEXT_ONLY,CONTEXT_ONLY,False,0,Да там хуйня известная
msg-16980,7256,CONTEXT_ONLY,CONTEXT_ONLY,False,0,Ты ошибся
msg-16981,7255,CONTEXT_ONLY,CONTEXT_ONLY,False,0,Ошибка
msg-16983,7253,CONTEXT_ONLY,CONTEXT_ONLY,False,0,"Не, спасибо"
msg-16986,7250,CONTEXT_ONLY,CONTEXT_ONLY,False,0,Типа 6 месяцев ?
msg-16987,7249,CONTEXT_ONLY,CONTEXT_ONLY,False,0,За одного
msg-16988,7248,CONTEXT_ONLY,CONTEXT_ONLY,False,0,По 50 центов?
msg-16990,7246,CONTEXT_ONLY,CONTEXT_ONLY,False,0,В среднем сколько приходит?
msg-16991,7245,CONTEXT_ONLY,CONTEXT_ONLY,False,0,Пока не спросят
msg-16995,7242,CONTEXT_ONLY,CONTEXT_ONLY,False,0,На уровне
msg-16997,7238,CONTEXT_ONLY,CONTEXT_ONLY,False,0,Ебать
msg-16998,7237,CONTEXT_ONLY,CONTEXT_ONLY,False,0,обычно 2 минуты
msg-17001,7235,CONTEXT_ONLY,CONTEXT_ONLY,False,0,Больше чем Хикелю?
msg-17003,7232,CONTEXT_ONLY,CONTEXT_ONLY,False,0,Слишком много
msg-17004,7230,CONTEXT_ONLY,CONTEXT_ONLY,False,0,у меня много карт
msg-17011,7223,CONTEXT_ONLY,CONTEXT_ONLY,False,0,Держи
msg-17012,7221,CONTEXT_ONLY,CONTEXT_ONLY,False,0,если я всё правильно понял
msg-17018,7216,CONTEXT_ONLY,CONTEXT_ONLY,False,0,Галюны типа
msg-17021,7213,CONTEXT_ONLY,ATTACH_AS_CORROBORATING_EVIDENCE,False,0,У меня 3 символа отличаются)
msg-17024,7209,CONTEXT_ONLY,CONTEXT_ONLY,False,0,Прикол.)
msg-17026,7207,CONTEXT_ONLY,CONTEXT_ONLY,False,0,Делать вид что все ок так и надо
msg-17029,7204,CONTEXT_ONLY,CONTEXT_ONLY,False,0,+4 бакса налог.
msg-17031,7202,CONTEXT_ONLY,CONTEXT_ONLY,False,0,СУКА
msg-17032,7201,CONTEXT_ONLY,CONTEXT_ONLY,False,0,они дорогие пиздец
msg-17033,7199,CONTEXT_ONLY,CONTEXT_ONLY,False,0,В три раза?
msg-17035,7197,CONTEXT_ONLY,CONTEXT_ONLY,False,0,не выгодно выходит
msg-17037,7195,CONTEXT_ONLY,CONTEXT_ONLY,False,0,я комиссию забираю
msg-17040,7191,CONTEXT_ONLY,CONTEXT_ONLY,False,0,и прикроют лавочку
msg-17041,7190,CONTEXT_ONLY,CONTEXT_ONLY,False,0,и наабузят просто
msg-17044,7187,CONTEXT_ONLY,CONTEXT_ONLY,False,0,уже пробую
msg-17048,7183,CONTEXT_ONLY,CONTEXT_ONLY,False,0,Да она
msg-17050,7181,CONTEXT_ONLY,CONTEXT_ONLY,False,0,да
msg-17051,7180,CONTEXT_ONLY,CONTEXT_ONLY,False,0,типа responses-image-generation ?
msg-17052,7179,CONTEXT_ONLY,CONTEXT_ONLY,False,0,на 6 месяцев
msg-17055,7176,CONTEXT_ONLY,CONTEXT_ONLY,False,0,Только лс
msg-17056,7175,CONTEXT_ONLY,CONTEXT_ONLY,False,0,как ты получил скидку
msg-17057,7174,CONTEXT_ONLY,CONTEXT_ONLY,False,0,Эт мой акк
msg-17060,7171,CONTEXT_ONLY,CONTEXT_ONLY,False,0,или переименуй его в image_gen
msg-17061,7170,CONTEXT_ONLY,CONTEXT_ONLY,False,0,хз
msg-17071,7160,CONTEXT_ONLY,CONTEXT_ONLY,False,0,Ахахахах
msg-17073,7156,CONTEXT_ONLY,CONTEXT_ONLY,False,0,дата знаний поменялась
msg-17075,7154,CONTEXT_ONLY,CONTEXT_ONLY,False,0,Откуда инфа
msg-17077,7151,CONTEXT_ONLY,CONTEXT_ONLY,False,0,чем помочь?
msg-17078,7150,CONTEXT_ONLY,CONTEXT_ONLY,False,0,Твое спасенье
msg-17079,7149,CONTEXT_ONLY,CONTEXT_ONLY,False,0,Стопы
msg-17080,7148,CONTEXT_ONLY,CONTEXT_ONLY,False,0,И пизда нога
msg-17081,7147,CONTEXT_ONLY,CONTEXT_ONLY,False,0,Щас еще проснется Дэвид
msg-17083,7146,CONTEXT_ONLY,CONTEXT_ONLY,False,0,Нихуя не знаю
msg-17085,7143,CONTEXT_ONLY,CONTEXT_ONLY,False,0,а хер знает
msg-17086,7142,CONTEXT_ONLY,CONTEXT_ONLY,False,0,ахаха
msg-17087,7141,CONTEXT_ONLY,CONTEXT_ONLY,False,0,чё прошка как 5 подписок?
msg-17088,7140,CONTEXT_ONLY,CONTEXT_ONLY,False,0,я запутался уже
msg-17089,7139,CONTEXT_ONLY,CONTEXT_ONLY,False,0,или 5x
msg-17090,7138,CONTEXT_ONLY,CONTEXT_ONLY,False,0,оч
msg-17091,7137,CONTEXT_ONLY,CONTEXT_ONLY,False,0,ой 10x
msg-17094,7134,CONTEXT_ONLY,CONTEXT_ONLY,False,0,ебать
msg-17095,7133,CONTEXT_ONLY,CONTEXT_ONLY,False,0,да? опять?
msg-17097,7131,CONTEXT_ONLY,CONTEXT_ONLY,False,0,вот и посчитал
msg-17099,7129,CONTEXT_ONLY,CONTEXT_ONLY,False,0,вопросик...
msg-17100,7128,CONTEXT_ONLY,CONTEXT_ONLY,False,0,а ты как считал?
msg-17101,7127,CONTEXT_ONLY,CONTEXT_ONLY,False,0,экономия в 3.3 раза
msg-17105,7123,CONTEXT_ONLY,CONTEXT_ONLY,False,0,а я думал я экономный 😩(
msg-17106,7122,CONTEXT_ONLY,CONTEXT_ONLY,False,0,а сколько ты кодишь?
msg-17109,7118,CONTEXT_ONLY,CONTEXT_ONLY,False,0,усынови меня
msg-17113,7114,CONTEXT_ONLY,CONTEXT_ONLY,False,0,и голы всё делают как надо
msg-17114,7113,CONTEXT_ONLY,CONTEXT_ONLY,False,0,такое тоже бывает
msg-17115,7112,CONTEXT_ONLY,CONTEXT_ONLY,False,0,и всё работает
msg-17116,7111,CONTEXT_ONLY,CONTEXT_ONLY,False,0,и акки бесплатные
msg-17117,7110,CONTEXT_ONLY,CONTEXT_ONLY,False,0,у него всё отлично вообще
msg-17118,7109,CONTEXT_ONLY,CONTEXT_ONLY,False,0,а не в 5 раз
msg-17122,7105,CONTEXT_ONLY,CONTEXT_ONLY,False,0,понял
msg-17124,7103,CONTEXT_ONLY,ATTACH_AS_CORROBORATING_EVIDENCE,False,0,а
msg-17125,7102,CONTEXT_ONLY,ATTACH_AS_CORROBORATING_EVIDENCE,False,0,про плюсы
msg-17127,7100,CONTEXT_ONLY,ATTACH_AS_CORROBORATING_EVIDENCE,False,0,раньше хватало
msg-17131,7096,CONTEXT_ONLY,ATTACH_AS_CORROBORATING_EVIDENCE,False,0,ебать
msg-17133,7094,CONTEXT_ONLY,CONTEXT_ONLY,False,0,Да
msg-17135,7092,CONTEXT_ONLY,CONTEXT_ONLY,False,0,золотые слова :)
msg-17136,7091,CONTEXT_ONLY,ATTACH_AS_CORROBORATING_EVIDENCE,False,0,20$
msg-17140,7087,CONTEXT_ONLY,ATTACH_AS_CORROBORATING_EVIDENCE,False,0,я заебался переключаться
msg-17141,7086,CONTEXT_ONLY,CONTEXT_ONLY,False,0,или лучше количеством взять?
msg-17142,7085,CONTEXT_ONLY,ATTACH_AS_CORROBORATING_EVIDENCE,False,0,но это всё хуйня
msg-17143,7084,CONTEXT_ONLY,CONTEXT_ONLY,False,0,Планирую
msg-17145,7081,CONTEXT_ONLY,ATTACH_AS_CORROBORATING_EVIDENCE,False,0,+-
msg-17148,7076,CONTEXT_ONLY,CONTEXT_ONLY,False,0,Июньский минимум
msg-17154,7072,CONTEXT_ONLY,CONTEXT_ONLY,False,0,локальный минимум?)
msg-17157,7069,CONTEXT_ONLY,CONTEXT_ONLY,False,0,Просмотров
msg-17160,7066,CONTEXT_ONLY,ATTACH_AS_CORROBORATING_EVIDENCE,False,0,это за сколько?
msg-17161,7065,CONTEXT_ONLY,CONTEXT_ONLY,False,0,Тут ещё проблема
msg-17164,7062,CONTEXT_ONLY,ATTACH_AS_CORROBORATING_EVIDENCE,False,0,вообще нет
msg-17167,7059,CONTEXT_ONLY,ATTACH_AS_CORROBORATING_EVIDENCE,False,0,про 5х нет
msg-17168,7058,CONTEXT_ONLY,CONTEXT_ONLY,False,0,"нет, я спал"
msg-17171,7055,CONTEXT_ONLY,CONTEXT_ONLY,False,0,а ты скилл менял?
msg-17172,7054,CONTEXT_ONLY,ATTACH_AS_CORROBORATING_EVIDENCE,False,0,у меня подписка про :(
msg-17176,7050,CONTEXT_ONLY,CONTEXT_ONLY,False,0,тигриру
msg-17177,7049,CONTEXT_ONLY,CONTEXT_ONLY,False,0,давай братан
msg-17180,7046,CONTEXT_ONLY,CONTEXT_ONLY,False,0,Там мб даже 250
msg-17182,7044,CONTEXT_ONLY,CONTEXT_ONLY,False,0,уххххх
msg-17183,7042,CONTEXT_ONLY,CONTEXT_ONLY,False,0,300к буквально
msg-17184,7043,CONTEXT_ONLY,CONTEXT_ONLY,False,0,нет
msg-17186,7040,CONTEXT_ONLY,CONTEXT_ONLY,False,0,Чуть чуть осталось
msg-17202,7024,CONTEXT_ONLY,CONTEXT_ONLY,False,0,ХД
msg-17204,7023,CONTEXT_ONLY,CONTEXT_ONLY,False,0,а денег дашь ?
msg-17205,7021,CONTEXT_ONLY,CONTEXT_ONLY,False,0,Не
msg-17206,7020,CONTEXT_ONLY,CONTEXT_ONLY,False,0,Ты Даниил ?
msg-17210,7016,CONTEXT_ONLY,CONTEXT_ONLY,False,0,Здарова
msg-17212,7015,CONTEXT_ONLY,CONTEXT_ONLY,False,0,Где Даниил
msg-17216,7009,CONTEXT_ONLY,ATTACH_AS_CORROBORATING_EVIDENCE,False,0,Хайку намба ван
msg-17218,7007,CONTEXT_ONLY,CONTEXT_ONLY,False,0,Что там щас шорт лонг
msg-17221,7002,CONTEXT_ONLY,CONTEXT_ONLY,False,0,заебали
msg-17230,6995,CONTEXT_ONLY,ATTACH_AS_CORROBORATING_EVIDENCE,False,0,"а, закрывашки предоставляют"
msg-17231,6994,CONTEXT_ONLY,ATTACH_AS_CORROBORATING_EVIDENCE,False,0,ну или около того
msg-17232,6992,CONTEXT_ONLY,ATTACH_AS_CORROBORATING_EVIDENCE,False,0,тут офф цены вроде
msg-17236,6989,CONTEXT_ONLY,CONTEXT_ONLY,False,0,Кошек
msg-17243,6979,CONTEXT_ONLY,CONTEXT_ONLY,False,0,вылезает снова ошибка... что это?
msg-17248,6975,CONTEXT_ONLY,CONTEXT_ONLY,False,0,а тут не закончило
msg-17254,6969,CONTEXT_ONLY,CONTEXT_ONLY,False,0,Ты настоящий булах?
msg-17256,6966,CONTEXT_ONLY,CONTEXT_ONLY,False,0,Это пиздеж
msg-17257,6965,CONTEXT_ONLY,CONTEXT_ONLY,False,0,Четкий Дэвид. Подписаться
msg-17258,6961,CONTEXT_ONLY,CONTEXT_ONLY,False,0,ну да
msg-17261,6960,CONTEXT_ONLY,CONTEXT_ONLY,False,0,Да да думайте
msg-17265,6957,CONTEXT_ONLY,CONTEXT_ONLY,False,0,На Лонге
msg-17270,6952,CONTEXT_ONLY,CONTEXT_ONLY,False,0,Запомните мои слова
msg-17273,6949,CONTEXT_ONLY,CONTEXT_ONLY,False,0,Вот и давай
msg-17274,6948,CONTEXT_ONLY,CONTEXT_ONLY,False,0,Правильно брат
msg-17275,6947,CONTEXT_ONLY,CONTEXT_ONLY,False,0,Пенсия бабушки возместит всё
msg-17276,6946,CONTEXT_ONLY,CONTEXT_ONLY,False,0,Сука
msg-17277,6945,CONTEXT_ONLY,CONTEXT_ONLY,False,0,Хахаха
msg-17283,6938,CONTEXT_ONLY,CONTEXT_ONLY,False,0,и фиксятся
msg-17286,6935,CONTEXT_ONLY,CONTEXT_ONLY,False,0,ХД
msg-17287,6934,CONTEXT_ONLY,CONTEXT_ONLY,False,0,ОР
msg-17288,6933,CONTEXT_ONLY,CONTEXT_ONLY,False,0,ХД
msg-17291,6930,CONTEXT_ONLY,CONTEXT_ONLY,False,0,Сразу
msg-17298,6922,CONTEXT_ONLY,CONTEXT_ONLY,False,0,Хаха
msg-17299,6921,CONTEXT_ONLY,CONTEXT_ONLY,False,0,мне похуй
msg-17301,6919,CONTEXT_ONLY,ATTACH_AS_CORROBORATING_EVIDENCE,False,0,"Понял, спасибо большое!"
msg-17302,6918,CONTEXT_ONLY,CONTEXT_ONLY,False,0,А не тебя
msg-17303,6917,CONTEXT_ONLY,CONTEXT_ONLY,False,0,Что рынок трахает меня
msg-17304,6916,CONTEXT_ONLY,CONTEXT_ONLY,False,0,Я просто расстроен
msg-17306,6914,CONTEXT_ONLY,CONTEXT_ONLY,False,0,тыж сам сказал))
msg-17307,6913,CONTEXT_ONLY,CONTEXT_ONLY,False,0,.
msg-17310,6906,CONTEXT_ONLY,CONTEXT_ONLY,False,0,память внешняя?
msg-17311,6910,CONTEXT_ONLY,CONTEXT_ONLY,False,0,Но это не колл
msg-17312,6909,CONTEXT_ONLY,CONTEXT_ONLY,False,0,Вроде не далеко
msg-17316,6904,CONTEXT_ONLY,CONTEXT_ONLY,False,0,Какой фул деп
msg-17319,6901,CONTEXT_ONLY,CONTEXT_ONLY,False,0,Сидят
msg-17320,6900,CONTEXT_ONLY,CONTEXT_ONLY,False,0,Тут троли
msg-17321,6899,CONTEXT_ONLY,CONTEXT_ONLY,False,0,Я ливаю с чата
msg-17322,6898,CONTEXT_ONLY,ATTACH_AS_CORROBORATING_EVIDENCE,False,0,Понерфили что ли?
msg-17323,6897,CONTEXT_ONLY,CONTEXT_ONLY,False,0,Не или
msg-17326,6894,CONTEXT_ONLY,CONTEXT_ONLY,False,0,Тварь ебучая
msg-17327,6893,CONTEXT_ONLY,CONTEXT_ONLY,False,0,дно пробито
msg-17328,6892,CONTEXT_ONLY,CONTEXT_ONLY,False,0,Или нахуй
msg-17329,6891,CONTEXT_ONLY,CONTEXT_ONLY,False,0,Ниже уже не будет никогда
msg-17330,6890,CONTEXT_ONLY,CONTEXT_ONLY,False,0,Сука почти бу
msg-17333,6887,CONTEXT_ONLY,CONTEXT_ONLY,False,0,Я готов
msg-17334,6886,CONTEXT_ONLY,CONTEXT_ONLY,False,0,Пишите когда в шорт
msg-17345,6872,CONTEXT_ONLY,CONTEXT_ONLY,False,0,заофтопили темку
msg-17346,6874,CONTEXT_ONLY,CONTEXT_ONLY,False,0,или как там у лудостримеров
msg-17348,6871,CONTEXT_ONLY,CONTEXT_ONLY,False,0,Личный бекер
msg-17349,6867,CONTEXT_ONLY,CONTEXT_ONLY,False,0,просто потому что всбрендило
msg-17350,6870,CONTEXT_ONLY,CONTEXT_ONLY,False,0,Он на зп
msg-17351,6869,CONTEXT_ONLY,CONTEXT_ONLY,False,0,Хаха
msg-17352,6868,CONTEXT_ONLY,CONTEXT_ONLY,False,0,Его спонсируют тут
msg-17353,6866,CONTEXT_ONLY,CONTEXT_ONLY,False,0,Долил 2500
msg-17359,6860,CONTEXT_ONLY,CONTEXT_ONLY,False,0,Доливался
msg-17364,6855,CONTEXT_ONLY,CONTEXT_ONLY,False,0,Вась монтируем вась
msg-17365,6854,CONTEXT_ONLY,CONTEXT_ONLY,False,0,Хахахаха
msg-17366,6853,CONTEXT_ONLY,CONTEXT_ONLY,False,0,Мне похуй
msg-17370,6849,CONTEXT_ONLY,CONTEXT_ONLY,False,0,Захахахахахаххахаха
msg-17376,6843,CONTEXT_ONLY,CONTEXT_ONLY,False,0,Думал не дотянет
msg-17377,6842,CONTEXT_ONLY,CONTEXT_ONLY,False,0,Лимитку поставил
msg-17379,6840,CONTEXT_ONLY,CONTEXT_ONLY,False,0,ХД
msg-17389,6830,CONTEXT_ONLY,CONTEXT_ONLY,False,0,Да я
msg-17390,6829,CONTEXT_ONLY,CONTEXT_ONLY,False,0,На шортах?
msg-17391,6828,CONTEXT_ONLY,CONTEXT_ONLY,False,1,@LyEbat Узбек блэт
msg-17394,6825,CONTEXT_ONLY,CONTEXT_ONLY,False,0,Почему
msg-17396,6823,CONTEXT_ONLY,CONTEXT_ONLY,False,0,пишите в личку помогу.
msg-17397,6822,CONTEXT_ONLY,CONTEXT_ONLY,False,0,Булах
msg-17398,6821,CONTEXT_ONLY,CONTEXT_ONLY,False,0,Иди нахуй
msg-17405,6814,CONTEXT_ONLY,CONTEXT_ONLY,False,0,Солана пиздует
msg-17407,6812,CONTEXT_ONLY,CONTEXT_ONLY,False,0,Выросла блять
msg-17408,6811,CONTEXT_ONLY,CONTEXT_ONLY,False,0,Зато ебаная солана
msg-17411,6806,CONTEXT_ONLY,ATTACH_AS_CORROBORATING_EVIDENCE,False,0,жесть
msg-17416,6804,CONTEXT_ONLY,CONTEXT_ONLY,False,0,Легко
msg-17419,6800,CONTEXT_ONLY,CONTEXT_ONLY,False,0,Не должна
msg-17421,6798,CONTEXT_ONLY,CONTEXT_ONLY,False,0,Сердце чувствует
msg-17422,6797,CONTEXT_ONLY,CONTEXT_ONLY,False,0,Ебаште до конца
msg-17424,6795,CONTEXT_ONLY,CONTEXT_ONLY,False,0,Сука
msg-17425,6794,CONTEXT_ONLY,CONTEXT_ONLY,False,0,Относитесь проще к потерям
msg-17427,6792,CONTEXT_ONLY,CONTEXT_ONLY,False,0,Я поставил в 69
msg-17428,6791,CONTEXT_ONLY,CONTEXT_ONLY,False,0,А какая у тебя твх
msg-17429,6790,CONTEXT_ONLY,CONTEXT_ONLY,False,0,Хахахаххахахах
msg-17430,6789,CONTEXT_ONLY,CONTEXT_ONLY,False,0,"О, уцбэк вернулса"
msg-17433,6786,CONTEXT_ONLY,CONTEXT_ONLY,False,0,Трейдеры хуевы
msg-17436,6783,CONTEXT_ONLY,CONTEXT_ONLY,False,0,Щас будет новый
msg-17437,6782,CONTEXT_ONLY,CONTEXT_ONLY,False,0,Ты гей?))
msg-17438,6781,CONTEXT_ONLY,CONTEXT_ONLY,False,0,не то что вчера
msg-17440,6780,CONTEXT_ONLY,CONTEXT_ONLY,False,0,Кнш
msg-17442,6777,CONTEXT_ONLY,CONTEXT_ONLY,False,0,вроде пофиксили кодекс
msg-17449,6770,CONTEXT_ONLY,CONTEXT_ONLY,False,0,Ты типа платишь?
msg-17450,6769,CONTEXT_ONLY,ATTACH_AS_CORROBORATING_EVIDENCE,False,0,а по человечески? ))
msg-17451,6768,CONTEXT_ONLY,CONTEXT_ONLY,False,0,Так он рынок чувствует
msg-17453,6766,CONTEXT_ONLY,CONTEXT_ONLY,False,0,Или нахуй булах
msg-17457,6763,CONTEXT_ONLY,CONTEXT_ONLY,False,0,заработал
msg-17459,6760,CONTEXT_ONLY,CONTEXT_ONLY,False,0,на пропку
msg-17460,6759,CONTEXT_ONLY,CONTEXT_ONLY,False,0,Не гони
msg-17461,6758,CONTEXT_ONLY,CONTEXT_ONLY,False,0,Не впизду брат
msg-17462,6757,CONTEXT_ONLY,CONTEXT_ONLY,False,0,Хорош
msg-17463,6756,CONTEXT_ONLY,CONTEXT_ONLY,False,0,Твари
msg-17466,6752,CONTEXT_ONLY,CONTEXT_ONLY,False,0,Давай оставим
msg-17467,6751,CONTEXT_ONLY,CONTEXT_ONLY,False,0,я не выебываюсь конечно
msg-17468,6750,CONTEXT_ONLY,CONTEXT_ONLY,False,0,Бро не начинай
msg-17470,6748,CONTEXT_ONLY,CONTEXT_ONLY,False,0,парни
msg-17474,6743,CONTEXT_ONLY,CONTEXT_ONLY,False,0,2500
msg-17475,6742,CONTEXT_ONLY,CONTEXT_ONLY,False,0,И маржа
msg-17476,6741,CONTEXT_ONLY,CONTEXT_ONLY,False,0,Был Деп
msg-17477,6740,CONTEXT_ONLY,CONTEXT_ONLY,False,0,У меня 1500
msg-17478,6739,CONTEXT_ONLY,CONTEXT_ONLY,False,0,Не
msg-17481,6736,CONTEXT_ONLY,CONTEXT_ONLY,False,0,Я пережил 3 спуска
msg-17482,6735,CONTEXT_ONLY,CONTEXT_ONLY,False,0,Я дотерпел
msg-17484,6733,CONTEXT_ONLY,CONTEXT_ONLY,False,0,Уже выйти можно было фиксануться
msg-17485,6732,CONTEXT_ONLY,CONTEXT_ONLY,False,0,Чет ты поздновато
msg-17486,6731,CONTEXT_ONLY,CONTEXT_ONLY,False,1,Надо отбить 500 Бачей
msg-17490,6727,CONTEXT_ONLY,CONTEXT_ONLY,False,0,интересно
msg-17491,6725,CONTEXT_ONLY,CONTEXT_ONLY,False,0,У меня бу
msg-17492,6724,CONTEXT_ONLY,CONTEXT_ONLY,False,0,До 70 4 вроде
msg-17493,6723,CONTEXT_ONLY,CONTEXT_ONLY,False,0,Ну посмотрим
msg-17495,6721,CONTEXT_ONLY,CONTEXT_ONLY,False,0,"Все страдают, только молча"
msg-17497,6719,CONTEXT_ONLY,CONTEXT_ONLY,False,0,Я робот мне похуй
msg-17498,6718,CONTEXT_ONLY,CONTEXT_ONLY,False,0,Все это прямой путь в дурочку
msg-17500,6715,CONTEXT_ONLY,CONTEXT_ONLY,False,0,От фьючей
msg-17501,6714,CONTEXT_ONLY,CONTEXT_ONLY,False,0,А я единственный страдаю
msg-17502,6713,CONTEXT_ONLY,CONTEXT_ONLY,False,0,Не дало назад
msg-17503,6712,CONTEXT_ONLY,CONTEXT_ONLY,False,0,Я уверен что вы все боты
msg-17504,6711,CONTEXT_ONLY,CONTEXT_ONLY,False,0,Блин -30 баксов
msg-17506,6709,CONTEXT_ONLY,CONTEXT_ONLY,False,0,Хпхпхп
msg-17507,6708,CONTEXT_ONLY,CONTEXT_ONLY,False,0,Пиздец
msg-17508,6707,CONTEXT_ONLY,CONTEXT_ONLY,False,0,там кстати продолжается рост)
msg-17510,6705,CONTEXT_ONLY,CONTEXT_ONLY,False,0,Во во
msg-17513,6702,CONTEXT_ONLY,CONTEXT_ONLY,False,0,тут сложнокак либо рыпатьс
msg-17514,6701,CONTEXT_ONLY,CONTEXT_ONLY,False,0,та не бро
msg-17515,6700,CONTEXT_ONLY,CONTEXT_ONLY,False,0,Девид с твинка зашел
msg-17517,6698,CONTEXT_ONLY,CONTEXT_ONLY,False,0,Ахуеть)
msg-17518,6697,CONTEXT_ONLY,CONTEXT_ONLY,False,0,Держу нахуй )
msg-17519,6696,CONTEXT_ONLY,CONTEXT_ONLY,False,0,🤣🤣🤣
msg-17521,6694,CONTEXT_ONLY,CONTEXT_ONLY,False,0,Не надо было
msg-17524,6691,CONTEXT_ONLY,ATTACH_AS_CORROBORATING_EVIDENCE,False,0,Тони Монтана хуев
msg-17534,6681,CONTEXT_ONLY,CONTEXT_ONLY,False,0,А почему за 100?
msg-17538,6676,CONTEXT_ONLY,CONTEXT_ONLY,False,0,Можно вот так вот рекламить ?
msg-17539,6675,CONTEXT_ONLY,CONTEXT_ONLY,False,0,Ну да
msg-17542,6671,CONTEXT_ONLY,CONTEXT_ONLY,False,0,Владислав здравствуйте
msg-17543,6668,CONTEXT_ONLY,CONTEXT_ONLY,False,0,Моя Вам челобитная
msg-17547,6663,CONTEXT_ONLY,CONTEXT_ONLY,False,0,с языка снял
msg-17550,6657,CONTEXT_ONLY,CONTEXT_ONLY,False,0,+-
msg-17551,6656,CONTEXT_ONLY,CONTEXT_ONLY,False,0,локальные кидал?
msg-17553,6654,CONTEXT_ONLY,CONTEXT_ONLY,False,0,Пруфай
msg-17554,6653,CONTEXT_ONLY,CONTEXT_ONLY,False,0,у меня хуй под утро
msg-17555,6652,CONTEXT_ONLY,CONTEXT_ONLY,False,0,Если подстричь - вообще кощей
msg-17556,6651,CONTEXT_ONLY,CONTEXT_ONLY,False,0,Это еще борода бомжа
msg-17558,6649,CONTEXT_ONLY,CONTEXT_ONLY,False,0,Ну чисто солевой
msg-17560,6647,CONTEXT_ONLY,CONTEXT_ONLY,False,0,Не равно Питерский
msg-17563,6644,CONTEXT_ONLY,CONTEXT_ONLY,False,0,у меня лимитка
msg-17564,6643,CONTEXT_ONLY,CONTEXT_ONLY,False,0,У меня ливень льет
msg-17568,6639,CONTEXT_ONLY,CONTEXT_ONLY,False,0,ХД
msg-17572,6633,CONTEXT_ONLY,CONTEXT_ONLY,False,0,ХД
msg-17575,6628,CONTEXT_ONLY,CONTEXT_ONLY,False,0,"я бы кайфанул 1,5 минуты"
msg-17579,6624,CONTEXT_ONLY,CONTEXT_ONLY,False,0,За калши шаришь?
msg-17580,6623,CONTEXT_ONLY,CONTEXT_ONLY,False,0,Справедливо
msg-17583,6620,CONTEXT_ONLY,CONTEXT_ONLY,False,0,ХД
msg-17584,6619,CONTEXT_ONLY,CONTEXT_ONLY,False,0,ОР
msg-17585,6618,CONTEXT_ONLY,CONTEXT_ONLY,False,0,ХД
msg-17586,6617,CONTEXT_ONLY,ATTACH_AS_CORROBORATING_EVIDENCE,False,0,Доброе утро чатикс
msg-17588,6615,CONTEXT_ONLY,CONTEXT_ONLY,False,0,меня подшатало малость
msg-17589,6613,CONTEXT_ONLY,CONTEXT_ONLY,False,0,Тут тоже гулял
msg-17593,6607,CONTEXT_ONLY,CONTEXT_ONLY,False,0,Продуктивные телодвижения Александра
msg-17594,6606,CONTEXT_ONLY,CONTEXT_ONLY,False,0,вон оно как
msg-17595,6605,CONTEXT_ONLY,CONTEXT_ONLY,False,0,у меня шпиц и лабладор
msg-17596,6604,CONTEXT_ONLY,CONTEXT_ONLY,False,0,собака это заебись
msg-17601,6598,CONTEXT_ONLY,CONTEXT_ONLY,False,0,Александр!
msg-17602,6597,CONTEXT_ONLY,CONTEXT_ONLY,False,0,хуя ты школьничкеку
msg-17605,6594,CONTEXT_ONLY,CONTEXT_ONLY,False,0,А собака чо кушает
msg-17606,6593,CONTEXT_ONLY,CONTEXT_ONLY,False,0,Это пзду
msg-17609,6590,CONTEXT_ONLY,CONTEXT_ONLY,False,0,я знаю
msg-17610,6589,CONTEXT_ONLY,CONTEXT_ONLY,False,0,Зачем тянут.
msg-17612,6586,CONTEXT_ONLY,CONTEXT_ONLY,False,0,где?
msg-17613,6585,CONTEXT_ONLY,CONTEXT_ONLY,False,0,пятница ток
msg-17615,6583,CONTEXT_ONLY,CONTEXT_ONLY,False,0,Die die
msg-17617,6581,CONTEXT_ONLY,CONTEXT_ONLY,False,0,А и по Китаю
msg-17620,6578,CONTEXT_ONLY,CONTEXT_ONLY,False,0,Вокруг столько работы
msg-17622,6576,CONTEXT_ONLY,CONTEXT_ONLY,False,0,Потому что или работай
msg-17626,6572,CONTEXT_ONLY,CONTEXT_ONLY,False,0,Ебануть тейк 1840-1850
msg-17630,6568,CONTEXT_ONLY,ATTACH_AS_CORROBORATING_EVIDENCE,False,0,че🤣
msg-17635,6562,CONTEXT_ONLY,CONTEXT_ONLY,False,0,я
msg-17642,6555,CONTEXT_ONLY,CONTEXT_ONLY,False,0,Лекс разлогинься
msg-17644,6552,CONTEXT_ONLY,CONTEXT_ONLY,False,0,Столько не живут
msg-17645,6551,CONTEXT_ONLY,CONTEXT_ONLY,False,0,сколько ликвидация
msg-17646,6550,CONTEXT_ONLY,CONTEXT_ONLY,False,0,оптимисті
msg-17654,6541,CONTEXT_ONLY,CONTEXT_ONLY,False,0,Нет
msg-17662,6530,CONTEXT_ONLY,CONTEXT_ONLY,False,0,Чуть посложнее ))
msg-17663,6529,CONTEXT_ONLY,CONTEXT_ONLY,False,0,Посудомойка?
msg-17667,6525,CONTEXT_ONLY,CONTEXT_ONLY,False,0,А что самое хуевое
msg-17668,6524,CONTEXT_ONLY,CONTEXT_ONLY,False,0,Надристал там
msg-17676,6516,CONTEXT_ONLY,CONTEXT_ONLY,False,0,Ручка вверх открывалась
msg-17679,6513,CONTEXT_ONLY,CONTEXT_ONLY,False,0,А я мотористом работал
msg-17680,6512,CONTEXT_ONLY,CONTEXT_ONLY,False,0,В костюмах и с балалайками
msg-17681,6511,CONTEXT_ONLY,CONTEXT_ONLY,False,0,И их развлекали 3 часа
msg-17683,6509,CONTEXT_ONLY,CONTEXT_ONLY,False,0,Вот на таком
msg-17688,6503,CONTEXT_ONLY,CONTEXT_ONLY,False,0,"Не брат, отдыхай"
msg-17689,6502,CONTEXT_ONLY,CONTEXT_ONLY,False,0,Че звали
msg-17691,6500,CONTEXT_ONLY,CONTEXT_ONLY,False,0,Ниче такого пзидецового
msg-17692,6499,CONTEXT_ONLY,CONTEXT_ONLY,False,0,Все в интернете
msg-17693,6498,CONTEXT_ONLY,CONTEXT_ONLY,False,0,Да не
msg-17694,6497,CONTEXT_ONLY,CONTEXT_ONLY,False,0,Нам хуесосов хватает
msg-17696,6495,CONTEXT_ONLY,CONTEXT_ONLY,False,0,Пухососы
msg-17697,6494,CONTEXT_ONLY,CONTEXT_ONLY,False,0,Бытовая
msg-17700,6491,CONTEXT_ONLY,CONTEXT_ONLY,False,0,Ахахаха
msg-17702,6489,CONTEXT_ONLY,CONTEXT_ONLY,False,0,Братья Украинцы
msg-17704,6487,CONTEXT_ONLY,CONTEXT_ONLY,False,0,Будет невзначай хрюкать
msg-17707,6483,CONTEXT_ONLY,CONTEXT_ONLY,False,0,Автоподпись работает
msg-17709,6481,CONTEXT_ONLY,CONTEXT_ONLY,False,0,дай бог
msg-17712,6478,CONTEXT_ONLY,CONTEXT_ONLY,False,0,Как Муравьи
msg-17713,6477,CONTEXT_ONLY,CONTEXT_ONLY,False,0,Живут и хуярят
msg-17716,6474,CONTEXT_ONLY,CONTEXT_ONLY,False,0,Это ат души
msg-17717,6473,CONTEXT_ONLY,CONTEXT_ONLY,False,0,Жирно конечно
msg-17718,6472,CONTEXT_ONLY,CONTEXT_ONLY,False,0,Жирнотонко
msg-17719,6471,CONTEXT_ONLY,CONTEXT_ONLY,False,0,Понять не могу
msg-17720,6470,CONTEXT_ONLY,CONTEXT_ONLY,False,0,Это жирно или тонко
msg-17723,6467,CONTEXT_ONLY,CONTEXT_ONLY,False,0,И я был спокоен
msg-17724,6466,CONTEXT_ONLY,CONTEXT_ONLY,False,0,Чтобы пиздарики придёт
msg-17726,6464,CONTEXT_ONLY,CONTEXT_ONLY,False,0,И скупил там пол лакоста
msg-17729,6461,CONTEXT_ONLY,CONTEXT_ONLY,False,0,Синдром Мыши появился
msg-17730,6460,CONTEXT_ONLY,CONTEXT_ONLY,False,0,Да
msg-17732,6458,CONTEXT_ONLY,CONTEXT_ONLY,False,0,Мечта моя
msg-17733,6457,CONTEXT_ONLY,CONTEXT_ONLY,False,0,Да да
msg-17734,6456,CONTEXT_ONLY,CONTEXT_ONLY,False,0,Костко
msg-17738,6452,CONTEXT_ONLY,CONTEXT_ONLY,False,0,В Финке и Словении тоже)
msg-17740,6450,CONTEXT_ONLY,CONTEXT_ONLY,False,0,Кола без сахара
msg-17742,6448,CONTEXT_ONLY,CONTEXT_ONLY,False,0,Потому что Европа
msg-17743,6447,CONTEXT_ONLY,CONTEXT_ONLY,False,0,Алиса сказала 6%
msg-17746,6444,CONTEXT_ONLY,CONTEXT_ONLY,False,0,Ой не сравнивайте
msg-17747,6443,CONTEXT_ONLY,CONTEXT_ONLY,False,0,А щас в Европе сколько?
msg-17749,6441,CONTEXT_ONLY,CONTEXT_ONLY,False,0,И все в кредит под 0.5%
msg-17750,6440,CONTEXT_ONLY,CONTEXT_ONLY,False,0,С двух дверным)
msg-17751,6439,CONTEXT_ONLY,CONTEXT_ONLY,False,0,с большим холодильником
msg-17752,6438,CONTEXT_ONLY,CONTEXT_ONLY,False,0,да
msg-17753,6437,CONTEXT_ONLY,CONTEXT_ONLY,False,0,Огромная кухня
msg-17758,6432,CONTEXT_ONLY,CONTEXT_ONLY,False,0,еще и лонговый что бы был
msg-17759,6431,CONTEXT_ONLY,CONTEXT_ONLY,False,0,я хочу эскалэйд
msg-17762,6427,CONTEXT_ONLY,CONTEXT_ONLY,False,0,А вот тахо старый
msg-17763,6426,CONTEXT_ONLY,CONTEXT_ONLY,False,0,Негритянский
msg-17764,6425,CONTEXT_ONLY,CONTEXT_ONLY,False,0,Старичок
msg-17766,6423,CONTEXT_ONLY,CONTEXT_ONLY,False,0,А эскалэйт нахуй
msg-17768,6421,CONTEXT_ONLY,CONTEXT_ONLY,False,0,А Тахо вам как?
msg-17769,6420,CONTEXT_ONLY,CONTEXT_ONLY,False,0,"Ты младше меня, ошалеть"
msg-17772,6414,CONTEXT_ONLY,CONTEXT_ONLY,False,0,А щас тебе сколько
msg-17775,6409,CONTEXT_ONLY,CONTEXT_ONLY,False,0,Тоже скрипт
msg-17777,6407,CONTEXT_ONLY,CONTEXT_ONLY,False,0,Мужские
msg-17778,6406,CONTEXT_ONLY,CONTEXT_ONLY,False,0,Это скрипты
msg-17780,6404,CONTEXT_ONLY,CONTEXT_ONLY,False,0,В болте
msg-17783,6401,CONTEXT_ONLY,CONTEXT_ONLY,False,0,Танк 300 😂😂😂😂😂
msg-17785,6399,CONTEXT_ONLY,CONTEXT_ONLY,False,0,Не в бровь а в глаз
msg-17787,6396,CONTEXT_ONLY,CONTEXT_ONLY,False,0,Эт надо отметить и пометит :)
msg-17790,6391,CONTEXT_ONLY,CONTEXT_ONLY,False,0,Свой
msg-17791,6390,CONTEXT_ONLY,CONTEXT_ONLY,False,0,Кого кого
msg-17792,6389,CONTEXT_ONLY,CONTEXT_ONLY,False,0,Скинь Кош
msg-17795,6384,CONTEXT_ONLY,CONTEXT_ONLY,False,0,Ой
msg-17796,6383,CONTEXT_ONLY,CONTEXT_ONLY,False,0,Утренние обливания зарядка
msg-17797,6382,CONTEXT_ONLY,CONTEXT_ONLY,False,0,Надо всегда
msg-17802,6375,CONTEXT_ONLY,CONTEXT_ONLY,False,0,Нереально я бы сказал
msg-17805,6372,CONTEXT_ONLY,CONTEXT_ONLY,False,0,Нуууууууу да
msg-17807,6370,CONTEXT_ONLY,CONTEXT_ONLY,False,0,Не
msg-17808,6369,CONTEXT_ONLY,CONTEXT_ONLY,False,0,Следишь за мной ?
msg-17812,6365,CONTEXT_ONLY,CONTEXT_ONLY,False,0,Не вкусно
msg-17813,6364,CONTEXT_ONLY,CONTEXT_ONLY,False,0,нет
msg-17814,6362,CONTEXT_ONLY,CONTEXT_ONLY,False,0,Ход на 12 %
msg-17816,6360,CONTEXT_ONLY,CONTEXT_ONLY,False,0,Привет Какая цель?
msg-17817,6359,CONTEXT_ONLY,CONTEXT_ONLY,False,0,Не вкусно нихуя
msg-17818,6358,CONTEXT_ONLY,CONTEXT_ONLY,False,0,Жаба не довольна
msg-17819,6356,CONTEXT_ONLY,CONTEXT_ONLY,False,0,С геммороя пусть сосут
msg-17821,6354,CONTEXT_ONLY,CONTEXT_ONLY,False,0,С хуя не выпили ещё
msg-17823,6352,CONTEXT_ONLY,CONTEXT_ONLY,False,0,Или еще найдут?
msg-17824,6351,CONTEXT_ONLY,CONTEXT_ONLY,False,0,Кровь лонгистов выпита?
msg-17826,6349,CONTEXT_ONLY,CONTEXT_ONLY,False,0,Больше
msg-17832,6343,CONTEXT_ONLY,CONTEXT_ONLY,False,0,скушано
msg-17835,6339,CONTEXT_ONLY,CONTEXT_ONLY,False,0,гпт упала?
msg-17839,6336,CONTEXT_ONLY,CONTEXT_ONLY,False,0,не запустил в итоге
msg-17840,6335,CONTEXT_ONLY,CONTEXT_ONLY,False,0,Кнопка пролив
msg-17844,6330,CONTEXT_ONLY,CONTEXT_ONLY,False,0,кнопка бабло
msg-17845,6329,CONTEXT_ONLY,CONTEXT_ONLY,False,0,жалко его даже
msg-17846,6328,CONTEXT_ONLY,CONTEXT_ONLY,False,0,хотят его крови
msg-17847,6327,CONTEXT_ONLY,CONTEXT_ONLY,False,0,его душат)
msg-17848,6326,CONTEXT_ONLY,CONTEXT_ONLY,False,0,жмете в противоположном направлении
msg-17850,6324,CONTEXT_ONLY,CONTEXT_ONLY,False,0,чит на деньги
msg-17851,6323,CONTEXT_ONLY,CONTEXT_ONLY,False,0,вот вам
msg-17854,6320,CONTEXT_ONLY,CONTEXT_ONLY,False,0,Только твой
msg-17877,6297,CONTEXT_ONLY,CONTEXT_ONLY,False,0,Шо там такое будет?
msg-17878,6296,CONTEXT_ONLY,CONTEXT_ONLY,False,0,Почему день Х?
msg-17880,6294,CONTEXT_ONLY,CONTEXT_ONLY,False,0,я спать ладно?
msg-17881,6293,CONTEXT_ONLY,CONTEXT_ONLY,False,0,бля
msg-17884,6290,CONTEXT_ONLY,CONTEXT_ONLY,False,0,если тот польется завтра
msg-17888,6286,CONTEXT_ONLY,CONTEXT_ONLY,False,0,"Или 120, забыл"
msg-17890,6284,CONTEXT_ONLY,CONTEXT_ONLY,False,0,Четко
msg-17891,6283,CONTEXT_ONLY,CONTEXT_ONLY,False,0,Было дело
msg-17892,6282,CONTEXT_ONLY,CONTEXT_ONLY,False,0,Жара нет
msg-17895,6279,CONTEXT_ONLY,CONTEXT_ONLY,False,0,Эфир 1626
msg-17896,6278,CONTEXT_ONLY,CONTEXT_ONLY,False,0,ХД
msg-17900,6274,CONTEXT_ONLY,CONTEXT_ONLY,False,0,ЛЛ
msg-17901,6273,CONTEXT_ONLY,CONTEXT_ONLY,False,0,Лекс Лонг
msg-17902,6272,CONTEXT_ONLY,CONTEXT_ONLY,False,0,😳😳😳
msg-17903,6271,CONTEXT_ONLY,CONTEXT_ONLY,False,0,пошел нахуй
msg-17904,6270,CONTEXT_ONLY,CONTEXT_ONLY,False,0,Не в обиду
msg-17905,6269,CONTEXT_ONLY,CONTEXT_ONLY,False,0,я тебя понял
msg-17907,6267,CONTEXT_ONLY,CONTEXT_ONLY,False,0,оке
msg-17908,6266,CONTEXT_ONLY,CONTEXT_ONLY,False,0,ну я понял
msg-17909,6265,CONTEXT_ONLY,CONTEXT_ONLY,False,0,Сегодня
msg-17910,6262,CONTEXT_ONLY,CONTEXT_ONLY,False,0,"Спс, чекну завтра"
msg-17917,6256,CONTEXT_ONLY,CONTEXT_ONLY,False,0,Нуууу
msg-17918,6255,CONTEXT_ONLY,CONTEXT_ONLY,False,0,ХД
msg-17920,6253,CONTEXT_ONLY,CONTEXT_ONLY,False,0,⚠️⚠️⚠️⚠️⚠️
msg-17921,6252,CONTEXT_ONLY,CONTEXT_ONLY,False,0,но денег нет
msg-17922,6251,CONTEXT_ONLY,CONTEXT_ONLY,False,0,хорошо рисует сучка
msg-17923,6250,CONTEXT_ONLY,CONTEXT_ONLY,False,0,Для всех
msg-17924,6249,CONTEXT_ONLY,CONTEXT_ONLY,False,0,Это для лекса?
msg-17925,6248,CONTEXT_ONLY,CONTEXT_ONLY,False,0,Ждите ракетуу
msg-17926,6247,CONTEXT_ONLY,CONTEXT_ONLY,False,0,Все
msg-17928,6245,CONTEXT_ONLY,CONTEXT_ONLY,False,0,Своим коллом
msg-17929,6244,CONTEXT_ONLY,CONTEXT_ONLY,False,0,Я сейчас разверну график
msg-17930,6243,CONTEXT_ONLY,CONTEXT_ONLY,False,0,Слушайте
msg-17931,6242,CONTEXT_ONLY,CONTEXT_ONLY,False,0,Хорошо
msg-17932,6241,CONTEXT_ONLY,CONTEXT_ONLY,False,0,Хотите лонги?
msg-17936,6237,CONTEXT_ONLY,CONTEXT_ONLY,False,0,Лекс
msg-17938,6235,CONTEXT_ONLY,CONTEXT_ONLY,False,0,ну а помогут в этом...😁
msg-17941,6231,CONTEXT_ONLY,CONTEXT_ONLY,False,0,Тоже четенько
msg-17944,6227,CONTEXT_ONLY,CONTEXT_ONLY,False,0,Бойня.
msg-17945,6226,CONTEXT_ONLY,CONTEXT_ONLY,False,1,"это по ""SINGULAR"""
msg-17949,6222,CONTEXT_ONLY,CONTEXT_ONLY,False,0,ГОРЕНИЕ ЖОПЫ
msg-17952,6219,CONTEXT_ONLY,CONTEXT_ONLY,False,0,дадите ОС?
msg-17953,6218,CONTEXT_ONLY,CONTEXT_ONLY,False,0,ща
msg-17954,6217,CONTEXT_ONLY,CONTEXT_ONLY,False,0,парни
msg-17955,6215,CONTEXT_ONLY,CONTEXT_ONLY,False,0,тяжело
msg-17956,6216,CONTEXT_ONLY,CONTEXT_ONLY,False,0,дайте обуч
msg-17958,6214,CONTEXT_ONLY,CONTEXT_ONLY,False,0,Ок дай …
msg-17959,6212,CONTEXT_ONLY,CONTEXT_ONLY,False,0,.
msg-17960,6211,CONTEXT_ONLY,CONTEXT_ONLY,False,0,.
msg-17961,6210,CONTEXT_ONLY,CONTEXT_ONLY,False,0,тестите
msg-17968,6200,CONTEXT_ONLY,CONTEXT_ONLY,False,0,ну или шорты
msg-17969,6199,CONTEXT_ONLY,CONTEXT_ONLY,False,0,шорты*
msg-17970,6198,CONTEXT_ONLY,CONTEXT_ONLY,False,0,плечо х500
msg-17971,6197,CONTEXT_ONLY,CONTEXT_ONLY,False,0,вставай в лонги
msg-17972,6196,CONTEXT_ONLY,CONTEXT_ONLY,False,0,да брат
msg-17973,6195,CONTEXT_ONLY,CONTEXT_ONLY,False,0,что бы я был счастлив
msg-17974,6194,CONTEXT_ONLY,CONTEXT_ONLY,False,0,завтра будет так
msg-17975,6193,CONTEXT_ONLY,CONTEXT_ONLY,False,0,а есть вариант где
msg-17976,6192,CONTEXT_ONLY,CONTEXT_ONLY,False,0,Да
msg-17977,6191,CONTEXT_ONLY,CONTEXT_ONLY,False,0,Восстановил
msg-17979,6189,CONTEXT_ONLY,CONTEXT_ONLY,False,0,у меня постоянно так
msg-17982,6183,CONTEXT_ONLY,CONTEXT_ONLY,False,0,так ты обманщик!!!!
msg-17984,6181,CONTEXT_ONLY,CONTEXT_ONLY,False,0,я рофлю
msg-17988,6176,CONTEXT_ONLY,CONTEXT_ONLY,False,0,А ням ням?
msg-17993,6170,CONTEXT_ONLY,CONTEXT_ONLY,False,0,не
msg-18000,6162,CONTEXT_ONLY,CONTEXT_ONLY,False,0,Дананг
msg-18001,6161,CONTEXT_ONLY,CONTEXT_ONLY,False,0,имя отправителя скрываю
msg-18002,6160,CONTEXT_ONLY,CONTEXT_ONLY,False,0,А как ты так кидаешь кружок?
msg-18004,6157,CONTEXT_ONLY,CONTEXT_ONLY,False,0,Все хорошо
msg-18005,6156,CONTEXT_ONLY,CONTEXT_ONLY,False,0,"Спасибо, скинули уже"
msg-18006,6155,CONTEXT_ONLY,CONTEXT_ONLY,False,0,а не таиланд
msg-18007,6154,CONTEXT_ONLY,CONTEXT_ONLY,False,0,это же вьетнам
msg-18008,6153,CONTEXT_ONLY,CONTEXT_ONLY,False,0,хотя нет
msg-18011,6150,CONTEXT_ONLY,CONTEXT_ONLY,False,0,ну а телефоном можно
msg-18012,6149,CONTEXT_ONLY,CONTEXT_ONLY,False,0,Но там ремикс какой-то
msg-18013,6147,CONTEXT_ONLY,CONTEXT_ONLY,False,0,Куда едете?
msg-18014,6146,CONTEXT_ONLY,CONTEXT_ONLY,False,0,докатились)
msg-18015,6145,CONTEXT_ONLY,CONTEXT_ONLY,False,0,С фришек сижу
msg-18017,6143,CONTEXT_ONLY,CONTEXT_ONLY,False,0,Поясни
msg-18019,6141,CONTEXT_ONLY,CONTEXT_ONLY,False,0,все как мы любим
msg-18021,6139,CONTEXT_ONLY,CONTEXT_ONLY,False,0,Темка
msg-18022,6137,CONTEXT_ONLY,CONTEXT_ONLY,False,0,Абуз пропок...
msg-18025,6133,CONTEXT_ONLY,CONTEXT_ONLY,False,0,И уснули нахуй
msg-18026,6132,CONTEXT_ONLY,CONTEXT_ONLY,False,0,Утомились
msg-18027,6131,CONTEXT_ONLY,CONTEXT_ONLY,False,0,Пока читали
msg-18028,6130,CONTEXT_ONLY,CONTEXT_ONLY,False,0,11
msg-18034,6124,CONTEXT_ONLY,CONTEXT_ONLY,False,0,ща
msg-18035,6123,CONTEXT_ONLY,CONTEXT_ONLY,False,0,оке
msg-18036,6122,CONTEXT_ONLY,CONTEXT_ONLY,False,0,залей
msg-18040,6118,SIGNAL_ONLY,ATTACH_AS_CORROBORATING_EVIDENCE,False,1,я тут еще с Gemini ковыряюсь
msg-18042,6116,CONTEXT_ONLY,CONTEXT_ONLY,False,0,Хорош
msg-18043,6115,CONTEXT_ONLY,CONTEXT_ONLY,False,0,Ага
msg-18046,6112,CONTEXT_ONLY,ATTACH_AS_CORROBORATING_EVIDENCE,False,0,Деньгами)) Покупай подписки))
msg-18055,6104,CONTEXT_ONLY,CONTEXT_ONLY,False,0,На углях
msg-18056,6102,CONTEXT_ONLY,CONTEXT_ONLY,False,0,Тоже армяне
msg-18059,6100,CONTEXT_ONLY,CONTEXT_ONLY,False,0,Интересно получается
msg-18061,6095,CONTEXT_ONLY,CONTEXT_ONLY,False,0,200х
msg-18062,6098,CONTEXT_ONLY,CONTEXT_ONLY,False,0,Самое то
msg-18063,6097,CONTEXT_ONLY,CONTEXT_ONLY,False,0,На углях
msg-18064,6096,CONTEXT_ONLY,CONTEXT_ONLY,False,0,"Да, кстати"
msg-18065,6093,CONTEXT_ONLY,CONTEXT_ONLY,False,0,Ахуительную
msg-18068,6090,CONTEXT_ONLY,CONTEXT_ONLY,False,0,по акции
msg-18070,6087,CONTEXT_ONLY,CONTEXT_ONLY,False,0,Ахуенная
msg-18071,6086,CONTEXT_ONLY,CONTEXT_ONLY,False,0,Есть у армян точка
msg-18072,6085,CONTEXT_ONLY,CONTEXT_ONLY,False,0,Придется
msg-18073,6083,CONTEXT_ONLY,CONTEXT_ONLY,False,0,на фришке
msg-18074,6084,CONTEXT_ONLY,CONTEXT_ONLY,False,0,Очень редко
msg-18075,6082,CONTEXT_ONLY,ATTACH_AS_CORROBORATING_EVIDENCE,False,0,Я такое не кушаю
msg-18076,6081,CONTEXT_ONLY,CONTEXT_ONLY,False,0,На pro-шке?
msg-18078,6080,CONTEXT_ONLY,ATTACH_AS_CORROBORATING_EVIDENCE,False,0,Ну ещё капусту можно
msg-18080,6077,CONTEXT_ONLY,CONTEXT_ONLY,False,0,Это типо хдрезка?
msg-18081,6076,CONTEXT_ONLY,CONTEXT_ONLY,False,0,Остальное в пизду
msg-18082,6072,CONTEXT_ONLY,CONTEXT_ONLY,False,0,"Не, серьзено"
msg-18083,6075,CONTEXT_ONLY,ATTACH_AS_CORROBORATING_EVIDENCE,False,0,"Помидоры, лук, лаваш"
msg-18085,6073,CONTEXT_ONLY,ATTACH_AS_CORROBORATING_EVIDENCE,False,0,шаверма 200
msg-18086,6071,CONTEXT_ONLY,ATTACH_AS_CORROBORATING_EVIDENCE,False,0,поинт какой
msg-18090,6067,CONTEXT_ONLY,CONTEXT_ONLY,False,0,автобус бесплатно
msg-18092,6064,CONTEXT_ONLY,ATTACH_AS_CORROBORATING_EVIDENCE,False,0,постараемся
msg-18097,6060,CONTEXT_ONLY,CONTEXT_ONLY,False,0,75
msg-18098,6059,CONTEXT_ONLY,CONTEXT_ONLY,False,0,наверное столько
msg-18100,6057,CONTEXT_ONLY,CONTEXT_ONLY,False,0,Ну вот
msg-18101,6056,CONTEXT_ONLY,CONTEXT_ONLY,False,0,Рублей 50
msg-18102,6055,CONTEXT_ONLY,CONTEXT_ONLY,False,0,Хз я с саратова
msg-18103,6054,CONTEXT_ONLY,CONTEXT_ONLY,False,0,Хз
msg-18105,6053,CONTEXT_ONLY,CONTEXT_ONLY,False,0,Автобус/маршрутка
msg-18109,6049,CONTEXT_ONLY,CONTEXT_ONLY,False,0,еще на холодное хватает
msg-18111,6046,CONTEXT_ONLY,CONTEXT_ONLY,False,0,да ладно тебе
msg-18113,6044,CONTEXT_ONLY,CONTEXT_ONLY,False,0,На все необходимое хватит
msg-18115,6043,CONTEXT_ONLY,CONTEXT_ONLY,False,0,"Сигареты, шаурма, чекушка"
msg-18116,6041,CONTEXT_ONLY,CONTEXT_ONLY,False,0,я чую сарказм
msg-18117,6040,CONTEXT_ONLY,CONTEXT_ONLY,False,0,Круто оч
msg-18118,6038,CONTEXT_ONLY,CONTEXT_ONLY,False,0,как ахуенно
msg-18121,6036,CONTEXT_ONLY,CONTEXT_ONLY,False,0,зато качество хорошее
msg-18122,6035,CONTEXT_ONLY,CONTEXT_ONLY,False,0,а хули нет
msg-18124,6033,CONTEXT_ONLY,CONTEXT_ONLY,False,0,"100мб, серьезео?"
msg-18127,6030,CONTEXT_ONLY,ATTACH_AS_CORROBORATING_EVIDENCE,False,0,не рф который
msg-18128,6029,CONTEXT_ONLY,CONTEXT_ONLY,False,0,как же глм крут
msg-18129,6026,CONTEXT_ONLY,ATTACH_AS_CORROBORATING_EVIDENCE,False,0,api.
msg-18132,6025,CONTEXT_ONLY,ATTACH_AS_CORROBORATING_EVIDENCE,False,0,да у меня тоже летает
msg-18133,6024,CONTEXT_ONLY,ATTACH_AS_CORROBORATING_EVIDENCE,False,0,base_url
msg-18134,6023,CONTEXT_ONLY,CONTEXT_ONLY,False,0,а с криптой что?
msg-18136,6019,CONTEXT_ONLY,ATTACH_AS_CORROBORATING_EVIDENCE,False,0,что за поинт
msg-18146,6009,CONTEXT_ONLY,CONTEXT_ONLY,False,0,Сам пенис еблан
msg-18148,6008,CONTEXT_ONLY,CONTEXT_ONLY,False,0,При чём тут рука
msg-18150,6005,CONTEXT_ONLY,CONTEXT_ONLY,False,0,кочерыжка
msg-18151,6004,CONTEXT_ONLY,CONTEXT_ONLY,False,0,спасибо за совет
msg-18152,6003,CONTEXT_ONLY,CONTEXT_ONLY,False,0,Заявок и без тебя дохуя
msg-18153,6002,CONTEXT_ONLY,CONTEXT_ONLY,False,0,Не пиши
msg-18154,6001,CONTEXT_ONLY,CONTEXT_ONLY,False,0,Нет
msg-18155,5990,CONTEXT_ONLY,CONTEXT_ONLY,False,0,Смешное слово
msg-18156,5988,CONTEXT_ONLY,CONTEXT_ONLY,False,0,Эквилибриум
msg-18158,5985,CONTEXT_ONLY,CONTEXT_ONLY,False,0,а если лень писать
msg-18161,5983,CONTEXT_ONLY,CONTEXT_ONLY,False,0,У меня тоже хуй кривой
msg-18165,5976,CONTEXT_ONLY,CONTEXT_ONLY,False,0,все нормально
msg-18169,5974,CONTEXT_ONLY,CONTEXT_ONLY,False,0,офф
msg-18170,5972,CONTEXT_ONLY,CONTEXT_ONLY,False,0,Ты через что сидишь?
msg-18171,5971,CONTEXT_ONLY,CONTEXT_ONLY,False,0,культ дистиллята
msg-18173,5967,CONTEXT_ONLY,CONTEXT_ONLY,False,0,Бля ну и фамилия
msg-18177,5960,CONTEXT_ONLY,CONTEXT_ONLY,False,0,или они их так быстро релизят
msg-18178,5961,CONTEXT_ONLY,CONTEXT_ONLY,False,0,это вообще пиздец
msg-18180,5958,CONTEXT_ONLY,CONTEXT_ONLY,False,0,так вроде недавно 5.2 вышла?
msg-18181,5957,CONTEXT_ONLY,CONTEXT_ONLY,False,0,Это вообще треш
msg-18182,5956,CONTEXT_ONLY,CONTEXT_ONLY,False,0,Ухахахаха
msg-18185,5953,CONTEXT_ONLY,CONTEXT_ONLY,False,0,а там щас тоже беда
msg-18191,5947,CONTEXT_ONLY,CONTEXT_ONLY,False,0,факты
msg-18192,5945,CONTEXT_ONLY,CONTEXT_ONLY,False,0,Дегенерат скорей)
msg-18194,5943,CONTEXT_ONLY,CONTEXT_ONLY,False,0,скорее тогда оркестратор
msg-18195,5942,CONTEXT_ONLY,CONTEXT_ONLY,False,0,аа ухты
msg-18196,5941,CONTEXT_ONLY,CONTEXT_ONLY,False,0,управляет модельками
msg-18198,5938,CONTEXT_ONLY,CONTEXT_ONLY,False,0,это как тим лид
msg-18199,5937,CONTEXT_ONLY,CONTEXT_ONLY,False,0,у меня нет таких проблем
msg-18200,5936,CONTEXT_ONLY,ATTACH_AS_CORROBORATING_EVIDENCE,False,0,дада точнл
msg-18201,5935,CONTEXT_ONLY,CONTEXT_ONLY,False,0,Вы лучшее коммьюнити
msg-18203,5934,CONTEXT_ONLY,CONTEXT_ONLY,False,0,Благодарю
msg-18206,5930,CONTEXT_ONLY,CONTEXT_ONLY,False,0,это мини модель
msg-18210,5926,CONTEXT_ONLY,CONTEXT_ONLY,False,0,В лс напиши скину
msg-18212,5925,CONTEXT_ONLY,CONTEXT_ONLY,False,0,имагена хип да
msg-18213,5923,CONTEXT_ONLY,CONTEXT_ONLY,False,0,надеюсь вырвуться вперед)
msg-18214,5922,CONTEXT_ONLY,CONTEXT_ONLY,False,0,Headlock Imagine Heap
msg-18217,5919,CONTEXT_ONLY,CONTEXT_ONLY,False,0,.
msg-18219,5917,CONTEXT_ONLY,CONTEXT_ONLY,False,0,.
msg-18220,5916,CONTEXT_ONLY,CONTEXT_ONLY,False,0,Не шазамится
msg-18222,5915,CONTEXT_ONLY,CONTEXT_ONLY,False,0,шазамни
msg-18223,5914,CONTEXT_ONLY,CONTEXT_ONLY,False,0,headlock
msg-18224,5913,CONTEXT_ONLY,CONTEXT_ONLY,False,0,Зашазамь
msg-18225,5909,CONTEXT_ONLY,CONTEXT_ONLY,False,0,Отметь точкой
msg-18227,5908,CONTEXT_ONLY,CONTEXT_ONLY,False,0,выше в чате глянь
msg-18230,5905,CONTEXT_ONLY,CONTEXT_ONLY,False,0,мы разрабытваем singular
msg-18233,5902,CONTEXT_ONLY,CONTEXT_ONLY,False,0,с кокосовым заебись
msg-18238,5894,CONTEXT_ONLY,CONTEXT_ONLY,False,0,Это бронекофе
msg-18239,5893,CONTEXT_ONLY,CONTEXT_ONLY,False,0,избранным топ компаниям
msg-18241,5891,CONTEXT_ONLY,CONTEXT_ONLY,False,0,"Бля, забываю попробовать"
msg-18244,5888,CONTEXT_ONLY,CONTEXT_ONLY,False,0,Выжимка наггетсов
msg-18245,5886,CONTEXT_ONLY,CONTEXT_ONLY,False,0,Подсолнечное
msg-18249,5882,CONTEXT_ONLY,CONTEXT_ONLY,False,0,"Я там архив закинул, норм?"
msg-18250,5881,CONTEXT_ONLY,CONTEXT_ONLY,False,0,Пизданись просто...
msg-18251,5879,CONTEXT_ONLY,CONTEXT_ONLY,False,0,Бронекофе
msg-18253,5878,CONTEXT_ONLY,CONTEXT_ONLY,False,0,Название
msg-18254,5877,CONTEXT_ONLY,CONTEXT_ONLY,False,0,С маслом бля
msg-18255,5876,CONTEXT_ONLY,CONTEXT_ONLY,False,0,Как оно там
msg-18256,5875,CONTEXT_ONLY,CONTEXT_ONLY,False,0,Кофе
msg-18261,5870,CONTEXT_ONLY,CONTEXT_ONLY,False,0,Ликвидация – мотивация
msg-18263,5868,CONTEXT_ONLY,CONTEXT_ONLY,False,0,суть та же
msg-18264,5867,CONTEXT_ONLY,CONTEXT_ONLY,False,0,Кошку глажу
msg-18265,5866,CONTEXT_ONLY,CONTEXT_ONLY,False,0,Нахуй похуй
msg-18266,5865,CONTEXT_ONLY,CONTEXT_ONLY,False,0,Я не в позе
msg-18275,5798,CONTEXT_ONLY,CONTEXT_ONLY,False,0,Без 5.6 пока что
msg-18277,5794,CONTEXT_ONLY,CONTEXT_ONLY,False,0,Суточные дайджесты топчик
msg-18282,5788,CONTEXT_ONLY,CONTEXT_ONLY,False,0,Посмотрим детальнее
msg-18283,5787,CONTEXT_ONLY,CONTEXT_ONLY,False,0,изучаем
msg-18290,5779,CONTEXT_ONLY,CONTEXT_ONLY,False,0,Скрытый реф
msg-18292,5776,CONTEXT_ONLY,ATTACH_AS_CORROBORATING_EVIDENCE,False,0,Можно ссылку?
msg-18295,5774,CONTEXT_ONLY,ATTACH_AS_CORROBORATING_EVIDENCE,False,0,5 долларов в день
msg-18296,5773,CONTEXT_ONLY,ATTACH_AS_CORROBORATING_EVIDENCE,False,0,кавоти ворк
msg-18297,5770,CONTEXT_ONLY,ATTACH_AS_CORROBORATING_EVIDENCE,False,0,добавлю
msg-18308,5761,CONTEXT_ONLY,CONTEXT_ONLY,False,0,.
msg-18311,5754,CONTEXT_ONLY,CONTEXT_ONLY,False,0,Cli?
msg-18313,5698,CONTEXT_ONLY,CONTEXT_ONLY,False,0,Я тоже так
msg-18318,5642,CONTEXT_ONLY,ATTACH_AS_CORROBORATING_EVIDENCE,False,0,открылся кодекс
msg-18321,5639,CONTEXT_ONLY,ATTACH_AS_CORROBORATING_EVIDENCE,False,0,"бесит, но делаем))"
msg-18329,5630,CONTEXT_ONLY,ATTACH_AS_CORROBORATING_EVIDENCE,False,0,там все из коробки
msg-18331,5627,CONTEXT_ONLY,CONTEXT_ONLY,False,0,кодекс
msg-18332,5628,CONTEXT_ONLY,CONTEXT_ONLY,False,0,всё есть
msg-18334,5625,CONTEXT_ONLY,CONTEXT_ONLY,False,0,кодекс или клауд?
msg-18338,5620,CONTEXT_ONLY,CONTEXT_ONLY,False,0,у них цифровое бессмертие
msg-18341,5618,CONTEXT_ONLY,CONTEXT_ONLY,False,0,Так они и делают
msg-18344,5611,CONTEXT_ONLY,CONTEXT_ONLY,False,0,"ну, а как ты хотел?))"
msg-18346,5610,CONTEXT_ONLY,CONTEXT_ONLY,False,0,да похуй
msg-18348,5607,CONTEXT_ONLY,CONTEXT_ONLY,False,0,есть такое у кодекса
msg-18351,5603,CONTEXT_ONLY,CONTEXT_ONLY,False,0,но проебали момент
msg-18353,5601,CONTEXT_ONLY,CONTEXT_ONLY,False,0,пока вот так едет
msg-18357,5597,CONTEXT_ONLY,CONTEXT_ONLY,False,0,надо настроить все
msg-18359,5594,CONTEXT_ONLY,CONTEXT_ONLY,False,0,но в целом пофигу
msg-18363,5591,CONTEXT_ONLY,CONTEXT_ONLY,False,0,традиционный ии для русских
msg-18364,5588,CONTEXT_ONLY,CONTEXT_ONLY,False,0,поехали
msg-18365,5586,CONTEXT_ONLY,CONTEXT_ONLY,False,0,кк
msg-18367,5585,CONTEXT_ONLY,CONTEXT_ONLY,False,0,заняли получается
msg-18371,5580,CONTEXT_ONLY,CONTEXT_ONLY,False,0,без входа
msg-18372,5579,CONTEXT_ONLY,CONTEXT_ONLY,False,0,это и мои без картинки в
msg-18376,5575,CONTEXT_ONLY,CONTEXT_ONLY,False,0,уже так 5 минут ((
msg-18381,5569,CONTEXT_ONLY,CONTEXT_ONLY,False,0,нахуя
msg-18382,5568,CONTEXT_ONLY,CONTEXT_ONLY,False,0,а они делают
msg-18385,5562,CONTEXT_ONLY,CONTEXT_ONLY,False,0,сочтёмся что все они калоеды
msg-18386,5561,NEEDS_ENRICHMENT,CONTEXT_ONLY,False,1,https://t.me/Ablayann
msg-18387,5558,CONTEXT_ONLY,CONTEXT_ONLY,False,0,Причём база маркетинга
msg-18390,5554,CONTEXT_ONLY,CONTEXT_ONLY,False,0,а где-то подругому?)))
msg-18391,5553,CONTEXT_ONLY,CONTEXT_ONLY,False,0,нет конечно) у меня никсос
msg-18392,5552,CONTEXT_ONLY,CONTEXT_ONLY,False,0,Это Абдукот
msg-18393,5551,CONTEXT_ONLY,ATTACH_AS_CORROBORATING_EVIDENCE,False,0,это база
msg-18394,5550,CONTEXT_ONLY,ATTACH_AS_CORROBORATING_EVIDENCE,False,0,скинь
msg-18397,5547,CONTEXT_ONLY,CONTEXT_ONLY,False,0,Винда?
msg-18399,5545,CONTEXT_ONLY,CONTEXT_ONLY,False,0,это что?
msg-18400,5544,CONTEXT_ONLY,CONTEXT_ONLY,False,0,Не ИИ
msg-18401,5543,CONTEXT_ONLY,CONTEXT_ONLY,False,0,Мой кот
msg-18402,5541,CONTEXT_ONLY,ATTACH_AS_CORROBORATING_EVIDENCE,False,0,в арабском канале
msg-18403,5540,CONTEXT_ONLY,ATTACH_AS_CORROBORATING_EVIDENCE,False,0,где увидел?
msg-18404,5539,CONTEXT_ONLY,CONTEXT_ONLY,False,0,ХАЭАЭАХАХАХАХАХАХАХПХА
msg-18405,5538,CONTEXT_ONLY,CONTEXT_ONLY,False,0,ЕБАНЫЙ В РОТ
msg-18406,5537,CONTEXT_ONLY,CONTEXT_ONLY,False,0,АХАХАХХАХАХАХАХАХАХААХАХАХАХАХАХАХХКХКХКХКХКХКХКК
msg-18413,5529,CONTEXT_ONLY,ATTACH_AS_CORROBORATING_EVIDENCE,False,0,2 хуйни нашёл непроработанных
msg-18414,5526,CONTEXT_ONLY,ATTACH_AS_CORROBORATING_EVIDENCE,False,0,сразу же
msg-18418,5522,CONTEXT_ONLY,CONTEXT_ONLY,False,0,Каефно
msg-18420,5518,CONTEXT_ONLY,CONTEXT_ONLY,False,0,"ща, у меня тут проблемка)"
msg-18421,5516,CONTEXT_ONLY,CONTEXT_ONLY,False,0,на курсы можно записаться? ))
msg-18424,5514,CONTEXT_ONLY,ATTACH_AS_CORROBORATING_EVIDENCE,False,0,И не гос
msg-18425,5513,CONTEXT_ONLY,CONTEXT_ONLY,False,0,А там я фотку и нашел вроде
msg-18426,5512,CONTEXT_ONLY,CONTEXT_ONLY,False,0,а попробуй через нас
msg-18427,5511,CONTEXT_ONLY,CONTEXT_ONLY,False,0,нет офф
msg-18428,5509,CONTEXT_ONLY,CONTEXT_ONLY,False,0,это через нас?
msg-18430,5506,CONTEXT_ONLY,CONTEXT_ONLY,False,0,чуть усилил промт))
msg-18432,5507,CONTEXT_ONLY,CONTEXT_ONLY,False,0,Это с моего рега запись
msg-18436,5497,CONTEXT_ONLY,CONTEXT_ONLY,False,0,А ну вот
msg-18437,5496,CONTEXT_ONLY,ATTACH_AS_CORROBORATING_EVIDENCE,False,0,у тебя ограничение в шаблонности
msg-18439,5493,CONTEXT_ONLY,ATTACH_AS_CORROBORATING_EVIDENCE,False,0,ну тильда это конструктор
msg-18442,5490,CONTEXT_ONLY,CONTEXT_ONLY,False,0,Это старый акк его
msg-18446,5486,CONTEXT_ONLY,CONTEXT_ONLY,False,0,А или не кидал
msg-18447,5485,CONTEXT_ONLY,CONTEXT_ONLY,False,0,Поищи по поиску
msg-18448,5483,CONTEXT_ONLY,CONTEXT_ONLY,False,0,Та я ж кидал уже
msg-18450,5481,CONTEXT_ONLY,CONTEXT_ONLY,False,0,Слава богу все норм
msg-18454,5477,CONTEXT_ONLY,ATTACH_AS_CORROBORATING_EVIDENCE,False,0,да я не сомневаюсь
msg-18456,5475,CONTEXT_ONLY,CONTEXT_ONLY,False,0,Вот у нас
msg-18457,5474,CONTEXT_ONLY,CONTEXT_ONLY,False,0,Тоже контора гандонов
msg-18459,5472,CONTEXT_ONLY,CONTEXT_ONLY,False,0,Бестчендж брат
msg-18462,5469,CONTEXT_ONLY,CONTEXT_ONLY,False,0,До обменника ехать
msg-18463,5465,CONTEXT_ONLY,CONTEXT_ONLY,False,0,Ну там сумма бля
msg-18466,5467,CONTEXT_ONLY,CONTEXT_ONLY,False,0,"Ооо, набилдил так набилдил"
msg-18467,5464,CONTEXT_ONLY,CONTEXT_ONLY,False,0,Это смело
msg-18471,5460,CONTEXT_ONLY,CONTEXT_ONLY,False,0,и он спрашивает детали
msg-18473,5458,CONTEXT_ONLY,ATTACH_AS_CORROBORATING_EVIDENCE,False,0,да там промпт билдер
msg-18474,5457,CONTEXT_ONLY,CONTEXT_ONLY,False,0,Ахахк
msg-18476,5456,CONTEXT_ONLY,ATTACH_AS_CORROBORATING_EVIDENCE,False,0,А что за промт был?
msg-18477,5453,CONTEXT_ONLY,ATTACH_AS_CORROBORATING_EVIDENCE,False,0,Попробуй допилить
msg-18480,5451,CONTEXT_ONLY,CONTEXT_ONLY,False,0,В середине мая
msg-18481,5449,CONTEXT_ONLY,CONTEXT_ONLY,False,0,Контора пидарасов
msg-18484,5446,CONTEXT_ONLY,CONTEXT_ONLY,False,0,давай попробуем
msg-18486,5445,CONTEXT_ONLY,CONTEXT_ONLY,False,0,Пиздец 😁
msg-18488,5441,CONTEXT_ONLY,CONTEXT_ONLY,False,0,Аззаахахкххкхк
msg-18492,5437,CONTEXT_ONLY,CONTEXT_ONLY,False,0,для редактирования ток гемини
msg-18499,5429,CONTEXT_ONLY,CONTEXT_ONLY,False,0,да
msg-18500,5428,CONTEXT_ONLY,ATTACH_AS_CORROBORATING_EVIDENCE,False,0,Надо брать
msg-18501,5427,CONTEXT_ONLY,ATTACH_AS_CORROBORATING_EVIDENCE,False,0,и минут 15 времени
msg-18504,5423,CONTEXT_ONLY,CONTEXT_ONLY,False,0,такой промт подойдёт?
msg-18506,5421,CONTEXT_ONLY,ATTACH_AS_CORROBORATING_EVIDENCE,False,0,110
msg-18510,5417,CONTEXT_ONLY,ATTACH_AS_CORROBORATING_EVIDENCE,False,0,Скок токенов ушло?
msg-18511,5416,CONTEXT_ONLY,CONTEXT_ONLY,False,0,ну посмотрим)
msg-18512,5415,CONTEXT_ONLY,CONTEXT_ONLY,False,0,платега у него залочена
msg-18514,5412,CONTEXT_ONLY,ATTACH_AS_CORROBORATING_EVIDENCE,False,0,"отлично , беру два"
msg-18515,5413,CONTEXT_ONLY,CONTEXT_ONLY,False,0,=бектест
msg-18516,5411,CONTEXT_ONLY,CONTEXT_ONLY,False,0,скидкофарм
msg-18518,5409,CONTEXT_ONLY,CONTEXT_ONLY,False,0,СПБ
msg-18520,5406,CONTEXT_ONLY,CONTEXT_ONLY,False,0,~150-200к
msg-18521,5404,CONTEXT_ONLY,ATTACH_AS_CORROBORATING_EVIDENCE,False,0,Ахуеть какие созидатели
msg-18522,5403,CONTEXT_ONLY,CONTEXT_ONLY,False,0,фастом скажите пж
msg-18524,5399,CONTEXT_ONLY,CONTEXT_ONLY,False,0,мне
msg-18525,5397,CONTEXT_ONLY,CONTEXT_ONLY,False,0,че писать
msg-18527,5396,CONTEXT_ONLY,CONTEXT_ONLY,False,0,Я также думаю
msg-18528,5393,CONTEXT_ONLY,ATTACH_AS_CORROBORATING_EVIDENCE,False,0,это про атомное сердце
msg-18529,5394,CONTEXT_ONLY,CONTEXT_ONLY,False,0,Лайфчендж выглядит примерно так
msg-18530,5392,CONTEXT_ONLY,ATTACH_AS_CORROBORATING_EVIDENCE,False,0,"А нет, я неправильно посчитал"
msg-18533,5378,CONTEXT_ONLY,CONTEXT_ONLY,False,0,Что?
msg-18534,5386,CONTEXT_ONLY,ATTACH_AS_CORROBORATING_EVIDENCE,False,0,"Больше, ты чего"
msg-18535,5387,SIGNAL_ONLY,CONTEXT_ONLY,False,0,думаю $2-3к
msg-18537,5374,CONTEXT_ONLY,CONTEXT_ONLY,False,0,на айфоне работаети
msg-18542,5370,CONTEXT_ONLY,CONTEXT_ONLY,False,0,Все
msg-18544,5369,CONTEXT_ONLY,CONTEXT_ONLY,False,0,Погнали
msg-18546,5675,CONTEXT_ONLY,CONTEXT_ONLY,False,0,+
msg-18549,5678,CONTEXT_ONLY,CONTEXT_ONLY,False,0,Окей
msg-18553,5682,CONTEXT_ONLY,CONTEXT_ONLY,False,1,roman-gomelsky@yandex.ru
msg-18554,5683,CONTEXT_ONLY,CONTEXT_ONLY,False,0,Куда
msg-18556,5812,CONTEXT_ONLY,CONTEXT_ONLY,False,0,абдурофл 👍
msg-18557,5811,CONTEXT_ONLY,CONTEXT_ONLY,False,0,Абдутильт
msg-18558,5810,CONTEXT_ONLY,CONTEXT_ONLY,False,0,абдужизнь
msg-18559,5809,CONTEXT_ONLY,CONTEXT_ONLY,False,0,Абдуслил
msg-18561,5807,CONTEXT_ONLY,CONTEXT_ONLY,False,0,Абдуотдых
msg-18562,5806,CONTEXT_ONLY,CONTEXT_ONLY,False,0,Абдуобуч
msg-18563,5803,CONTEXT_ONLY,CONTEXT_ONLY,False,0,АБДУИМПЕРАТОР
msg-18565,5686,CONTEXT_ONLY,CONTEXT_ONLY,False,0,по вк чекнул
msg-18566,5687,CONTEXT_ONLY,CONTEXT_ONLY,False,0,тема
msg-18567,5688,CONTEXT_ONLY,CONTEXT_ONLY,False,0,а да?
msg-18570,5691,CONTEXT_ONLY,CONTEXT_ONLY,False,0,+
msg-18571,5692,CONTEXT_ONLY,CONTEXT_ONLY,False,0,нашел в фотках
msg-18572,5693,CONTEXT_ONLY,CONTEXT_ONLY,False,0,когда все встанут
msg-18573,5695,CONTEXT_ONLY,CONTEXT_ONLY,False,0,без б
msg-18575,5697,CONTEXT_ONLY,CONTEXT_ONLY,False,0,подожи
msg-18581,5359,CONTEXT_ONLY,CONTEXT_ONLY,False,0,СПб
msg-18584,5356,CONTEXT_ONLY,CONTEXT_ONLY,False,0,Да
msg-18585,5355,CONTEXT_ONLY,CONTEXT_ONLY,False,0,Новый?
msg-18586,5354,CONTEXT_ONLY,CONTEXT_ONLY,False,0,80к рублей
msg-18587,5353,CONTEXT_ONLY,CONTEXT_ONLY,False,0,В рф
msg-18588,5352,CONTEXT_ONLY,CONTEXT_ONLY,False,0,Не в рф?
msg-18590,5350,CONTEXT_ONLY,CONTEXT_ONLY,False,0,1к$
msg-18593,5345,CONTEXT_ONLY,CONTEXT_ONLY,False,0,и греется как тварь
msg-18595,5343,CONTEXT_ONLY,CONTEXT_ONLY,False,0,А скок деняк?
msg-18596,5342,CONTEXT_ONLY,CONTEXT_ONLY,False,0,Ну 16 норм
msg-18597,5341,CONTEXT_ONLY,CONTEXT_ONLY,False,0,Апгрейд с м1 8/512
msg-18598,5340,CONTEXT_ONLY,CONTEXT_ONLY,False,0,16/512
msg-18599,5339,CONTEXT_ONLY,CONTEXT_ONLY,False,0,М5
msg-18600,5337,CONTEXT_ONLY,CONTEXT_ONLY,False,0,Да
msg-18601,5336,CONTEXT_ONLY,CONTEXT_ONLY,False,0,А вообще поздравляю конечно))
msg-18602,5335,CONTEXT_ONLY,CONTEXT_ONLY,False,0,там 8 гб озу да?
msg-18603,5334,CONTEXT_ONLY,CONTEXT_ONLY,False,0,За скок взял?
msg-18604,5333,CONTEXT_ONLY,CONTEXT_ONLY,False,0,Как владелец эира - соболезную
msg-18606,5331,CONTEXT_ONLY,CONTEXT_ONLY,False,0,Air 🙂‍↕️
msg-18615,5322,CONTEXT_ONLY,CONTEXT_ONLY,False,0,.
msg-18616,5321,CONTEXT_ONLY,CONTEXT_ONLY,False,0,спамблок
msg-18618,5319,CONTEXT_ONLY,CONTEXT_ONLY,False,0,Все работает
msg-18619,5318,CONTEXT_ONLY,CONTEXT_ONLY,False,0,все понял
msg-18622,5315,CONTEXT_ONLY,CONTEXT_ONLY,False,0,а зачем твины создаешь?
msg-18623,5314,CONTEXT_ONLY,CONTEXT_ONLY,False,0,ага
msg-18624,5313,CONTEXT_ONLY,CONTEXT_ONLY,False,0,а
msg-18625,5312,CONTEXT_ONLY,CONTEXT_ONLY,False,1,@aeramc
msg-18626,5311,CONTEXT_ONLY,CONTEXT_ONLY,False,0,это я
msg-18627,5310,CONTEXT_ONLY,CONTEXT_ONLY,False,0,ты дебил
msg-18628,5309,CONTEXT_ONLY,CONTEXT_ONLY,False,0,это я и есть
msg-18630,5307,CONTEXT_ONLY,CONTEXT_ONLY,False,0,утюг ты?
msg-18631,5306,CONTEXT_ONLY,CONTEXT_ONLY,False,0,привет
msg-18633,5304,CONTEXT_ONLY,CONTEXT_ONLY,False,0,"о, утюг?"
msg-18634,5303,CONTEXT_ONLY,CONTEXT_ONLY,False,0,рил
msg-18637,5300,CONTEXT_ONLY,CONTEXT_ONLY,False,0,)
msg-18639,5298,CONTEXT_ONLY,CONTEXT_ONLY,False,0,thx
msg-18640,5297,CONTEXT_ONLY,ATTACH_AS_CORROBORATING_EVIDENCE,False,1,THDX
msg-18641,5296,CONTEXT_ONLY,ATTACH_AS_CORROBORATING_EVIDENCE,False,0,успел)
msg-18645,5291,CONTEXT_ONLY,CONTEXT_ONLY,False,0,?
msg-18647,5289,CONTEXT_ONLY,CONTEXT_ONLY,False,0,а апи стабильно работает?
msg-18648,5292,CONTEXT_ONLY,CONTEXT_ONLY,False,0,Отличная коробка
msg-18649,5288,CONTEXT_ONLY,ATTACH_AS_CORROBORATING_EVIDENCE,False,0,не юзал
msg-18650,5287,CONTEXT_ONLY,ATTACH_AS_CORROBORATING_EVIDENCE,False,0,ну так юзал или нет
msg-18652,5285,CONTEXT_ONLY,ATTACH_AS_CORROBORATING_EVIDENCE,False,0,пасиба
msg-18653,5284,CONTEXT_ONLY,ATTACH_AS_CORROBORATING_EVIDENCE,False,0,кайф
msg-18654,5283,CONTEXT_ONLY,ATTACH_AS_CORROBORATING_EVIDENCE,False,0,о
msg-18657,5280,CONTEXT_ONLY,ATTACH_AS_CORROBORATING_EVIDENCE,False,0,а хуй знает
msg-18659,5278,CONTEXT_ONLY,ATTACH_AS_CORROBORATING_EVIDENCE,False,1,@GofMan5
msg-18660,5276,CONTEXT_ONLY,ATTACH_AS_CORROBORATING_EVIDENCE,False,0,мокап данные?
msg-18662,5273,CONTEXT_ONLY,CONTEXT_ONLY,False,0,+79012079518
msg-18663,5277,CONTEXT_ONLY,CONTEXT_ONLY,False,0,Обновочка
msg-18664,5272,CONTEXT_ONLY,CONTEXT_ONLY,False,0,+972505192642
msg-18668,5814,CONTEXT_ONLY,CONTEXT_ONLY,False,0,понял
msg-18669,5268,CONTEXT_ONLY,CONTEXT_ONLY,False,0,может Adobe Firefly?
msg-18670,5267,CONTEXT_ONLY,CONTEXT_ONLY,False,0,привет утюжок
msg-18671,5266,CONTEXT_ONLY,ATTACH_AS_CORROBORATING_EVIDENCE,False,0,клауда увы нету
msg-18677,5258,CONTEXT_ONLY,CONTEXT_ONLY,False,0,а ща как нехуй делать
msg-18680,5255,CONTEXT_ONLY,CONTEXT_ONLY,False,0,Так все пользуют ее
msg-18682,5253,CONTEXT_ONLY,CONTEXT_ONLY,False,0,недавно добавили
msg-18688,5247,CONTEXT_ONLY,CONTEXT_ONLY,False,0,анимешку с анимациями
msg-18689,5246,CONTEXT_ONLY,CONTEXT_ONLY,False,0,запилили бы как в гроке
msg-18696,5239,CONTEXT_ONLY,CONTEXT_ONLY,False,0,но вообще они клёвые
msg-18699,5236,CONTEXT_ONLY,CONTEXT_ONLY,False,0,реально классно
msg-18700,5235,CONTEXT_ONLY,CONTEXT_ONLY,False,0,это круто
msg-18702,5233,CONTEXT_ONLY,CONTEXT_ONLY,False,0,похуй + похуй
msg-18704,5230,CONTEXT_ONLY,CONTEXT_ONLY,False,0,если это контрится дабл впн
msg-18706,5228,CONTEXT_ONLY,CONTEXT_ONLY,False,0,его и не забирали
msg-18707,5226,CONTEXT_ONLY,CONTEXT_ONLY,False,0,может кто уже пробовалэ
msg-18708,5227,CONTEXT_ONLY,CONTEXT_ONLY,False,0,он в настройках выбирается
msg-18709,5224,CONTEXT_ONLY,CONTEXT_ONLY,False,0,они тебя еще удивят
msg-18710,5223,CONTEXT_ONLY,CONTEXT_ONLY,False,0,не смогут
msg-18711,5222,CONTEXT_ONLY,CONTEXT_ONLY,False,0,не будут
msg-18712,5221,CONTEXT_ONLY,CONTEXT_ONLY,False,0,нэ
msg-18713,5220,CONTEXT_ONLY,CONTEXT_ONLY,False,0,фаерфлай
msg-18715,5217,CONTEXT_ONLY,CONTEXT_ONLY,False,0,или 1гб = 5к
msg-18718,5214,CONTEXT_ONLY,CONTEXT_ONLY,False,0,пупупу
msg-18724,5204,CONTEXT_ONLY,CONTEXT_ONLY,False,0,зан
msg-18728,5174,NEEDS_ENRICHMENT,CONTEXT_ONLY,False,1,https://vt.tiktok.com/ZSC2b7DcV/
msg-18730,4996,CONTEXT_ONLY,CONTEXT_ONLY,False,0,у меня спамблок...
msg-18732,5133,CONTEXT_ONLY,CONTEXT_ONLY,False,0,Owl бесплатно
msg-18739,5108,CONTEXT_ONLY,CONTEXT_ONLY,False,0,Мексику даже видел
msg-18740,5107,CONTEXT_ONLY,CONTEXT_ONLY,False,0,Так можно бесконечно
msg-18741,5106,CONTEXT_ONLY,CONTEXT_ONLY,False,0,Или корея
msg-18742,5105,CONTEXT_ONLY,CONTEXT_ONLY,False,0,Или Китай
msg-18743,5104,CONTEXT_ONLY,CONTEXT_ONLY,False,0,или сша
msg-18744,5103,CONTEXT_ONLY,CONTEXT_ONLY,False,0,Или я не прав?
msg-18745,5102,CONTEXT_ONLY,CONTEXT_ONLY,False,0,Или индия
msg-18748,5099,CONTEXT_ONLY,CONTEXT_ONLY,False,0,все равно
msg-18752,5095,CONTEXT_ONLY,CONTEXT_ONLY,False,0,Еще и вирус в подарок
msg-18753,5172,NEEDS_ENRICHMENT,ATTACH_AS_CORROBORATING_EVIDENCE,False,1,https://t.me/+nskWME7UpTIyMjEx
msg-18754,5094,CONTEXT_ONLY,CONTEXT_ONLY,False,0,Ну понято
msg-18755,5092,CONTEXT_ONLY,CONTEXT_ONLY,False,0,Почти
msg-18756,5091,CONTEXT_ONLY,CONTEXT_ONLY,False,0,Тут абузеров почти 0
msg-18757,5090,CONTEXT_ONLY,CONTEXT_ONLY,False,0,"Нет, я в Казахстане живу"
msg-18758,5089,CONTEXT_ONLY,CONTEXT_ONLY,False,0,ты впн юзаешь или как?
msg-18759,5171,CONTEXT_ONLY,ATTACH_AS_CORROBORATING_EVIDENCE,False,0,ща
msg-18760,5170,CONTEXT_ONLY,ATTACH_AS_CORROBORATING_EVIDENCE,False,0,оке
msg-18762,5167,CONTEXT_ONLY,ATTACH_AS_CORROBORATING_EVIDENCE,False,0,ща
msg-18764,5165,CONTEXT_ONLY,ATTACH_AS_CORROBORATING_EVIDENCE,False,0,Имба
msg-18765,5164,CONTEXT_ONLY,ATTACH_AS_CORROBORATING_EVIDENCE,False,0,двоих проверяем
msg-18767,5162,CONTEXT_ONLY,ATTACH_AS_CORROBORATING_EVIDENCE,False,0,Конченный
msg-18768,5161,CONTEXT_ONLY,ATTACH_AS_CORROBORATING_EVIDENCE,False,0,Да
msg-18769,5160,CONTEXT_ONLY,ATTACH_AS_CORROBORATING_EVIDENCE,False,0,да мы поняли
msg-18770,5159,CONTEXT_ONLY,ATTACH_AS_CORROBORATING_EVIDENCE,False,0,и еще угарает)
msg-18771,5158,CONTEXT_ONLY,ATTACH_AS_CORROBORATING_EVIDENCE,False,0,Ты понял кто это?
msg-18772,5088,CONTEXT_ONLY,CONTEXT_ONLY,False,0,У меня все нормально
msg-18773,5087,CONTEXT_ONLY,CONTEXT_ONLY,False,0,Дают 3 ляма
msg-18778,5053,SIGNAL_ONLY,ATTACH_AS_CORROBORATING_EVIDENCE,False,1,"Так я и говорил, что там deepseek"
msg-18781,5017,CONTEXT_ONLY,CONTEXT_ONLY,False,0,смени ип
msg-18782,5016,REJECT_SAFE,CONTEXT_ONLY,False,0,бан от клаудфлаера
msg-18784,5156,CONTEXT_ONLY,ATTACH_AS_CORROBORATING_EVIDENCE,False,0,не обращай вниания
msg-18793,5086,CONTEXT_ONLY,CONTEXT_ONLY,False,0,наверное
msg-18794,5085,CONTEXT_ONLY,CONTEXT_ONLY,False,0,не скам
msg-18795,5084,CONTEXT_ONLY,CONTEXT_ONLY,False,0,так там просто сервисы
msg-18796,5083,CONTEXT_ONLY,CONTEXT_ONLY,False,0,Осознал
msg-18799,5051,CONTEXT_ONLY,CONTEXT_ONLY,False,0,гы :)
msg-18802,5048,CONTEXT_ONLY,CONTEXT_ONLY,False,0,Тоже в Германии? 😁
msg-18803,5047,CONTEXT_ONLY,CONTEXT_ONLY,False,0,))
msg-18804,5046,CONTEXT_ONLY,CONTEXT_ONLY,False,0,Та я также
msg-18809,5041,CONTEXT_ONLY,CONTEXT_ONLY,False,0,Где
msg-18812,5038,CONTEXT_ONLY,CONTEXT_ONLY,False,0,сгенерил
msg-18817,5035,CONTEXT_ONLY,CONTEXT_ONLY,False,0,Устал трахаться или пассив?
msg-18819,5134,CONTEXT_ONLY,CONTEXT_ONLY,False,0,"а, так это ты и есть что ли"
msg-18820,5034,CONTEXT_ONLY,CONTEXT_ONLY,False,0,получил плюс
msg-18821,5033,CONTEXT_ONLY,CONTEXT_ONLY,False,0,работает кстати спс
msg-18823,5128,CONTEXT_ONLY,CONTEXT_ONLY,False,0,пон
msg-18824,5127,CONTEXT_ONLY,CONTEXT_ONLY,False,0,из рф типа
msg-18825,5126,CONTEXT_ONLY,CONTEXT_ONLY,False,0,а чего так
msg-18826,5125,CONTEXT_ONLY,CONTEXT_ONLY,False,0,та банят ж суки
msg-18827,5124,CONTEXT_ONLY,CONTEXT_ONLY,False,0,а че за фигня
msg-18828,5123,CONTEXT_ONLY,CONTEXT_ONLY,False,0,та ёмаё
msg-18829,5122,CONTEXT_ONLY,CONTEXT_ONLY,False,0,сам без чата
msg-18830,5121,CONTEXT_ONLY,CONTEXT_ONLY,False,0,все слетают
msg-18831,5120,CONTEXT_ONLY,CONTEXT_ONLY,False,0,пока не
msg-18837,5031,CONTEXT_ONLY,CONTEXT_ONLY,False,0,с ВПН
msg-18844,5078,CONTEXT_ONLY,CONTEXT_ONLY,False,0,.
msg-18846,5076,CONTEXT_ONLY,CONTEXT_ONLY,False,0,утюга
msg-18847,5075,CONTEXT_ONLY,CONTEXT_ONLY,False,0,как его зовут
msg-18848,5074,CONTEXT_ONLY,CONTEXT_ONLY,False,0,как он пропал
msg-18849,5073,CONTEXT_ONLY,CONTEXT_ONLY,False,0,у меня же спамблок
msg-18851,5072,CONTEXT_ONLY,CONTEXT_ONLY,False,0,что?
msg-18852,5071,CONTEXT_ONLY,CONTEXT_ONLY,False,0,чё нахуй
msg-18854,5070,CONTEXT_ONLY,CONTEXT_ONLY,False,0,нет
msg-18857,5067,CONTEXT_ONLY,CONTEXT_ONLY,False,0,у меня спамблок
msg-18858,5066,CONTEXT_ONLY,CONTEXT_ONLY,False,0,???
msg-18859,5065,CONTEXT_ONLY,CONTEXT_ONLY,False,0,и молчал?
msg-18861,5063,CONTEXT_ONLY,CONTEXT_ONLY,False,0,делай
msg-18863,5061,CONTEXT_ONLY,CONTEXT_ONLY,False,0,он рассказывал в дс
msg-18865,5059,CONTEXT_ONLY,CONTEXT_ONLY,False,0,по-моему его тетя
msg-18866,5025,CONTEXT_ONLY,CONTEXT_ONLY,False,0,Что именно
msg-18867,5024,CONTEXT_ONLY,CONTEXT_ONLY,False,0,Это прикол какой-то? 😁
msg-18871,5012,CONTEXT_ONLY,CONTEXT_ONLY,False,0,такого не имеем
msg-18872,5011,CONTEXT_ONLY,CONTEXT_ONLY,False,0,аа
msg-18875,5009,CONTEXT_ONLY,CONTEXT_ONLY,False,0,там можно привязать свой аккаунт
msg-18876,5008,CONTEXT_ONLY,CONTEXT_ONLY,False,0,это что значит?
msg-18877,5007,CONTEXT_ONLY,CONTEXT_ONLY,False,0,ммм
msg-18878,5006,CONTEXT_ONLY,CONTEXT_ONLY,False,0,и по токенам вкусно
msg-18879,5005,CONTEXT_ONLY,CONTEXT_ONLY,False,0,привязанный)
msg-18881,5004,CONTEXT_ONLY,CONTEXT_ONLY,False,0,Красота
msg-18882,4990,CONTEXT_ONLY,CONTEXT_ONLY,False,0,знаешь такую?)
msg-18883,4989,CONTEXT_ONLY,CONTEXT_ONLY,False,0,К. Надежда Леонидовна
msg-18884,4988,CONTEXT_ONLY,CONTEXT_ONLY,False,0,привет
msg-18885,4993,CONTEXT_ONLY,CONTEXT_ONLY,False,0,Прогрев рабочих пчелок
msg-18889,4985,CONTEXT_ONLY,CONTEXT_ONLY,False,0,Камеев Максим
msg-18891,4983,CONTEXT_ONLY,CONTEXT_ONLY,False,0,Показать меню
msg-18893,4981,REJECT_SAFE,CONTEXT_ONLY,False,0,"Добро пожаловать, агент!"
msg-18894,4979,CONTEXT_ONLY,CONTEXT_ONLY,False,0,🔎 Поисковая система.
msg-18895,4978,CONTEXT_ONLY,CONTEXT_ONLY,False,0,/start
msg-18902,4974,CONTEXT_ONLY,ATTACH_AS_CORROBORATING_EVIDENCE,False,0,Угу
msg-18907,4969,CONTEXT_ONLY,CONTEXT_ONLY,False,0,Благодарю Я обязательно посмотрю
msg-18908,4968,CONTEXT_ONLY,ATTACH_AS_CORROBORATING_EVIDENCE,False,0,Дададада
msg-18916,4960,CONTEXT_ONLY,ATTACH_AS_CORROBORATING_EVIDENCE,False,0,он всех заскамил
msg-18917,4959,CONTEXT_ONLY,ATTACH_AS_CORROBORATING_EVIDENCE,False,0,Возможно
msg-18923,4952,CONTEXT_ONLY,CONTEXT_ONLY,False,0,чорт
msg-18924,4950,CONTEXT_ONLY,ATTACH_AS_CORROBORATING_EVIDENCE,False,0,"папус, потом это"
msg-18926,4948,CONTEXT_ONLY,CONTEXT_ONLY,False,0,ща покажу топ1
msg-18928,4946,CONTEXT_ONLY,CONTEXT_ONLY,False,0,пока так)
msg-18932,4942,CONTEXT_ONLY,ATTACH_AS_CORROBORATING_EVIDENCE,False,0,"ну, есть такое)"
msg-18937,4937,CONTEXT_ONLY,CONTEXT_ONLY,False,0,хз насколько правда
msg-18940,4934,CONTEXT_ONLY,CONTEXT_ONLY,False,0,уже для корпоратов скинули врод
msg-18941,4932,CONTEXT_ONLY,CONTEXT_ONLY,False,0,на тестик
msg-18942,4930,CONTEXT_ONLY,ATTACH_AS_CORROBORATING_EVIDENCE,False,0,Спасибо!!
msg-18945,4927,CONTEXT_ONLY,ATTACH_AS_CORROBORATING_EVIDENCE,False,0,мы все потихоньку проверяем
msg-18946,4926,CONTEXT_ONLY,CONTEXT_ONLY,False,0,😁😁
msg-18948,4925,CONTEXT_ONLY,CONTEXT_ONLY,False,0,гпт 5.6 выпускают видимо
msg-18953,4919,CONTEXT_ONLY,ATTACH_AS_CORROBORATING_EVIDENCE,False,0,"понял, а тебе что интересно?"
msg-18962,4905,CONTEXT_ONLY,ATTACH_AS_CORROBORATING_EVIDENCE,False,0,А ты кто
msg-18965,4901,CONTEXT_ONLY,CONTEXT_ONLY,False,0,гипотеза была
msg-18966,4900,CONTEXT_ONLY,CONTEXT_ONLY,False,0,Окак
msg-18970,4896,CONTEXT_ONLY,CONTEXT_ONLY,False,0,он писал
msg-18974,4892,CONTEXT_ONLY,CONTEXT_ONLY,False,0,Пзц группе
msg-18976,4890,CONTEXT_ONLY,ATTACH_AS_CORROBORATING_EVIDENCE,False,0,"Прекрасно, фейк новости 😭"
msg-18981,4881,CONTEXT_ONLY,CONTEXT_ONLY,False,0,Получил херню в итоге))
msg-18993,4866,CONTEXT_ONLY,CONTEXT_ONLY,False,0,Аналитика
msg-18999,4861,CONTEXT_ONLY,CONTEXT_ONLY,False,0,А в чем смысл
msg-19001,4857,CONTEXT_ONLY,CONTEXT_ONLY,False,0,На бразилии
msg-19002,4856,CONTEXT_ONLY,CONTEXT_ONLY,False,0,У меня на айклауде появилось
msg-19005,4850,CONTEXT_ONLY,CONTEXT_ONLY,False,0,да
msg-19014,4823,CONTEXT_ONLY,CONTEXT_ONLY,False,0,ща поставлю
msg-19022,4813,CONTEXT_ONLY,ATTACH_AS_CORROBORATING_EVIDENCE,False,0,+
msg-19030,4804,CONTEXT_ONLY,CONTEXT_ONLY,False,0,Мишаня
msg-19031,4803,CONTEXT_ONLY,CONTEXT_ONLY,False,0,Бот у него еще был
msg-19032,4802,SIGNAL_ONLY,CONTEXT_ONLY,False,0,Около $2
msg-19034,4799,CONTEXT_ONLY,ATTACH_AS_CORROBORATING_EVIDENCE,False,0,Теперь снова 0.025
msg-19037,4795,CONTEXT_ONLY,ATTACH_AS_CORROBORATING_EVIDENCE,False,0,Меняли
msg-19038,4793,CONTEXT_ONLY,CONTEXT_ONLY,False,0,Ну тема
msg-19047,4774,CONTEXT_ONLY,CONTEXT_ONLY,False,0,это он в видео испоьлзует
msg-19048,4773,CONTEXT_ONLY,CONTEXT_ONLY,False,0,как связал?
msg-19050,4771,CONTEXT_ONLY,CONTEXT_ONLY,False,0,.
msg-19051,4770,CONTEXT_ONLY,CONTEXT_ONLY,False,0,это же его почта
msg-19052,4769,CONTEXT_ONLY,CONTEXT_ONLY,False,0,Макс Камеев?
msg-19056,4764,CONTEXT_ONLY,ATTACH_AS_CORROBORATING_EVIDENCE,False,0,Тут в основном medium-high
msg-19057,4762,NEEDS_ENRICHMENT,CONTEXT_ONLY,False,1,https://vk.ru/id482066441
msg-19076,4732,CONTEXT_ONLY,CONTEXT_ONLY,False,0,Надеемся и верим )
msg-19077,4731,CONTEXT_ONLY,CONTEXT_ONLY,False,0,Скорее всего
msg-19078,4730,CONTEXT_ONLY,CONTEXT_ONLY,False,0,5.6
msg-19079,4729,CONTEXT_ONLY,CONTEXT_ONLY,False,0,Голосовую ?
msg-19081,4727,CONTEXT_ONLY,CONTEXT_ONLY,False,0,они модель выкатывают
msg-19083,4724,CONTEXT_ONLY,CONTEXT_ONLY,False,0,Просто так совпало
msg-19085,4722,CONTEXT_ONLY,CONTEXT_ONLY,False,0,.
msg-19086,4721,CONTEXT_ONLY,CONTEXT_ONLY,False,0,хз че случилось
msg-19092,4713,CONTEXT_ONLY,CONTEXT_ONLY,False,0,все же
msg-19094,4711,CONTEXT_ONLY,CONTEXT_ONLY,False,0,я джун
msg-19098,4705,CONTEXT_ONLY,CONTEXT_ONLY,False,0,спасибо
msg-19101,4702,CONTEXT_ONLY,CONTEXT_ONLY,False,0,исправил
msg-19104,4699,CONTEXT_ONLY,ATTACH_AS_CORROBORATING_EVIDENCE,False,0,Такой же нет
msg-19105,4698,CONTEXT_ONLY,ATTACH_AS_CORROBORATING_EVIDENCE,False,0,Хз
msg-19109,4694,CONTEXT_ONLY,ATTACH_AS_CORROBORATING_EVIDENCE,False,0,ну на гпт
msg-19110,4693,CONTEXT_ONLY,CONTEXT_ONLY,False,0,Девине
msg-19111,4692,CONTEXT_ONLY,CONTEXT_ONLY,False,0,На киро
msg-19112,4691,CONTEXT_ONLY,CONTEXT_ONLY,False,0,Когда триалки регал
msg-19113,4690,CONTEXT_ONLY,ATTACH_AS_CORROBORATING_EVIDENCE,False,0,Какой?
msg-19116,4687,CONTEXT_ONLY,CONTEXT_ONLY,False,0,скорее всего
msg-19121,4682,CONTEXT_ONLY,CONTEXT_ONLY,False,0,Да
msg-19124,4679,CONTEXT_ONLY,CONTEXT_ONLY,False,0,платега молчит
msg-19127,4676,CONTEXT_ONLY,ATTACH_AS_CORROBORATING_EVIDENCE,False,0,а они кэф не меняли?
msg-19128,4675,CONTEXT_ONLY,CONTEXT_ONLY,False,0,?
msg-19129,4674,CONTEXT_ONLY,ATTACH_AS_CORROBORATING_EVIDENCE,False,0,Сколько выйдет
msg-19130,4673,CONTEXT_ONLY,CONTEXT_ONLY,False,0,На дропа?
msg-19132,4671,CONTEXT_ONLY,CONTEXT_ONLY,False,0,Вроде эта
msg-19134,4669,CONTEXT_ONLY,CONTEXT_ONLY,False,1,kameevmaksim60@gmail.com
msg-19141,4662,CONTEXT_ONLY,CONTEXT_ONLY,False,0,.
msg-19143,4660,CONTEXT_ONLY,CONTEXT_ONLY,False,0,ne
msg-19150,4653,CONTEXT_ONLY,CONTEXT_ONLY,False,0,потом второй
msg-19156,4645,CONTEXT_ONLY,CONTEXT_ONLY,False,0,"понял, сорри тогда"
msg-19157,4646,CONTEXT_ONLY,ATTACH_AS_CORROBORATING_EVIDENCE,False,0,норм работает
msg-19160,4642,CONTEXT_ONLY,CONTEXT_ONLY,False,0,Это единственное сейчас
msg-19164,4638,CONTEXT_ONLY,CONTEXT_ONLY,False,0,пойдет бабок скамить?
msg-19170,4632,CONTEXT_ONLY,CONTEXT_ONLY,False,0,ну да
msg-19177,4623,CONTEXT_ONLY,CONTEXT_ONLY,False,0,Да а как
msg-19178,4622,CONTEXT_ONLY,CONTEXT_ONLY,False,0,я думаю так
msg-19182,4618,CONTEXT_ONLY,CONTEXT_ONLY,False,0,Про возраст уточни
msg-19184,4616,CONTEXT_ONLY,CONTEXT_ONLY,False,0,ну вот
msg-19186,4614,CONTEXT_ONLY,CONTEXT_ONLY,False,0,так это открытые источники
msg-19187,4613,CONTEXT_ONLY,CONTEXT_ONLY,False,0,Ну я сам охуел
msg-19188,4612,CONTEXT_ONLY,CONTEXT_ONLY,False,0,Абсолютно
msg-19189,4611,CONTEXT_ONLY,CONTEXT_ONLY,False,0,Все что угодно
msg-19191,4608,CONTEXT_ONLY,CONTEXT_ONLY,False,0,Да эт кент
msg-19192,4607,CONTEXT_ONLY,CONTEXT_ONLY,False,0,Аххахахахахаххахах
msg-19194,4605,CONTEXT_ONLY,CONTEXT_ONLY,False,0,а почта гмейл или какая
msg-19198,4601,CONTEXT_ONLY,CONTEXT_ONLY,False,0,Даже с учетом этого
msg-19199,4600,CONTEXT_ONLY,CONTEXT_ONLY,False,0,он людей наебал
msg-19200,4599,CONTEXT_ONLY,CONTEXT_ONLY,False,0,да похуй
msg-19208,4591,CONTEXT_ONLY,CONTEXT_ONLY,False,0,а так не дружил
msg-19211,4588,CONTEXT_ONLY,CONTEXT_ONLY,False,0,понял
msg-19212,4587,CONTEXT_ONLY,CONTEXT_ONLY,False,0,проверял гипотезу
msg-19216,4583,CONTEXT_ONLY,CONTEXT_ONLY,False,0,Так я ж написал
msg-19218,4581,CONTEXT_ONLY,CONTEXT_ONLY,False,0,?
msg-19222,4569,CONTEXT_ONLY,CONTEXT_ONLY,False,0,пробейте почту
msg-19223,4567,CONTEXT_ONLY,CONTEXT_ONLY,False,1,destroitcanada@gmail.com
msg-19232,4558,CONTEXT_ONLY,CONTEXT_ONLY,False,0,наверное
msg-19245,4544,CONTEXT_ONLY,CONTEXT_ONLY,False,0,у меня так выходит
msg-19248,4542,CONTEXT_ONLY,CONTEXT_ONLY,False,0,какая британия
msg-19249,4541,CONTEXT_ONLY,CONTEXT_ONLY,False,0,тут же эвро
msg-19256,4534,CONTEXT_ONLY,ATTACH_AS_CORROBORATING_EVIDENCE,False,0,Граф апи запрещён
msg-19265,4524,CONTEXT_ONLY,CONTEXT_ONLY,False,0,Нет
msg-19268,4522,CONTEXT_ONLY,CONTEXT_ONLY,False,0,Я не заставляю 😂
msg-19269,4521,CONTEXT_ONLY,ATTACH_AS_CORROBORATING_EVIDENCE,False,0,гига на мини
msg-19270,4519,CONTEXT_ONLY,CONTEXT_ONLY,False,0,это всё одно и то же
msg-19271,4520,CONTEXT_ONLY,ATTACH_AS_CORROBORATING_EVIDENCE,False,0,Вирусы
msg-19272,4518,CONTEXT_ONLY,CONTEXT_ONLY,False,0,А какой самый лучший ?
msg-19277,4512,CONTEXT_ONLY,CONTEXT_ONLY,False,0,Друг его возможно
msg-19278,4511,CONTEXT_ONLY,CONTEXT_ONLY,False,1,@tributov
msg-19280,4509,CONTEXT_ONLY,CONTEXT_ONLY,False,0,и осинтом занимаются
msg-19282,4507,CONTEXT_ONLY,CONTEXT_ONLY,False,0,по профилям
msg-19283,4505,CONTEXT_ONLY,CONTEXT_ONLY,False,0,я по подаркам попрыгал
msg-19284,4506,CONTEXT_ONLY,CONTEXT_ONLY,False,0,а если не куплю
msg-19286,4503,CONTEXT_ONLY,CONTEXT_ONLY,False,0,Так в этом и суть конкурса
msg-19287,4502,CONTEXT_ONLY,CONTEXT_ONLY,False,0,"это anonymous ember, рэпер"
msg-19293,4496,CONTEXT_ONLY,ATTACH_AS_CORROBORATING_EVIDENCE,False,0,жестко
msg-19294,4495,CONTEXT_ONLY,CONTEXT_ONLY,False,0,Середина июля
msg-19295,4494,CONTEXT_ONLY,CONTEXT_ONLY,False,0,У всех сейчас проблемы
msg-19299,4490,CONTEXT_ONLY,CONTEXT_ONLY,False,0,"нет, точно нет)"
msg-19300,4489,CONTEXT_ONLY,CONTEXT_ONLY,False,0,когда там 5.6 гпт выходит?)
msg-19303,4486,CONTEXT_ONLY,CONTEXT_ONLY,False,0,его ресурс
msg-19305,4484,NEEDS_ENRICHMENT,CONTEXT_ONLY,False,1,https://temp.coda.ink/
msg-19309,4480,CONTEXT_ONLY,CONTEXT_ONLY,False,0,У меня)
msg-19314,4475,CONTEXT_ONLY,CONTEXT_ONLY,False,0,"Вика, как не стыдно..."
msg-19315,4474,CONTEXT_ONLY,CONTEXT_ONLY,False,0,не планируется отрезать
msg-19316,4473,CONTEXT_ONLY,CONTEXT_ONLY,False,0,"пришила, или не отрезала еще?"
msg-19317,4472,CONTEXT_ONLY,CONTEXT_ONLY,False,0,у меня хуй
msg-19318,4471,CONTEXT_ONLY,CONTEXT_ONLY,False,0,"Вика, как не стыдно???????"
msg-19326,4463,CONTEXT_ONLY,CONTEXT_ONLY,False,0,Этим летом
msg-19333,4455,CONTEXT_ONLY,CONTEXT_ONLY,False,0,прав в целом
msg-19335,4453,CONTEXT_ONLY,CONTEXT_ONLY,False,0,Ладно... мелочи жизни 😁
msg-19339,4449,CONTEXT_ONLY,CONTEXT_ONLY,False,0,всё норм
msg-19341,4445,CONTEXT_ONLY,CONTEXT_ONLY,False,0,хм
msg-19348,4440,CONTEXT_ONLY,CONTEXT_ONLY,False,0,Дуров! Верни стену!!!!
msg-19354,4433,CONTEXT_ONLY,CONTEXT_ONLY,False,0,это пиздец
msg-19356,4431,CONTEXT_ONLY,CONTEXT_ONLY,False,0,Забираешь всё
msg-19359,4428,CONTEXT_ONLY,CONTEXT_ONLY,False,0,1 место?
msg-19362,4425,CONTEXT_ONLY,CONTEXT_ONLY,False,0,Да
msg-19366,4420,CONTEXT_ONLY,CONTEXT_ONLY,False,0,Ясно
msg-19368,4418,CONTEXT_ONLY,CONTEXT_ONLY,False,0,"понял, спасибо"
msg-19370,4416,CONTEXT_ONLY,CONTEXT_ONLY,False,0,"использует ник ""утюг"""
msg-19373,4413,CONTEXT_ONLY,ATTACH_AS_CORROBORATING_EVIDENCE,False,0,"понял, спасибо"
msg-19375,4411,CONTEXT_ONLY,ATTACH_AS_CORROBORATING_EVIDENCE,False,0,"использует ник ""утюг"""
msg-19378,4399,CONTEXT_ONLY,CONTEXT_ONLY,False,0,написал
msg-19381,4395,CONTEXT_ONLY,CONTEXT_ONLY,False,0,Вот такой трейд-оффс)
msg-19388,4386,CONTEXT_ONLY,ATTACH_AS_CORROBORATING_EVIDENCE,False,0,дроид
msg-19389,4385,CONTEXT_ONLY,ATTACH_AS_CORROBORATING_EVIDENCE,False,0,или ждать пока починят
msg-19390,4384,CONTEXT_ONLY,ATTACH_AS_CORROBORATING_EVIDENCE,False,0,переходить на Droid?
msg-19391,4383,CONTEXT_ONLY,ATTACH_AS_CORROBORATING_EVIDENCE,False,0,чё делать
msg-19407,4293,CONTEXT_ONLY,CONTEXT_ONLY,False,0,овнер
msg-19410,4289,CONTEXT_ONLY,CONTEXT_ONLY,False,0,"Ну норм, кста"
msg-19414,4285,CONTEXT_ONLY,CONTEXT_ONLY,False,0,как опус?
msg-19416,4283,CONTEXT_ONLY,CONTEXT_ONLY,False,0,просьба чуть-чуть подождать
msg-19417,4282,CONTEXT_ONLY,CONTEXT_ONLY,False,0,глм 5.2 норм?
msg-19420,4279,CONTEXT_ONLY,CONTEXT_ONLY,False,0,Да
msg-19422,4277,CONTEXT_ONLY,CONTEXT_ONLY,False,0,Ты разобрался?
msg-19426,4273,CONTEXT_ONLY,CONTEXT_ONLY,False,0,у меня пару таких аккаунтов
msg-19430,4268,CONTEXT_ONLY,CONTEXT_ONLY,False,0,тг его у меня нету
msg-19432,4266,CONTEXT_ONLY,CONTEXT_ONLY,False,0,ну как по секрету
msg-19435,4263,CONTEXT_ONLY,CONTEXT_ONLY,False,0,если честно
msg-19438,4260,CONTEXT_ONLY,CONTEXT_ONLY,False,0,братаан
msg-19440,4258,CONTEXT_ONLY,CONTEXT_ONLY,False,0,а?
msg-19443,4254,CONTEXT_ONLY,CONTEXT_ONLY,False,0,Кст
msg-19444,4253,CONTEXT_ONLY,CONTEXT_ONLY,False,0,разъеб
msg-19445,4252,CONTEXT_ONLY,CONTEXT_ONLY,False,0,хахахахахаха
msg-19446,4251,CONTEXT_ONLY,CONTEXT_ONLY,False,0,легенда какая то
msg-19447,4249,CONTEXT_ONLY,CONTEXT_ONLY,False,0,учитывая что это старое гс
msg-19449,4247,CONTEXT_ONLY,CONTEXT_ONLY,False,0,в био его
msg-19453,4243,CONTEXT_ONLY,CONTEXT_ONLY,False,0,что с детьми? они все такие конченные?
msg-19454,4242,CONTEXT_ONLY,CONTEXT_ONLY,False,0,а где ты это достал
msg-19455,4241,CONTEXT_ONLY,CONTEXT_ONLY,False,0,Все работает?
msg-19456,4239,CONTEXT_ONLY,CONTEXT_ONLY,False,0,"понял понял, спасибо"
msg-19457,4238,CONTEXT_ONLY,CONTEXT_ONLY,False,0,Не слышал
msg-19458,4237,CONTEXT_ONLY,CONTEXT_ONLY,False,0,Не сори
msg-19460,4233,CONTEXT_ONLY,CONTEXT_ONLY,False,1,@xaxaxaaxaxxaxaxaxaxaxax
msg-19461,4232,CONTEXT_ONLY,CONTEXT_ONLY,False,0,пробей этого
msg-19464,4224,CONTEXT_ONLY,CONTEXT_ONLY,False,0,зан ты где
msg-19466,4222,CONTEXT_ONLY,CONTEXT_ONLY,False,0,не в тему болтает
msg-19467,4221,CONTEXT_ONLY,CONTEXT_ONLY,False,0,не надо
msg-19469,4219,CONTEXT_ONLY,CONTEXT_ONLY,False,0,А адам
msg-19470,4218,CONTEXT_ONLY,CONTEXT_ONLY,False,0,А если не Артём
msg-19471,4217,CONTEXT_ONLY,CONTEXT_ONLY,False,0,ммм
msg-19472,4216,CONTEXT_ONLY,CONTEXT_ONLY,False,0,Что линкодин не подключе н
msg-19473,4215,CONTEXT_ONLY,CONTEXT_ONLY,False,0,Типо написано
msg-19474,4214,CONTEXT_ONLY,CONTEXT_ONLY,False,0,кринжовое
msg-19475,4213,CONTEXT_ONLY,CONTEXT_ONLY,False,0,Так не даёт нажать
msg-19479,4208,CONTEXT_ONLY,CONTEXT_ONLY,False,0,Типа квадратное?
msg-19484,4203,CONTEXT_ONLY,CONTEXT_ONLY,False,0,KZ
msg-19485,4202,CONTEXT_ONLY,CONTEXT_ONLY,False,0,Ру?
msg-19486,4201,CONTEXT_ONLY,CONTEXT_ONLY,False,0,представил?
msg-19490,4197,CONTEXT_ONLY,CONTEXT_ONLY,False,0,цены хорошие
msg-19493,4191,CONTEXT_ONLY,CONTEXT_ONLY,False,0,Мне оно не к чему
msg-19499,4185,CONTEXT_ONLY,CONTEXT_ONLY,False,0,я так вижу
msg-19500,4184,CONTEXT_ONLY,CONTEXT_ONLY,False,0,Бот помер у вас
msg-19501,4183,CONTEXT_ONLY,CONTEXT_ONLY,False,1,/pay@Asati_soft_bot
msg-19502,4182,CONTEXT_ONLY,CONTEXT_ONLY,False,1,/pay@Asati_soft_bot
msg-19504,4179,CONTEXT_ONLY,CONTEXT_ONLY,False,0,А
msg-19507,4175,CONTEXT_ONLY,CONTEXT_ONLY,False,0,Так у тебя баланс 0
msg-19512,4170,CONTEXT_ONLY,CONTEXT_ONLY,False,0,не пугайте
msg-19513,4169,CONTEXT_ONLY,CONTEXT_ONLY,False,0,какой аптайм
msg-19516,4166,CONTEXT_ONLY,ATTACH_AS_CORROBORATING_EVIDENCE,False,0,Что такое Uptime я знаю
msg-19527,4148,CONTEXT_ONLY,CONTEXT_ONLY,False,0,.
msg-19532,3991,CONTEXT_ONLY,CONTEXT_ONLY,False,0,по голосу определил
msg-19536,3985,CONTEXT_ONLY,CONTEXT_ONLY,False,0,Давай
msg-19537,3984,CONTEXT_ONLY,CONTEXT_ONLY,False,0,я позвоню?
msg-19538,3983,CONTEXT_ONLY,CONTEXT_ONLY,False,0,пойдем в гс?
msg-19539,3982,CONTEXT_ONLY,ATTACH_AS_CORROBORATING_EVIDENCE,False,1,@Strateg356 он
msg-19544,3977,CONTEXT_ONLY,ATTACH_AS_CORROBORATING_EVIDENCE,False,0,понял понял
msg-19545,3976,CONTEXT_ONLY,ATTACH_AS_CORROBORATING_EVIDENCE,False,0,все что ты о нем знаешь
msg-19547,3974,CONTEXT_ONLY,ATTACH_AS_CORROBORATING_EVIDENCE,False,0,и тг ник
msg-19548,3973,CONTEXT_ONLY,ATTACH_AS_CORROBORATING_EVIDENCE,False,0,"Понял, спасибо"
msg-19549,3972,CONTEXT_ONLY,ATTACH_AS_CORROBORATING_EVIDENCE,False,0,имя этого человека
msg-19550,3971,CONTEXT_ONLY,ATTACH_AS_CORROBORATING_EVIDENCE,False,0,От меня че требуется
msg-19551,3970,CONTEXT_ONLY,ATTACH_AS_CORROBORATING_EVIDENCE,False,0,да
msg-19555,3966,CONTEXT_ONLY,ATTACH_AS_CORROBORATING_EVIDENCE,False,0,Допустим
msg-19559,3962,CONTEXT_ONLY,ATTACH_AS_CORROBORATING_EVIDENCE,False,0,Че
msg-19560,3961,CONTEXT_ONLY,ATTACH_AS_CORROBORATING_EVIDENCE,False,0,"ну привет, утюг"
msg-19561,3959,CONTEXT_ONLY,ATTACH_AS_CORROBORATING_EVIDENCE,False,0,Кидай
msg-19562,3958,CONTEXT_ONLY,ATTACH_AS_CORROBORATING_EVIDENCE,False,0,могу чек кинуть
msg-19565,3955,CONTEXT_ONLY,ATTACH_AS_CORROBORATING_EVIDENCE,False,0,чтоль
msg-19567,3953,CONTEXT_ONLY,ATTACH_AS_CORROBORATING_EVIDENCE,False,0,мажор
msg-19568,3952,CONTEXT_ONLY,ATTACH_AS_CORROBORATING_EVIDENCE,False,0,вот что значит приваточка
msg-19570,3950,CONTEXT_ONLY,ATTACH_AS_CORROBORATING_EVIDENCE,False,0,Сколько денег
msg-19572,3948,CONTEXT_ONLY,ATTACH_AS_CORROBORATING_EVIDENCE,False,0,Это эйчар должен рассказывать
msg-19573,3947,CONTEXT_ONLY,ATTACH_AS_CORROBORATING_EVIDENCE,False,0,ебать
msg-19576,3944,CONTEXT_ONLY,CONTEXT_ONLY,False,0,.
msg-19577,3943,CONTEXT_ONLY,CONTEXT_ONLY,False,0,у него это у кого? у нее?
msg-19580,3940,CONTEXT_ONLY,ATTACH_AS_CORROBORATING_EVIDENCE,False,0,Mastercard
msg-19581,3939,CONTEXT_ONLY,ATTACH_AS_CORROBORATING_EVIDENCE,False,0,У меня visa
msg-19583,3937,CONTEXT_ONLY,ATTACH_AS_CORROBORATING_EVIDENCE,False,0,Бля
msg-19589,3918,CONTEXT_ONLY,CONTEXT_ONLY,False,0,What is ЭОЭ&
msg-19592,3915,CONTEXT_ONLY,CONTEXT_ONLY,False,0,Бля
msg-19593,3913,CONTEXT_ONLY,CONTEXT_ONLY,False,0,этаашипка! 😁
msg-19594,3914,CONTEXT_ONLY,CONTEXT_ONLY,False,0,Есть момент
msg-19596,3911,NEEDS_ENRICHMENT,CONTEXT_ONLY,False,1,https://byesu.ru
msg-19597,3910,CONTEXT_ONLY,CONTEXT_ONLY,False,0,пасхалки
msg-19598,3909,CONTEXT_ONLY,CONTEXT_ONLY,False,0,Ты меня тут не пугай))
msg-19601,3906,CONTEXT_ONLY,CONTEXT_ONLY,False,0,эйчарки заслали ЭсОдинЭсника
msg-19602,3903,CONTEXT_ONLY,ATTACH_AS_CORROBORATING_EVIDENCE,False,0,не вижу
msg-19603,3902,CONTEXT_ONLY,CONTEXT_ONLY,False,0,Ахахахаха
msg-19605,3899,CONTEXT_ONLY,CONTEXT_ONLY,False,0,Библиотека.
msg-19606,3898,CONTEXT_ONLY,CONTEXT_ONLY,False,0,Балансы сломали
msg-19607,3895,CONTEXT_ONLY,CONTEXT_ONLY,False,0,"что такое ""пул книг""?"
msg-19608,3897,CONTEXT_ONLY,CONTEXT_ONLY,False,0,?
msg-19611,3896,CONTEXT_ONLY,CONTEXT_ONLY,False,0,Все воркает
msg-19613,4019,CONTEXT_ONLY,ATTACH_AS_CORROBORATING_EVIDENCE,False,0,Там через сбп можно
msg-19616,3890,CONTEXT_ONLY,CONTEXT_ONLY,False,0,.
msg-19617,3659,CONTEXT_ONLY,CONTEXT_ONLY,False,0,и тбанк тоже
msg-19621,4023,CONTEXT_ONLY,CONTEXT_ONLY,False,0,а сейчас что?
msg-19629,4029,CONTEXT_ONLY,CONTEXT_ONLY,False,0,Плейбой филармонт
msg-19630,4030,CONTEXT_ONLY,CONTEXT_ONLY,False,0,миллиардер филантроп
msg-19636,4034,CONTEXT_ONLY,CONTEXT_ONLY,False,0,Ну или я уже незнаю
msg-19642,3817,CONTEXT_ONLY,CONTEXT_ONLY,False,0,Всм?
msg-19644,3816,CONTEXT_ONLY,CONTEXT_ONLY,False,0,Аут что такое?)
msg-19658,3889,CONTEXT_ONLY,CONTEXT_ONLY,False,0,live-ingest-after-restart-1106
msg-19659,3888,CONTEXT_ONLY,CONTEXT_ONLY,False,0,пошли дс?
msg-19663,3805,CONTEXT_ONLY,CONTEXT_ONLY,False,0,Что имеешь ввиду?)
msg-19672,3796,CONTEXT_ONLY,CONTEXT_ONLY,False,0,Баг видимо
msg-19674,3794,CONTEXT_ONLY,CONTEXT_ONLY,False,0,𓆏ࣩࣩࣩࣩࣩࣩࣩࣩࣩࣩࣩࣩࣩࣩࣩࣩࣩࣩࣩࣩࣩࣩࣩࣩࣩࣩࣩࣩࣩࣩࣩࣩࣩࣩࣩࣩࣩࣩࣩࣩ
msg-19676,3792,CONTEXT_ONLY,CONTEXT_ONLY,False,0,чё врешь ?
msg-19679,3789,CONTEXT_ONLY,CONTEXT_ONLY,False,0,хорош
msg-19681,3788,CONTEXT_ONLY,CONTEXT_ONLY,False,0,Я думал это какашки 😂
msg-19688,3781,CONTEXT_ONLY,CONTEXT_ONLY,False,0,Ты ментор ?
msg-19692,3886,CONTEXT_ONLY,CONTEXT_ONLY,False,0,окей окей
msg-19693,3885,CONTEXT_ONLY,CONTEXT_ONLY,False,0,и все
msg-19694,3884,CONTEXT_ONLY,CONTEXT_ONLY,False,0,домой приеду завтра
msg-19697,3881,CONTEXT_ONLY,CONTEXT_ONLY,False,0,зачем
msg-19698,3880,CONTEXT_ONLY,ATTACH_AS_CORROBORATING_EVIDENCE,False,0,Ток хз
msg-19701,3877,NEEDS_ENRICHMENT,CONTEXT_ONLY,False,1,https://vt.tiktok.com/ZSCYqg7ha/
msg-19704,3873,CONTEXT_ONLY,CONTEXT_ONLY,False,0,.
msg-19705,3872,CONTEXT_ONLY,CONTEXT_ONLY,False,0,+-
msg-19707,3870,CONTEXT_ONLY,CONTEXT_ONLY,False,0,-
msg-19709,3868,CONTEXT_ONLY,CONTEXT_ONLY,False,0,и скину
msg-19710,3867,CONTEXT_ONLY,CONTEXT_ONLY,False,0,скинь впн нормальный
msg-19711,3866,CONTEXT_ONLY,CONTEXT_ONLY,False,0,я сейчас с прокси сижу
msg-19712,3865,CONTEXT_ONLY,CONTEXT_ONLY,False,0,скрин с лк
msg-19714,3863,CONTEXT_ONLY,CONTEXT_ONLY,False,0,я в машине
msg-19715,3862,CONTEXT_ONLY,CONTEXT_ONLY,False,0,в гс пойдшь?
msg-19716,3861,CONTEXT_ONLY,CONTEXT_ONLY,False,0,общались
msg-19718,3859,CONTEXT_ONLY,CONTEXT_ONLY,False,0,пруфы или что то еще?
msg-19719,3858,CONTEXT_ONLY,CONTEXT_ONLY,False,0,??
msg-19720,3857,CONTEXT_ONLY,CONTEXT_ONLY,False,0,утюг
msg-19722,3855,CONTEXT_ONLY,CONTEXT_ONLY,False,0,у тебя в ютубе
msg-19723,3854,CONTEXT_ONLY,CONTEXT_ONLY,False,0,понятно
msg-19724,3853,CONTEXT_ONLY,CONTEXT_ONLY,False,0,а
msg-19727,3850,CONTEXT_ONLY,CONTEXT_ONLY,False,0,пусть ищую
msg-19728,3849,CONTEXT_ONLY,CONTEXT_ONLY,False,0,если инет появится скиру
msg-19731,3847,CONTEXT_ONLY,CONTEXT_ONLY,False,0,вот именно это не я
msg-19733,3845,CONTEXT_ONLY,CONTEXT_ONLY,False,0,вот твой юз
msg-19734,3844,CONTEXT_ONLY,CONTEXT_ONLY,False,1,@xaxaxaaxaxxaxaxaxaxaxax
msg-19737,3841,CONTEXT_ONLY,CONTEXT_ONLY,False,0,ты рофлишь?
msg-19739,3839,CONTEXT_ONLY,CONTEXT_ONLY,False,0,скинь где у меня это было
msg-19741,3837,CONTEXT_ONLY,CONTEXT_ONLY,False,0,не было у меня
msg-19742,3836,CONTEXT_ONLY,CONTEXT_ONLY,False,0,у твоего акка
msg-19743,3835,CONTEXT_ONLY,CONTEXT_ONLY,False,0,у какого
msg-19744,3834,CONTEXT_ONLY,CONTEXT_ONLY,False,0,`nig ingest test
msg-19745,3687,CONTEXT_ONLY,CONTEXT_ONLY,False,0,"Все, тспу наложили 😅"
msg-19748,3832,CONTEXT_ONLY,CONTEXT_ONLY,False,0,кинь лучше пруфы
msg-19749,3831,CONTEXT_ONLY,CONTEXT_ONLY,False,0,чувак
msg-19751,3829,CONTEXT_ONLY,ATTACH_AS_CORROBORATING_EVIDENCE,False,0,/start
msg-19760,3824,CONTEXT_ONLY,CONTEXT_ONLY,False,0,утюг это ты?
msg-19761,3823,CONTEXT_ONLY,CONTEXT_ONLY,False,0,ку
msg-19763,3685,CONTEXT_ONLY,CONTEXT_ONLY,False,0,А оказывается вот оно чо
msg-19769,3761,CONTEXT_ONLY,CONTEXT_ONLY,False,0,пока как тварь
msg-19770,3760,CONTEXT_ONLY,CONTEXT_ONLY,False,0,Заливаешь в ВК?
msg-19774,3757,CONTEXT_ONLY,ATTACH_AS_CORROBORATING_EVIDENCE,False,0,"Благодарю, передаю коллегам."
msg-19775,3756,CONTEXT_ONLY,ATTACH_AS_CORROBORATING_EVIDENCE,False,0,вот
msg-19776,3755,NEEDS_ENRICHMENT,CONTEXT_ONLY,False,1,https://t.me/+5awBKRFVGDc2NDFk
msg-19777,3754,CONTEXT_ONLY,ATTACH_AS_CORROBORATING_EVIDENCE,False,0,спасибо
msg-19778,3753,NEEDS_ENRICHMENT,CONTEXT_ONLY,False,1,https://t.me/+5awBKRFVGDc2NDFk
msg-19779,3752,CONTEXT_ONLY,ATTACH_AS_CORROBORATING_EVIDENCE,False,0,да
msg-19780,3751,CONTEXT_ONLY,ATTACH_AS_CORROBORATING_EVIDENCE,False,0,ждули
msg-19781,3750,CONTEXT_ONLY,ATTACH_AS_CORROBORATING_EVIDENCE,False,0,ждули?
msg-19782,3749,CONTEXT_ONLY,ATTACH_AS_CORROBORATING_EVIDENCE,False,0,какой чат?
msg-19787,3744,CONTEXT_ONLY,ATTACH_AS_CORROBORATING_EVIDENCE,False,0,"видимо нет, хм"
msg-19790,3741,CONTEXT_ONLY,ATTACH_AS_CORROBORATING_EVIDENCE,False,0,где все обсуждалось
msg-19793,3681,CONTEXT_ONLY,CONTEXT_ONLY,False,0,Да уже увидел Спасибо
msg-19794,3680,CONTEXT_ONLY,CONTEXT_ONLY,False,0,у меня работает
msg-19795,3679,CONTEXT_ONLY,CONTEXT_ONLY,False,0,Или только у меня
msg-19797,3737,CONTEXT_ONLY,ATTACH_AS_CORROBORATING_EVIDENCE,False,0,\
msg-19799,3734,CONTEXT_ONLY,CONTEXT_ONLY,False,0,сейчас пришлю
msg-19810,3723,CONTEXT_ONLY,CONTEXT_ONLY,False,0,/start
msg-19811,3722,CONTEXT_ONLY,CONTEXT_ONLY,False,0,а ты еврей?
msg-19812,3721,CONTEXT_ONLY,CONTEXT_ONLY,False,0,по сути так
msg-19813,3720,CONTEXT_ONLY,CONTEXT_ONLY,False,0,ну да
msg-19816,3717,CONTEXT_ONLY,CONTEXT_ONLY,False,0,мб да
msg-19820,3713,CONTEXT_ONLY,CONTEXT_ONLY,False,0,Не ищи логику
msg-19821,3712,CONTEXT_ONLY,CONTEXT_ONLY,False,0,Это просто ересь и всё
msg-19822,3711,CONTEXT_ONLY,CONTEXT_ONLY,False,0,понятно
msg-19823,3710,CONTEXT_ONLY,CONTEXT_ONLY,False,0,а
msg-19825,3707,CONTEXT_ONLY,CONTEXT_ONLY,False,0,Как то так
msg-19826,3706,CONTEXT_ONLY,CONTEXT_ONLY,False,0,Или Эра раздора
msg-19830,3702,CONTEXT_ONLY,CONTEXT_ONLY,False,0,Люди кое как выиграли
msg-19831,3701,CONTEXT_ONLY,CONTEXT_ONLY,False,0,Начался пиздец
msg-19836,3693,CONTEXT_ONLY,CONTEXT_ONLY,False,0,бля
msg-19837,3692,CONTEXT_ONLY,CONTEXT_ONLY,False,0,Там человечество в пике бвло
msg-19838,3691,CONTEXT_ONLY,CONTEXT_ONLY,False,0,человечесвто потеряло могущество:
msg-19840,3689,CONTEXT_ONLY,CONTEXT_ONLY,False,0,бл
msg-19842,3648,CONTEXT_ONLY,CONTEXT_ONLY,False,0,Размером как кольца Сатурна
msg-19843,3647,CONTEXT_ONLY,CONTEXT_ONLY,False,0,Огромного робота червя
msg-19844,3646,CONTEXT_ONLY,CONTEXT_ONLY,False,0,это же пизда
msg-19846,3644,CONTEXT_ONLY,CONTEXT_ONLY,False,0,Представь
msg-19848,3642,CONTEXT_ONLY,CONTEXT_ONLY,False,0,ну человек 5-6
msg-19849,3641,CONTEXT_ONLY,CONTEXT_ONLY,False,0,на меня рейды приходят
msg-19851,3639,CONTEXT_ONLY,CONTEXT_ONLY,False,0,да правильно
msg-19853,3637,CONTEXT_ONLY,CONTEXT_ONLY,False,0,нафиг ии!
msg-19854,3636,CONTEXT_ONLY,CONTEXT_ONLY,False,0,ну норм тогда
msg-19855,3635,CONTEXT_ONLY,CONTEXT_ONLY,False,0,Жесточайшая
msg-19856,3634,CONTEXT_ONLY,CONTEXT_ONLY,False,0,вот так
msg-19857,3633,CONTEXT_ONLY,CONTEXT_ONLY,False,0,Ересь
msg-19858,3632,CONTEXT_ONLY,CONTEXT_ONLY,False,0,ааа
msg-19861,3629,CONTEXT_ONLY,CONTEXT_ONLY,False,0,в вархе
msg-19862,3628,CONTEXT_ONLY,CONTEXT_ONLY,False,0,За что
msg-19863,3626,CONTEXT_ONLY,CONTEXT_ONLY,False,0,кроме ии
msg-19865,3624,CONTEXT_ONLY,CONTEXT_ONLY,False,0,ну с имплантами там пожосче будет
msg-19866,3623,CONTEXT_ONLY,CONTEXT_ONLY,False,0,бля
msg-19867,3622,CONTEXT_ONLY,CONTEXT_ONLY,False,0,ХАХАХХХАХАА
msg-19868,3677,CONTEXT_ONLY,CONTEXT_ONLY,False,0,потом могут начаться
msg-19869,3676,CONTEXT_ONLY,CONTEXT_ONLY,False,0,я на будущее
msg-19870,3675,CONTEXT_ONLY,CONTEXT_ONLY,False,0,у меня все работает
msg-19872,3673,CONTEXT_ONLY,CONTEXT_ONLY,False,0,У OpenAI проблемы с Кодексом
msg-19875,3672,CONTEXT_ONLY,CONTEXT_ONLY,False,0,"Гляну вечером, как проснусь"
msg-19886,3762,CONTEXT_ONLY,CONTEXT_ONLY,False,0,Вайбкодим в поезде
msg-19889,3652,CONTEXT_ONLY,CONTEXT_ONLY,False,0,Не меньше 5
msg-19896,3651,CONTEXT_ONLY,CONTEXT_ONLY,False,0,это в Германии так?
msg-19900,3275,CONTEXT_ONLY,ATTACH_AS_CORROBORATING_EVIDENCE,False,0,заходи опять
msg-19908,3267,CONTEXT_ONLY,ATTACH_AS_CORROBORATING_EVIDENCE,False,0,линк
msg-19909,3266,NEEDS_ENRICHMENT,CONTEXT_ONLY,False,1,https://t.me/+33Am3wyRN7cxOTg5
msg-19910,3265,CONTEXT_ONLY,ATTACH_AS_CORROBORATING_EVIDENCE,False,0,нет
msg-19911,3264,CONTEXT_ONLY,ATTACH_AS_CORROBORATING_EVIDENCE,False,0,кто искать сможет
msg-19913,3262,CONTEXT_ONLY,ATTACH_AS_CORROBORATING_EVIDENCE,False,0,вы ищите еще челов
msg-19921,3248,CONTEXT_ONLY,ATTACH_AS_CORROBORATING_EVIDENCE,False,0,"готово, давай, поехали"
msg-19922,3247,CONTEXT_ONLY,ATTACH_AS_CORROBORATING_EVIDENCE,False,0,соберу команду
msg-19923,3245,CONTEXT_ONLY,ATTACH_AS_CORROBORATING_EVIDENCE,False,0,зайди сюда
msg-19924,3244,NEEDS_ENRICHMENT,CONTEXT_ONLY,False,1,https://t.me/+33Am3wyRN7cxOTg5
msg-19929,3239,CONTEXT_ONLY,CONTEXT_ONLY,False,0,"понятно в общем, а жаль"
msg-19930,3238,CONTEXT_ONLY,CONTEXT_ONLY,False,0,⌛ Думаю
msg-19931,3237,CONTEXT_ONLY,CONTEXT_ONLY,False,0,Ипантий сынок
msg-19934,3233,CONTEXT_ONLY,CONTEXT_ONLY,False,0,просто пиши никите
msg-19935,3232,CONTEXT_ONLY,CONTEXT_ONLY,False,0,и тд
msg-19936,3231,CONTEXT_ONLY,CONTEXT_ONLY,False,0,и ты не папус
msg-19938,3229,CONTEXT_ONLY,CONTEXT_ONLY,False,0,читай в чате
msg-19939,3228,CONTEXT_ONLY,CONTEXT_ONLY,False,0,Что я делаю ключи
msg-19940,3227,CONTEXT_ONLY,CONTEXT_ONLY,False,0,я же писал
msg-19941,3226,CONTEXT_ONLY,CONTEXT_ONLY,False,0,а кого я скамил
msg-19943,3224,CONTEXT_ONLY,CONTEXT_ONLY,False,0,?
msg-19944,3223,CONTEXT_ONLY,CONTEXT_ONLY,False,0,что я не папус>
msg-19945,3222,CONTEXT_ONLY,CONTEXT_ONLY,False,0,что это не ты
msg-19946,3221,CONTEXT_ONLY,CONTEXT_ONLY,False,0,если ты ему докажешь
msg-19948,3219,CONTEXT_ONLY,CONTEXT_ONLY,False,0,причем он тут
msg-19950,3217,CONTEXT_ONLY,CONTEXT_ONLY,False,0,это созвониться с никитой условным
msg-19951,3216,CONTEXT_ONLY,CONTEXT_ONLY,False,0,все что ты можешь сделать
msg-19953,3214,CONTEXT_ONLY,CONTEXT_ONLY,False,0,ДАВАЙ ПОВЕРИМ ЧТО ТЕБЯ ПОДСТАВИЛИ
msg-19954,3213,CONTEXT_ONLY,CONTEXT_ONLY,False,0,смотри ситуацию
msg-19955,3212,CONTEXT_ONLY,CONTEXT_ONLY,False,0,так братан
msg-19957,3210,CONTEXT_ONLY,CONTEXT_ONLY,False,0,на меня наехали
msg-19958,3209,CONTEXT_ONLY,CONTEXT_ONLY,False,0,ну тут просто пизд...
msg-19959,3208,CONTEXT_ONLY,CONTEXT_ONLY,False,0,бро
msg-19960,3207,CONTEXT_ONLY,CONTEXT_ONLY,False,0,бля
msg-19961,3206,CONTEXT_ONLY,CONTEXT_ONLY,False,0,почему не хочешь?
msg-19962,3205,CONTEXT_ONLY,CONTEXT_ONLY,False,0,что думаешь то?
msg-19964,3203,CONTEXT_ONLY,CONTEXT_ONLY,False,0,и щас все еще можешь
msg-19967,3200,CONTEXT_ONLY,CONTEXT_ONLY,False,0,тут только один выход
msg-19969,3198,CONTEXT_ONLY,CONTEXT_ONLY,False,0,А зачем
msg-19970,3197,CONTEXT_ONLY,CONTEXT_ONLY,False,0,ты же все видишь
msg-19971,3196,CONTEXT_ONLY,CONTEXT_ONLY,False,0,с ребятами из чата
msg-19972,3195,CONTEXT_ONLY,CONTEXT_ONLY,False,0,с кем?
msg-19973,3194,CONTEXT_ONLY,CONTEXT_ONLY,False,0,ага
msg-19977,3190,CONTEXT_ONLY,CONTEXT_ONLY,False,0,они поймут
msg-19978,3189,CONTEXT_ONLY,CONTEXT_ONLY,False,0,никак не связано
msg-19981,3186,CONTEXT_ONLY,CONTEXT_ONLY,False,0,скорее всего да
msg-19983,3184,CONTEXT_ONLY,CONTEXT_ONLY,False,0,"о, есть телефон даже"
msg-19985,3182,CONTEXT_ONLY,CONTEXT_ONLY,False,0,вот заработал
msg-19986,3181,CONTEXT_ONLY,CONTEXT_ONLY,False,0,так так и было же изначально
msg-19987,3180,CONTEXT_ONLY,CONTEXT_ONLY,False,0,я не хочу
msg-19990,3177,CONTEXT_ONLY,CONTEXT_ONLY,False,0,/start
msg-19992,3175,CONTEXT_ONLY,CONTEXT_ONLY,False,0,утюг
msg-19993,3174,CONTEXT_ONLY,CONTEXT_ONLY,False,0,я да
msg-19994,3173,CONTEXT_ONLY,CONTEXT_ONLY,False,0,и выдам всем
msg-19995,3172,CONTEXT_ONLY,CONTEXT_ONLY,False,0,я создаю ключи
msg-19996,3171,CONTEXT_ONLY,CONTEXT_ONLY,False,0,"привет, ты утюг?"
msg-19997,3170,CONTEXT_ONLY,CONTEXT_ONLY,False,0,если ты покупал
msg-19998,3169,CONTEXT_ONLY,CONTEXT_ONLY,False,0,привет
msg-19999,3168,CONTEXT_ONLY,CONTEXT_ONLY,False,0,osël_vaflër_322
msg-20000,3167,CONTEXT_ONLY,CONTEXT_ONLY,False,0,йоу дура
